{
	"format_version": "1.8.0",
	"animations": {
		"animation.spookyboat.idle": {
			"loop": true,
			"bones": {
				"Rightpaddle": {
					"rotation": {
						"0.0": {
							"vector": [36.34367, 80.73724, 103.48476]
						}
					},
					"position": {
						"0.0": {
							"vector": [0, -1, -1]
						}
					},
					"scale": {
						"0.0": {
							"vector": [1, 1, 1]
						}
					}
				},
				"Leftpaddle": {
					"rotation": {
						"0.0": {
							"vector": [36.34367, -80.73724, -103.48476]
						}
					},
					"position": {
						"0.0": {
							"vector": [0, -1, -1]
						}
					},
					"scale": {
						"0.0": {
							"vector": [1, 1, 1]
						}
					}
				}
			}
		},
		"animation.spookyboat.paddle": {
			"animation_length": 1.9167,
			"bones": {
				"Rightpaddle": {
					"rotation": {
						"0.0": {
							"vector": [12.94822, 60.15863, 71.29527]
						},
						"0.4583": {
							"vector": [36.34367, 80.73724, 103.48476]
						},
						"0.9583": {
							"vector": [169.5512, 72.62206, 215.51347]
						},
						"1.4583": {
							"vector": [68.84367, 80.73724, 103.48476]
						},
						"1.9167": {
							"vector": [12.94822, 60.15863, 71.29527]
						}
					},
					"position": {
						"0.0": {
							"vector": [0, 0, 3]
						},
						"0.4583": {
							"vector": [0, -1, -1]
						},
						"0.9583": {
							"vector": [0, 1, -7]
						},
						"1.4583": {
							"vector": [0, 2, -1]
						},
						"1.9167": {
							"vector": [0, 0, 3]
						}
					},
					"scale": {
						"0.0": {
							"vector": [1, 1, 1]
						},
						"0.4583": {
							"vector": [1, 1, 1]
						},
						"0.9583": {
							"vector": [1, 1, 1]
						},
						"1.4583": {
							"vector": [1, 1, 1]
						},
						"1.9167": {
							"vector": [1, 1, 1]
						}
					}
				},
				"Leftpaddle": {
					"rotation": {
						"0.0": {
							"vector": [12.94822, -60.15863, -71.29527]
						},
						"0.4583": {
							"vector": [36.34367, -80.73724, -103.48476]
						},
						"0.9583": {
							"vector": [169.5512, -72.62206, -215.51347]
						},
						"1.4583": {
							"vector": [68.84367, -80.73724, -103.48476]
						},
						"1.9167": {
							"vector": [12.94822, -60.15863, -71.29527]
						}
					},
					"position": {
						"0.0": {
							"vector": [0, 0, 3]
						},
						"0.4583": {
							"vector": [0, -1, -1]
						},
						"0.9583": {
							"vector": [0, 1, -7]
						},
						"1.4583": {
							"vector": [0, 2, -1]
						},
						"1.9167": {
							"vector": [0, 0, 3]
						}
					},
					"scale": {
						"0.0": {
							"vector": [1, 1, 1]
						},
						"0.4583": {
							"vector": [1, 1, 1]
						},
						"0.9583": {
							"vector": [1, 1, 1]
						},
						"1.4583": {
							"vector": [1, 1, 1]
						},
						"1.9167": {
							"vector": [1, 1, 1]
						}
					}
				}
			}
		}
	},
	"geckolib_format_version": 2
}