[04Apr2025 10:47:21.891] [main/INFO] [cpw.mods.modlauncher.Launcher/MODLAUNCHER]: ModLauncher running: args [--launchTarget, forgeclientuserdev, --version, MOD_DEV, --assetIndex, 5, --assetsDir, C:\Users\msi\.mcreator\gradle\caches\forge_gradle\assets, --gameDir, ., --fml.forgeVersion, 47.3.0, --fml.mcVersion, 1.20.1, --fml.forgeGroup, net.minecraftforge, --fml.mcpVersion, 20230612.114412]
[04Apr2025 10:47:21.902] [main/INFO] [cpw.mods.modlauncher.Launcher/MODLAUNCHER]: ModLauncher 10.0.9+10.0.9+main.dcd20f30 starting: java version 17.0.12 by Eclipse Adoptium; OS Windows 10 arch amd64 version 10.0
[04Apr2025 10:47:22.057] [main/INFO] [net.minecraftforge.fml.loading.ImmediateWindowHandler/]: Loading ImmediateWindowProvider fmlearlywindow
[04Apr2025 10:47:22.206] [main/INFO] [EARLYDISPLAY/]: Trying GL version 4.6
[04Apr2025 10:47:22.284] [main/INFO] [EARLYDISPLAY/]: Requested GL version 4.6 got version 4.6
[04Apr2025 10:47:22.434] [main/INFO] [mixin/]: SpongePowered MIXIN Subsystem Version=0.8.5 Source=union:/C:/Users/msi/.mcreator/gradle/caches/modules-2/files-2.1/org.spongepowered/mixin/0.8.5/9d1c0c3a304ae6697ecd477218fa61b850bf57fc/mixin-0.8.5.jar%23128!/ Service=ModLauncher Env=CLIENT
[04Apr2025 10:47:22.509] [pool-2-thread-1/INFO] [EARLYDISPLAY/]: GL info: AMD Radeon RX 5700 GL version 4.6.0 Core Profile Context 24.5.1.240502, ATI Technologies Inc.
[04Apr2025 10:47:22.702] [main/WARN] [net.minecraftforge.fml.loading.moddiscovery.ModFileParser/LOADING]: Mod file C:\Users\msi\.mcreator\gradle\caches\modules-2\files-2.1\net.minecraftforge\javafmllanguage\1.20.1-47.3.0\d7ebc62120f202109e300e084ca1a31a7b946a62\javafmllanguage-1.20.1-47.3.0.jar is missing mods.toml file
[04Apr2025 10:47:22.705] [main/WARN] [net.minecraftforge.fml.loading.moddiscovery.ModFileParser/LOADING]: Mod file C:\Users\msi\.mcreator\gradle\caches\modules-2\files-2.1\net.minecraftforge\lowcodelanguage\1.20.1-47.3.0\1bf3e845ea0ce750096da8c71c8364b188ab74d4\lowcodelanguage-1.20.1-47.3.0.jar is missing mods.toml file
[04Apr2025 10:47:22.708] [main/WARN] [net.minecraftforge.fml.loading.moddiscovery.ModFileParser/LOADING]: Mod file C:\Users\msi\.mcreator\gradle\caches\modules-2\files-2.1\net.minecraftforge\mclanguage\1.20.1-47.3.0\6093682e943ddccbabf70539319d7f2fe64db2e7\mclanguage-1.20.1-47.3.0.jar is missing mods.toml file
[04Apr2025 10:47:22.712] [main/WARN] [net.minecraftforge.fml.loading.moddiscovery.ModFileParser/LOADING]: Mod file C:\Users\msi\.mcreator\gradle\caches\modules-2\files-2.1\net.minecraftforge\fmlcore\1.20.1-47.3.0\3b6be96aba3e323f3c918e8ef6a96312d82d76ad\fmlcore-1.20.1-47.3.0.jar is missing mods.toml file
[04Apr2025 10:47:22.827] [main/INFO] [net.minecraftforge.fml.loading.moddiscovery.JarInJarDependencyLocator/]: Found 1 dependencies adding them to mods collection
[04Apr2025 10:47:23.875] [main/INFO] [mixin/]: Compatibility level set to JAVA_17
[04Apr2025 10:47:23.877] [main/INFO] [cpw.mods.modlauncher.LaunchServiceHandler/MODLAUNCHER]: Launching target 'forgeclientuserdev' with arguments [--version, MOD_DEV, --gameDir, ., --assetsDir, C:\Users\msi\.mcreator\gradle\caches\forge_gradle\assets, --assetIndex, 5]
[04Apr2025 10:47:26.023] [main/INFO] [mixin/]: Remapping refMap geckolib.refmap.json using D:\132917\Atrox\MCreatorWorkspaces\Atrox/build/createSrgToMcp/output.srg
[04Apr2025 10:47:29.172] [Datafixer Bootstrap/INFO] [com.mojang.datafixers.DataFixerBuilder/]: 188 Datafixer optimizations took 102 milliseconds
[04Apr2025 10:47:30.597] [Render thread/WARN] [net.minecraft.server.packs.VanillaPackResourcesBuilder/]: Assets URL 'union:/C:/Users/msi/.mcreator/gradle/caches/forge_gradle/minecraft_user_repo/net/minecraftforge/forge/1.20.1-47.3.0_mapped_official_1.20.1/forge-1.20.1-47.3.0_mapped_official_1.20.1-recomp.jar%23191!/assets/.mcassetsroot' uses unexpected schema
[04Apr2025 10:47:30.597] [Render thread/WARN] [net.minecraft.server.packs.VanillaPackResourcesBuilder/]: Assets URL 'union:/C:/Users/msi/.mcreator/gradle/caches/forge_gradle/minecraft_user_repo/net/minecraftforge/forge/1.20.1-47.3.0_mapped_official_1.20.1/forge-1.20.1-47.3.0_mapped_official_1.20.1-recomp.jar%23191!/data/.mcassetsroot' uses unexpected schema
[04Apr2025 10:47:30.622] [Render thread/INFO] [com.mojang.authlib.yggdrasil.YggdrasilAuthenticationService/]: Environment: authHost='https://authserver.mojang.com', accountsHost='https://api.mojang.com', sessionHost='https://sessionserver.mojang.com', servicesHost='https://api.minecraftservices.com', name='PROD'
[04Apr2025 10:47:30.633] [Render thread/INFO] [net.minecraft.client.Minecraft/]: Setting user: Dev
[04Apr2025 10:47:30.722] [Render thread/INFO] [net.minecraft.client.Minecraft/]: Backend library: LWJGL version 3.3.1 build 7
[04Apr2025 10:47:30.915] [modloading-worker-0/INFO] [net.minecraftforge.common.ForgeMod/FORGEMOD]: Forge mod loading, version 47.3.0, for MC 1.20.1 with MCP 20230612.114412
[04Apr2025 10:47:30.918] [modloading-worker-0/INFO] [net.minecraftforge.common.MinecraftForge/FORGE]: MinecraftForge v47.3.0 Initialized
[04Apr2025 10:47:31.994] [Render thread/INFO] [net.minecraftforge.gametest.ForgeGameTestHooks/]: Enabled Gametest Namespaces: []
[04Apr2025 10:47:32.248] [Render thread/INFO] [net.minecraft.server.packs.resources.ReloadableResourceManager/]: Reloading ResourceManager: vanilla, mod_resources
[04Apr2025 10:47:32.452] [Forge Version Check/INFO] [net.minecraftforge.fml.VersionChecker/]: [forge] Starting version check at https://files.minecraftforge.net/net/minecraftforge/forge/promotions_slim.json
[04Apr2025 10:47:32.486] [Worker-Main-3/INFO] [net.minecraft.client.gui.font.providers.UnihexProvider/]: Found unifont_all_no_pua-15.0.06.hex, loading
[04Apr2025 10:47:32.766] [Worker-Main-1/WARN] [net.minecraft.client.renderer.texture.SpriteLoader/]: Texture atrox:block/powerleft with size 6x6 limits mip level from 2 to 1
[04Apr2025 10:47:32.766] [Worker-Main-1/WARN] [net.minecraft.client.renderer.texture.SpriteLoader/]: Texture atrox:item/spookyboatinvmodel with size 793x780 limits mip level from 1 to 0
[04Apr2025 10:47:32.972] [Forge Version Check/INFO] [net.minecraftforge.fml.VersionChecker/]: [forge] Found status: OUTDATED Current: 47.3.0 Target: 47.4.0
[04Apr2025 10:47:33.656] [Worker-Main-5/WARN] [net.minecraft.client.resources.model.ModelManager/]: Missing textures in model atrox:great_altar_phase_2#inventory:
    minecraft:textures/atlas/blocks.png:minecraft:item/stone
[04Apr2025 10:47:33.656] [Worker-Main-5/WARN] [net.minecraft.client.resources.model.ModelManager/]: Missing textures in model atrox:wizardrytable#:
    minecraft:textures/atlas/blocks.png:atrox:block/
[04Apr2025 10:47:33.656] [Worker-Main-5/WARN] [net.minecraft.client.resources.model.ModelManager/]: Missing textures in model atrox:great_altar#inventory:
    minecraft:textures/atlas/blocks.png:minecraft:item/stone
[04Apr2025 10:47:33.656] [Worker-Main-5/WARN] [net.minecraft.client.resources.model.ModelManager/]: Missing textures in model atrox:boos_small_fireball#inventory:
    minecraft:textures/atlas/blocks.png:atrox:item/boos_fireball
[04Apr2025 10:47:33.656] [Worker-Main-5/WARN] [net.minecraft.client.resources.model.ModelManager/]: Missing textures in model atrox:wizardrytable#inventory:
    minecraft:textures/atlas/blocks.png:atrox:block/
[04Apr2025 10:47:34.615] [Render thread/WARN] [net.minecraft.client.sounds.SoundEngine/]: Missing sound for event: minecraft:item.goat_horn.play
[04Apr2025 10:47:34.615] [Render thread/WARN] [net.minecraft.client.sounds.SoundEngine/]: Missing sound for event: minecraft:entity.goat.screaming.horn_break
[04Apr2025 10:47:34.700] [Render thread/INFO] [com.mojang.blaze3d.audio.Library/]: OpenAL initialized on device OpenAL Soft on Realtek Digital Output (Realtek(R) Audio)
[04Apr2025 10:47:34.701] [Render thread/INFO] [net.minecraft.client.sounds.SoundEngine/SOUNDS]: Sound engine started
[04Apr2025 10:47:34.782] [Render thread/INFO] [net.minecraft.client.renderer.texture.TextureAtlas/]: Created: 4096x2048x2 minecraft:textures/atlas/blocks.png-atlas
[04Apr2025 10:47:34.789] [Render thread/INFO] [net.minecraft.client.renderer.texture.TextureAtlas/]: Created: 256x256x2 minecraft:textures/atlas/signs.png-atlas
[04Apr2025 10:47:34.789] [Render thread/INFO] [net.minecraft.client.renderer.texture.TextureAtlas/]: Created: 512x512x2 minecraft:textures/atlas/shield_patterns.png-atlas
[04Apr2025 10:47:34.789] [Render thread/INFO] [net.minecraft.client.renderer.texture.TextureAtlas/]: Created: 512x512x2 minecraft:textures/atlas/banner_patterns.png-atlas
[04Apr2025 10:47:34.790] [Render thread/INFO] [net.minecraft.client.renderer.texture.TextureAtlas/]: Created: 1024x1024x2 minecraft:textures/atlas/armor_trims.png-atlas
[04Apr2025 10:47:34.800] [Render thread/INFO] [net.minecraft.client.renderer.texture.TextureAtlas/]: Created: 128x64x2 minecraft:textures/atlas/decorated_pot.png-atlas
[04Apr2025 10:47:34.800] [Render thread/INFO] [net.minecraft.client.renderer.texture.TextureAtlas/]: Created: 256x256x2 minecraft:textures/atlas/chest.png-atlas
[04Apr2025 10:47:34.801] [Render thread/INFO] [net.minecraft.client.renderer.texture.TextureAtlas/]: Created: 512x256x2 minecraft:textures/atlas/beds.png-atlas
[04Apr2025 10:47:34.802] [Render thread/INFO] [net.minecraft.client.renderer.texture.TextureAtlas/]: Created: 512x256x2 minecraft:textures/atlas/shulker_boxes.png-atlas
[04Apr2025 10:47:34.911] [Render thread/WARN] [net.minecraft.client.renderer.ShaderInstance/]: Shader rendertype_entity_translucent_emissive could not find sampler named Sampler2 in the specified shader program.
[04Apr2025 10:47:34.963] [Render thread/INFO] [net.minecraft.client.renderer.texture.TextureAtlas/]: Created: 256x256x0 minecraft:textures/atlas/particles.png-atlas
[04Apr2025 10:47:34.964] [Render thread/INFO] [net.minecraft.client.renderer.texture.TextureAtlas/]: Created: 256x256x0 minecraft:textures/atlas/paintings.png-atlas
[04Apr2025 10:47:34.965] [Render thread/INFO] [net.minecraft.client.renderer.texture.TextureAtlas/]: Created: 256x128x0 minecraft:textures/atlas/mob_effects.png-atlas
[04Apr2025 10:47:35.204] [Realms Notification Availability checker #1/INFO] [com.mojang.realmsclient.client.RealmsClient/]: Could not authorize you against Realms server: Invalid session id
[04Apr2025 10:47:41.318] [Worker-Main-15/ERROR] [net.minecraft.tags.TagLoader/]: Couldn't load tag curios:charm as it is missing following references: atrox:ghostbauble (from main)
[04Apr2025 10:47:41.738] [Render thread/INFO] [net.minecraft.world.item.crafting.RecipeManager/]: Loaded 7 recipes
[04Apr2025 10:47:41.763] [Render thread/ERROR] [net.minecraft.server.ServerAdvancementManager/]: Parsing error loading custom advancement atrox:ghostbaubleequipped: Expected item to be an item, was unknown string 'atrox:ghostbauble'
[04Apr2025 10:47:41.806] [Render thread/INFO] [net.minecraft.advancements.AdvancementList/]: Loaded 1278 advancements
[04Apr2025 10:48:37.259] [Server thread/INFO] [net.minecraft.client.server.IntegratedServer/]: Starting integrated minecraft server version 1.20.1
[04Apr2025 10:48:37.259] [Server thread/INFO] [net.minecraft.server.MinecraftServer/]: Generating keypair
[04Apr2025 10:48:37.302] [Server thread/WARN] [net.minecraftforge.common.ForgeConfigSpec/CORE]: Configuration file .\saves\New World (11)\serverconfig\forge-server.toml is not correct. Correcting
[04Apr2025 10:48:37.303] [Server thread/WARN] [net.minecraftforge.common.ForgeConfigSpec/CORE]: Incorrect key server was corrected from null to its default, SimpleCommentedConfig:{}. 
[04Apr2025 10:48:37.303] [Server thread/WARN] [net.minecraftforge.common.ForgeConfigSpec/CORE]: Incorrect key server.removeErroringBlockEntities was corrected from null to its default, false. 
[04Apr2025 10:48:37.304] [Server thread/WARN] [net.minecraftforge.common.ForgeConfigSpec/CORE]: Incorrect key server.removeErroringEntities was corrected from null to its default, false. 
[04Apr2025 10:48:37.304] [Server thread/WARN] [net.minecraftforge.common.ForgeConfigSpec/CORE]: Incorrect key server.fullBoundingBoxLadders was corrected from null to its default, false. 
[04Apr2025 10:48:37.304] [Server thread/WARN] [net.minecraftforge.common.ForgeConfigSpec/CORE]: Incorrect key server.zombieBaseSummonChance was corrected from null to its default, 0.1. 
[04Apr2025 10:48:37.304] [Server thread/WARN] [net.minecraftforge.common.ForgeConfigSpec/CORE]: Incorrect key server.zombieBabyChance was corrected from null to its default, 0.05. 
[04Apr2025 10:48:37.304] [Server thread/WARN] [net.minecraftforge.common.ForgeConfigSpec/CORE]: Incorrect key server.permissionHandler was corrected from null to its default, forge:default_handler. 
[04Apr2025 10:48:37.304] [Server thread/WARN] [net.minecraftforge.common.ForgeConfigSpec/CORE]: Incorrect key server.advertiseDedicatedServerToLan was corrected from null to its default, true. 
[04Apr2025 10:48:37.946] [Server thread/INFO] [net.minecraft.server.MinecraftServer/]: Preparing start region for dimension minecraft:overworld
[04Apr2025 10:48:38.475] [Render thread/INFO] [net.minecraft.server.level.progress.LoggerChunkProgressListener/]: Preparing spawn area: 0%
[04Apr2025 10:48:38.475] [Render thread/INFO] [net.minecraft.server.level.progress.LoggerChunkProgressListener/]: Preparing spawn area: 0%
[04Apr2025 10:48:38.966] [Render thread/INFO] [net.minecraft.server.level.progress.LoggerChunkProgressListener/]: Preparing spawn area: 15%
[04Apr2025 10:48:39.461] [Render thread/INFO] [net.minecraft.server.level.progress.LoggerChunkProgressListener/]: Preparing spawn area: 40%
[04Apr2025 10:48:39.971] [Render thread/INFO] [net.minecraft.server.level.progress.LoggerChunkProgressListener/]: Preparing spawn area: 94%
[04Apr2025 10:48:39.996] [Server thread/INFO] [net.minecraftforge.server.permission.PermissionAPI/]: Successfully initialized permission handler forge:default_handler
[04Apr2025 10:48:40.006] [Render thread/INFO] [net.minecraft.server.level.progress.LoggerChunkProgressListener/]: Time elapsed: 2052 ms
[04Apr2025 10:48:40.102] [Server thread/INFO] [net.minecraft.client.server.IntegratedServer/]: Changing view distance to 12, from 10
[04Apr2025 10:48:40.103] [Server thread/INFO] [net.minecraft.client.server.IntegratedServer/]: Changing simulation distance to 12, from 0
[04Apr2025 10:48:40.218] [Render thread/WARN] [io.netty.util.internal.SystemPropertyUtil/]: Unable to parse the boolean system property 'java.net.preferIPv6Addresses':system - using the default value: false
[04Apr2025 10:48:40.673] [Netty Local Client IO #0/INFO] [net.minecraftforge.network.NetworkHooks/]: Connected to a modded server.
[04Apr2025 10:48:40.716] [Server thread/INFO] [net.minecraft.server.players.PlayerList/]: Dev[local:E:01d89857] logged in with entity id 27 at (3.5, -42.0, 9.5)
[04Apr2025 10:48:40.787] [Server thread/INFO] [net.minecraft.server.MinecraftServer/]: Dev joined the game
[04Apr2025 10:48:41.108] [Render thread/INFO] [net.minecraft.advancements.AdvancementList/]: Loaded 3 advancements
[04Apr2025 10:48:54.315] [Server thread/INFO] [net.minecraft.server.MinecraftServer/]: Dev has made the advancement [Ice Bucket Challenge]
[04Apr2025 10:48:54.320] [Render thread/INFO] [net.minecraft.client.gui.components.ChatComponent/]: [System] [CHAT] Dev has made the advancement [Ice Bucket Challenge]
[04Apr2025 10:48:54.352] [Render thread/INFO] [net.minecraft.advancements.AdvancementList/]: Loaded 14 advancements
[04Apr2025 10:49:58.854] [Server thread/INFO] [net.minecraft.server.MinecraftServer/]: [Dev: Generated structure "atrox:wizardshut" at -13, -40, 2]
[04Apr2025 10:49:58.900] [Render thread/INFO] [net.minecraft.client.gui.components.ChatComponent/]: [System] [CHAT] Generated structure "atrox:wizardshut" at -13, -40, 2
[04Apr2025 10:50:07.997] [Server thread/INFO] [net.minecraft.client.server.IntegratedServer/]: Saving and pausing game...
[04Apr2025 10:50:08.007] [Server thread/INFO] [net.minecraft.server.MinecraftServer/]: Saving chunks for level 'ServerLevel[New World]'/minecraft:overworld
[04Apr2025 10:50:08.016] [Server thread/INFO] [net.minecraft.server.MinecraftServer/]: Saving chunks for level 'ServerLevel[New World]'/minecraft:the_end
[04Apr2025 10:50:08.017] [Server thread/INFO] [net.minecraft.server.MinecraftServer/]: Saving chunks for level 'ServerLevel[New World]'/minecraft:the_nether
[04Apr2025 10:50:08.018] [Server thread/INFO] [net.minecraft.server.MinecraftServer/]: Saving chunks for level 'ServerLevel[New World]'/atrox:spookydimension
[04Apr2025 10:52:50.734] [Server thread/INFO] [net.minecraft.server.MinecraftServer/]: [Dev: Gave 1 [Command Block] to Dev]
[04Apr2025 10:52:50.735] [Render thread/INFO] [net.minecraft.client.gui.components.ChatComponent/]: [System] [CHAT] Gave 1 [Command Block] to Dev
[04Apr2025 10:52:54.743] [Server thread/INFO] [net.minecraft.client.server.IntegratedServer/]: Saving and pausing game...
[04Apr2025 10:52:54.753] [Server thread/INFO] [net.minecraft.server.MinecraftServer/]: Saving chunks for level 'ServerLevel[New World]'/minecraft:overworld
[04Apr2025 10:52:54.758] [Server thread/INFO] [net.minecraft.server.MinecraftServer/]: Saving chunks for level 'ServerLevel[New World]'/minecraft:the_end
[04Apr2025 10:52:54.759] [Server thread/INFO] [net.minecraft.server.MinecraftServer/]: Saving chunks for level 'ServerLevel[New World]'/minecraft:the_nether
[04Apr2025 10:52:54.759] [Server thread/INFO] [net.minecraft.server.MinecraftServer/]: Saving chunks for level 'ServerLevel[New World]'/atrox:spookydimension
[04Apr2025 10:53:17.131] [Render thread/INFO] [net.minecraft.client.gui.components.ChatComponent/]: [System] [CHAT] Command set: kill @e[type=slime]
[04Apr2025 10:53:18.993] [Server thread/INFO] [net.minecraft.client.server.IntegratedServer/]: Saving and pausing game...
[04Apr2025 10:53:19.003] [Server thread/INFO] [net.minecraft.server.MinecraftServer/]: Saving chunks for level 'ServerLevel[New World]'/minecraft:overworld
[04Apr2025 10:53:19.007] [Server thread/INFO] [net.minecraft.server.MinecraftServer/]: Saving chunks for level 'ServerLevel[New World]'/minecraft:the_end
[04Apr2025 10:53:19.007] [Server thread/INFO] [net.minecraft.server.MinecraftServer/]: Saving chunks for level 'ServerLevel[New World]'/minecraft:the_nether
[04Apr2025 10:53:19.008] [Server thread/INFO] [net.minecraft.server.MinecraftServer/]: Saving chunks for level 'ServerLevel[New World]'/atrox:spookydimension
[04Apr2025 10:53:19.995] [Render thread/INFO] [net.minecraft.client.gui.components.ChatComponent/]: [System] [CHAT] Command set: kill @e[type=slime]
[04Apr2025 10:53:20.045] [Server thread/INFO] [net.mcreator.atrox.AtroxMod/]: BOOSSECONDPHASE
[04Apr2025 10:53:20.046] [Server thread/INFO] [net.mcreator.atrox.AtroxMod/]: BOOSSECONDPHASE
[04Apr2025 10:53:20.046] [Render thread/INFO] [net.mcreator.atrox.AtroxMod/]: BOOSSECONDPHASE
[04Apr2025 10:53:20.046] [Server thread/INFO] [net.mcreator.atrox.AtroxMod/]: BOOSSECONDPHASE
[04Apr2025 10:53:20.046] [Server thread/INFO] [net.mcreator.atrox.AtroxMod/]: BOOSSECONDPHASE
[04Apr2025 10:53:20.047] [Server thread/INFO] [net.mcreator.atrox.AtroxMod/]: BOOSSECONDPHASE
[04Apr2025 10:53:20.047] [Render thread/INFO] [net.mcreator.atrox.AtroxMod/]: BOOSSECONDPHASE
[04Apr2025 10:53:20.047] [Server thread/INFO] [net.mcreator.atrox.AtroxMod/]: BOOSSECONDPHASE
[04Apr2025 10:53:20.047] [Render thread/INFO] [net.mcreator.atrox.AtroxMod/]: BOOSSECONDPHASE
[04Apr2025 10:53:20.047] [Server thread/INFO] [net.mcreator.atrox.AtroxMod/]: BOOSSECONDPHASE
[04Apr2025 10:53:20.047] [Render thread/INFO] [net.mcreator.atrox.AtroxMod/]: BOOSSECONDPHASE
[04Apr2025 10:53:20.047] [Render thread/INFO] [net.mcreator.atrox.AtroxMod/]: BOOSSECONDPHASE
[04Apr2025 10:53:20.047] [Render thread/INFO] [net.mcreator.atrox.AtroxMod/]: BOOSSECONDPHASE
[04Apr2025 10:53:20.047] [Server thread/INFO] [net.mcreator.atrox.AtroxMod/]: BOOSSECONDPHASE
[04Apr2025 10:53:20.047] [Render thread/INFO] [net.mcreator.atrox.AtroxMod/]: BOOSSECONDPHASE
[04Apr2025 10:53:20.047] [Server thread/INFO] [net.mcreator.atrox.AtroxMod/]: BOOSSECONDPHASE
[04Apr2025 10:53:20.047] [Server thread/INFO] [net.mcreator.atrox.AtroxMod/]: BOOSSECONDPHASE
[04Apr2025 10:53:20.048] [Server thread/INFO] [net.mcreator.atrox.AtroxMod/]: BOOSSECONDPHASE
[04Apr2025 10:53:20.048] [Render thread/INFO] [net.mcreator.atrox.AtroxMod/]: BOOSSECONDPHASE
[04Apr2025 10:53:20.048] [Server thread/INFO] [net.mcreator.atrox.AtroxMod/]: BOOSSECONDPHASE
[04Apr2025 10:53:20.048] [Render thread/INFO] [net.mcreator.atrox.AtroxMod/]: BOOSSECONDPHASE
[04Apr2025 10:53:20.048] [Render thread/INFO] [net.mcreator.atrox.AtroxMod/]: BOOSSECONDPHASE
[04Apr2025 10:53:20.048] [Server thread/INFO] [net.mcreator.atrox.AtroxMod/]: BOOSSECONDPHASE
[04Apr2025 10:53:20.048] [Render thread/INFO] [net.mcreator.atrox.AtroxMod/]: BOOSSECONDPHASE
[04Apr2025 10:53:20.048] [Render thread/INFO] [net.mcreator.atrox.AtroxMod/]: BOOSSECONDPHASE
[04Apr2025 10:53:20.048] [Server thread/INFO] [net.mcreator.atrox.AtroxMod/]: BOOSSECONDPHASE
[04Apr2025 10:53:20.048] [Render thread/INFO] [net.mcreator.atrox.AtroxMod/]: BOOSSECONDPHASE
[04Apr2025 10:53:20.048] [Server thread/INFO] [net.mcreator.atrox.AtroxMod/]: BOOSSECONDPHASE
[04Apr2025 10:53:20.048] [Server thread/INFO] [net.mcreator.atrox.AtroxMod/]: BOOSSECONDPHASE
[04Apr2025 10:53:20.048] [Server thread/INFO] [net.mcreator.atrox.AtroxMod/]: BOOSSECONDPHASE
[04Apr2025 10:53:20.049] [Server thread/INFO] [net.mcreator.atrox.AtroxMod/]: BOOSSECONDPHASE
[04Apr2025 10:53:20.049] [Server thread/INFO] [net.mcreator.atrox.AtroxMod/]: BOOSSECONDPHASE
[04Apr2025 10:53:20.049] [Render thread/INFO] [net.mcreator.atrox.AtroxMod/]: BOOSSECONDPHASE
[04Apr2025 10:53:20.049] [Server thread/INFO] [net.mcreator.atrox.AtroxMod/]: BOOSSECONDPHASE
[04Apr2025 10:53:20.049] [Render thread/INFO] [net.mcreator.atrox.AtroxMod/]: BOOSSECONDPHASE
[04Apr2025 10:53:20.049] [Render thread/INFO] [net.mcreator.atrox.AtroxMod/]: BOOSSECONDPHASE
[04Apr2025 10:53:20.049] [Server thread/INFO] [net.mcreator.atrox.AtroxMod/]: BOOSSECONDPHASE
[04Apr2025 10:53:20.049] [Render thread/INFO] [net.mcreator.atrox.AtroxMod/]: BOOSSECONDPHASE
[04Apr2025 10:53:20.049] [Render thread/INFO] [net.mcreator.atrox.AtroxMod/]: BOOSSECONDPHASE
[04Apr2025 10:53:20.049] [Server thread/INFO] [net.mcreator.atrox.AtroxMod/]: BOOSSECONDPHASE
[04Apr2025 10:53:20.049] [Render thread/INFO] [net.mcreator.atrox.AtroxMod/]: BOOSSECONDPHASE
[04Apr2025 10:53:20.049] [Render thread/INFO] [net.mcreator.atrox.AtroxMod/]: BOOSSECONDPHASE
[04Apr2025 10:53:20.049] [Render thread/INFO] [net.mcreator.atrox.AtroxMod/]: BOOSSECONDPHASE
[04Apr2025 10:53:20.049] [Server thread/INFO] [net.mcreator.atrox.AtroxMod/]: BOOSSECONDPHASE
[04Apr2025 10:53:20.049] [Render thread/INFO] [net.mcreator.atrox.AtroxMod/]: BOOSSECONDPHASE
[04Apr2025 10:53:20.050] [Server thread/INFO] [net.mcreator.atrox.AtroxMod/]: BOOSSECONDPHASE
[04Apr2025 10:53:20.050] [Render thread/INFO] [net.mcreator.atrox.AtroxMod/]: BOOSSECONDPHASE
[04Apr2025 10:53:20.050] [Server thread/INFO] [net.mcreator.atrox.AtroxMod/]: BOOSSECONDPHASE
[04Apr2025 10:53:20.050] [Render thread/INFO] [net.mcreator.atrox.AtroxMod/]: BOOSSECONDPHASE
[04Apr2025 10:53:20.050] [Server thread/INFO] [net.mcreator.atrox.AtroxMod/]: BOOSSECONDPHASE
[04Apr2025 10:53:20.050] [Server thread/INFO] [net.mcreator.atrox.AtroxMod/]: BOOSSECONDPHASE
[04Apr2025 10:53:20.050] [Server thread/INFO] [net.mcreator.atrox.AtroxMod/]: BOOSSECONDPHASE
[04Apr2025 10:53:20.050] [Server thread/INFO] [net.mcreator.atrox.AtroxMod/]: BOOSSECONDPHASE
[04Apr2025 10:53:20.050] [Server thread/INFO] [net.mcreator.atrox.AtroxMod/]: BOOSSECONDPHASE
[04Apr2025 10:53:20.050] [Render thread/INFO] [net.mcreator.atrox.AtroxMod/]: BOOSSECONDPHASE
[04Apr2025 10:53:20.050] [Server thread/INFO] [net.mcreator.atrox.AtroxMod/]: BOOSSECONDPHASE
[04Apr2025 10:53:20.050] [Render thread/INFO] [net.mcreator.atrox.AtroxMod/]: BOOSSECONDPHASE
[04Apr2025 10:53:20.051] [Render thread/INFO] [net.mcreator.atrox.AtroxMod/]: BOOSSECONDPHASE
[04Apr2025 10:53:20.051] [Server thread/INFO] [net.mcreator.atrox.AtroxMod/]: BOOSSECONDPHASE
[04Apr2025 10:53:20.051] [Render thread/INFO] [net.mcreator.atrox.AtroxMod/]: BOOSSECONDPHASE
[04Apr2025 10:53:20.051] [Render thread/INFO] [net.mcreator.atrox.AtroxMod/]: BOOSSECONDPHASE
[04Apr2025 10:53:20.051] [Server thread/INFO] [net.mcreator.atrox.AtroxMod/]: BOOSSECONDPHASE
[04Apr2025 10:53:20.051] [Render thread/INFO] [net.mcreator.atrox.AtroxMod/]: BOOSSECONDPHASE
[04Apr2025 10:53:20.051] [Render thread/INFO] [net.mcreator.atrox.AtroxMod/]: BOOSSECONDPHASE
[04Apr2025 10:53:20.051] [Server thread/INFO] [net.mcreator.atrox.AtroxMod/]: BOOSSECONDPHASE
[04Apr2025 10:53:20.051] [Render thread/INFO] [net.mcreator.atrox.AtroxMod/]: BOOSSECONDPHASE
[04Apr2025 10:53:20.051] [Render thread/INFO] [net.mcreator.atrox.AtroxMod/]: BOOSSECONDPHASE
[04Apr2025 10:53:20.051] [Server thread/INFO] [net.mcreator.atrox.AtroxMod/]: BOOSSECONDPHASE
[04Apr2025 10:53:20.051] [Render thread/INFO] [net.mcreator.atrox.AtroxMod/]: BOOSSECONDPHASE
[04Apr2025 10:53:20.051] [Server thread/INFO] [net.mcreator.atrox.AtroxMod/]: BOOSSECONDPHASE
[04Apr2025 10:53:20.051] [Render thread/INFO] [net.mcreator.atrox.AtroxMod/]: BOOSSECONDPHASE
[04Apr2025 10:53:20.051] [Server thread/INFO] [net.mcreator.atrox.AtroxMod/]: BOOSSECONDPHASE
[04Apr2025 10:53:20.051] [Server thread/INFO] [net.mcreator.atrox.AtroxMod/]: BOOSSECONDPHASE
[04Apr2025 10:53:20.052] [Server thread/INFO] [net.mcreator.atrox.AtroxMod/]: BOOSSECONDPHASE
[04Apr2025 10:53:20.052] [Server thread/INFO] [net.mcreator.atrox.AtroxMod/]: BOOSSECONDPHASE
[04Apr2025 10:53:20.052] [Server thread/INFO] [net.mcreator.atrox.AtroxMod/]: BOOSSECONDPHASE
[04Apr2025 10:53:20.052] [Server thread/INFO] [net.mcreator.atrox.AtroxMod/]: BOOSSECONDPHASE
[04Apr2025 10:53:20.052] [Server thread/INFO] [net.mcreator.atrox.AtroxMod/]: BOOSSECONDPHASE
[04Apr2025 10:53:20.052] [Server thread/INFO] [net.mcreator.atrox.AtroxMod/]: BOOSSECONDPHASE
[04Apr2025 10:53:20.052] [Render thread/INFO] [net.mcreator.atrox.AtroxMod/]: BOOSSECONDPHASE
[04Apr2025 10:53:20.052] [Server thread/INFO] [net.mcreator.atrox.AtroxMod/]: BOOSSECONDPHASE
[04Apr2025 10:53:20.052] [Render thread/INFO] [net.mcreator.atrox.AtroxMod/]: BOOSSECONDPHASE
[04Apr2025 10:53:20.052] [Render thread/INFO] [net.mcreator.atrox.AtroxMod/]: BOOSSECONDPHASE
[04Apr2025 10:53:20.052] [Server thread/INFO] [net.mcreator.atrox.AtroxMod/]: BOOSSECONDPHASE
[04Apr2025 10:53:20.053] [Render thread/INFO] [net.mcreator.atrox.AtroxMod/]: BOOSSECONDPHASE
[04Apr2025 10:53:20.053] [Server thread/INFO] [net.mcreator.atrox.AtroxMod/]: BOOSSECONDPHASE
[04Apr2025 10:53:20.053] [Render thread/INFO] [net.mcreator.atrox.AtroxMod/]: BOOSSECONDPHASE
[04Apr2025 10:53:20.053] [Render thread/INFO] [net.mcreator.atrox.AtroxMod/]: BOOSSECONDPHASE
[04Apr2025 10:53:20.053] [Render thread/INFO] [net.mcreator.atrox.AtroxMod/]: BOOSSECONDPHASE
[04Apr2025 10:53:20.053] [Render thread/INFO] [net.mcreator.atrox.AtroxMod/]: BOOSSECONDPHASE
[04Apr2025 10:53:20.053] [Server thread/INFO] [net.mcreator.atrox.AtroxMod/]: BOOSSECONDPHASE
[04Apr2025 10:53:20.053] [Render thread/INFO] [net.mcreator.atrox.AtroxMod/]: BOOSSECONDPHASE
[04Apr2025 10:53:20.053] [Render thread/INFO] [net.mcreator.atrox.AtroxMod/]: BOOSSECONDPHASE
[04Apr2025 10:53:20.053] [Server thread/INFO] [net.mcreator.atrox.AtroxMod/]: BOOSSECONDPHASE
[04Apr2025 10:53:20.053] [Render thread/INFO] [net.mcreator.atrox.AtroxMod/]: BOOSSECONDPHASE
[04Apr2025 10:53:20.053] [Render thread/INFO] [net.mcreator.atrox.AtroxMod/]: BOOSSECONDPHASE
[04Apr2025 10:53:20.053] [Render thread/INFO] [net.mcreator.atrox.AtroxMod/]: BOOSSECONDPHASE
[04Apr2025 10:53:20.053] [Server thread/INFO] [net.mcreator.atrox.AtroxMod/]: BOOSSECONDPHASE
[04Apr2025 10:53:20.053] [Render thread/INFO] [net.mcreator.atrox.AtroxMod/]: BOOSSECONDPHASE
[04Apr2025 10:53:20.053] [Server thread/INFO] [net.mcreator.atrox.AtroxMod/]: BOOSSECONDPHASE
[04Apr2025 10:53:20.053] [Server thread/INFO] [net.mcreator.atrox.AtroxMod/]: BOOSSECONDPHASE
[04Apr2025 10:53:20.054] [Server thread/INFO] [net.mcreator.atrox.AtroxMod/]: BOOSSECONDPHASE
[04Apr2025 10:53:20.054] [Server thread/INFO] [net.mcreator.atrox.AtroxMod/]: BOOSSECONDPHASE
[04Apr2025 10:53:20.054] [Server thread/INFO] [net.mcreator.atrox.AtroxMod/]: BOOSSECONDPHASE
[04Apr2025 10:53:20.054] [Render thread/INFO] [net.mcreator.atrox.AtroxMod/]: BOOSSECONDPHASE
[04Apr2025 10:53:20.054] [Server thread/INFO] [net.mcreator.atrox.AtroxMod/]: BOOSSECONDPHASE
[04Apr2025 10:53:20.054] [Render thread/INFO] [net.mcreator.atrox.AtroxMod/]: BOOSSECONDPHASE
[04Apr2025 10:53:20.054] [Render thread/INFO] [net.mcreator.atrox.AtroxMod/]: BOOSSECONDPHASE
[04Apr2025 10:53:20.054] [Server thread/INFO] [net.mcreator.atrox.AtroxMod/]: BOOSSECONDPHASE
[04Apr2025 10:53:20.054] [Render thread/INFO] [net.mcreator.atrox.AtroxMod/]: BOOSSECONDPHASE
[04Apr2025 10:53:20.054] [Server thread/INFO] [net.mcreator.atrox.AtroxMod/]: BOOSSECONDPHASE
[04Apr2025 10:53:20.055] [Render thread/INFO] [net.mcreator.atrox.AtroxMod/]: BOOSSECONDPHASE
[04Apr2025 10:53:20.055] [Render thread/INFO] [net.mcreator.atrox.AtroxMod/]: BOOSSECONDPHASE
[04Apr2025 10:53:20.055] [Server thread/INFO] [net.mcreator.atrox.AtroxMod/]: BOOSSECONDPHASE
[04Apr2025 10:53:20.055] [Render thread/INFO] [net.mcreator.atrox.AtroxMod/]: BOOSSECONDPHASE
[04Apr2025 10:53:20.055] [Render thread/INFO] [net.mcreator.atrox.AtroxMod/]: BOOSSECONDPHASE
[04Apr2025 10:53:20.055] [Render thread/INFO] [net.mcreator.atrox.AtroxMod/]: BOOSSECONDPHASE
[04Apr2025 10:53:20.055] [Server thread/INFO] [net.mcreator.atrox.AtroxMod/]: BOOSSECONDPHASE
[04Apr2025 10:53:20.055] [Render thread/INFO] [net.mcreator.atrox.AtroxMod/]: BOOSSECONDPHASE
[04Apr2025 10:53:20.055] [Server thread/INFO] [net.mcreator.atrox.AtroxMod/]: BOOSSECONDPHASE
[04Apr2025 10:53:20.055] [Server thread/INFO] [net.mcreator.atrox.AtroxMod/]: BOOSSECONDPHASE
[04Apr2025 10:53:20.055] [Server thread/INFO] [net.mcreator.atrox.AtroxMod/]: BOOSSECONDPHASE
[04Apr2025 10:53:20.056] [Server thread/INFO] [net.mcreator.atrox.AtroxMod/]: BOOSSECONDPHASE
[04Apr2025 10:53:20.056] [Server thread/INFO] [net.mcreator.atrox.AtroxMod/]: BOOSSECONDPHASE
[04Apr2025 10:53:20.056] [Server thread/INFO] [net.mcreator.atrox.AtroxMod/]: BOOSSECONDPHASE
[04Apr2025 10:53:20.056] [Server thread/INFO] [net.mcreator.atrox.AtroxMod/]: BOOSSECONDPHASE
[04Apr2025 10:53:20.056] [Render thread/INFO] [net.mcreator.atrox.AtroxMod/]: BOOSSECONDPHASE
[04Apr2025 10:53:20.056] [Server thread/INFO] [net.mcreator.atrox.AtroxMod/]: BOOSSECONDPHASE
[04Apr2025 10:53:20.056] [Render thread/INFO] [net.mcreator.atrox.AtroxMod/]: BOOSSECONDPHASE
[04Apr2025 10:53:20.056] [Render thread/INFO] [net.mcreator.atrox.AtroxMod/]: BOOSSECONDPHASE
[04Apr2025 10:53:20.056] [Server thread/INFO] [net.mcreator.atrox.AtroxMod/]: BOOSSECONDPHASE
[04Apr2025 10:53:20.056] [Render thread/INFO] [net.mcreator.atrox.AtroxMod/]: BOOSSECONDPHASE
[04Apr2025 10:53:20.056] [Server thread/INFO] [net.mcreator.atrox.AtroxMod/]: BOOSSECONDPHASE
[04Apr2025 10:53:20.056] [Render thread/INFO] [net.mcreator.atrox.AtroxMod/]: BOOSSECONDPHASE
[04Apr2025 10:53:20.056] [Render thread/INFO] [net.mcreator.atrox.AtroxMod/]: BOOSSECONDPHASE
[04Apr2025 10:53:20.056] [Render thread/INFO] [net.mcreator.atrox.AtroxMod/]: BOOSSECONDPHASE
[04Apr2025 10:53:20.057] [Render thread/INFO] [net.mcreator.atrox.AtroxMod/]: BOOSSECONDPHASE
[04Apr2025 10:53:20.057] [Render thread/INFO] [net.mcreator.atrox.AtroxMod/]: BOOSSECONDPHASE
[04Apr2025 10:53:20.057] [Render thread/INFO] [net.mcreator.atrox.AtroxMod/]: BOOSSECONDPHASE
[04Apr2025 10:53:20.057] [Render thread/INFO] [net.mcreator.atrox.AtroxMod/]: BOOSSECONDPHASE
[04Apr2025 10:53:20.057] [Server thread/INFO] [net.minecraft.server.MinecraftServer/]: [@: Killed 70 entities]
[04Apr2025 10:53:20.057] [Render thread/INFO] [net.minecraft.client.gui.components.ChatComponent/]: [System] [CHAT] [@: Killed 70 entities]
[04Apr2025 10:53:20.943] [Server thread/INFO] [net.mcreator.atrox.AtroxMod/]: BOOSSECONDPHASE
[04Apr2025 10:53:20.943] [Server thread/INFO] [net.mcreator.atrox.AtroxMod/]: BOOSSECONDPHASE
[04Apr2025 10:53:20.943] [Render thread/INFO] [net.mcreator.atrox.AtroxMod/]: BOOSSECONDPHASE
[04Apr2025 10:53:20.943] [Render thread/INFO] [net.mcreator.atrox.AtroxMod/]: BOOSSECONDPHASE
[04Apr2025 10:53:20.943] [Server thread/INFO] [net.mcreator.atrox.AtroxMod/]: BOOSSECONDPHASE
[04Apr2025 10:53:20.944] [Server thread/INFO] [net.minecraft.server.MinecraftServer/]: [@: Killed 3 entities]
[04Apr2025 10:53:20.945] [Render thread/INFO] [net.mcreator.atrox.AtroxMod/]: BOOSSECONDPHASE
[04Apr2025 10:53:20.945] [Render thread/INFO] [net.minecraft.client.gui.components.ChatComponent/]: [System] [CHAT] [@: Killed 3 entities]
[04Apr2025 10:53:21.044] [Server thread/INFO] [net.mcreator.atrox.AtroxMod/]: BOOSSECONDPHASE
[04Apr2025 10:53:21.044] [Server thread/INFO] [net.mcreator.atrox.AtroxMod/]: BOOSSECONDPHASE
[04Apr2025 10:53:21.045] [Server thread/INFO] [net.mcreator.atrox.AtroxMod/]: BOOSSECONDPHASE
[04Apr2025 10:53:21.045] [Server thread/INFO] [net.mcreator.atrox.AtroxMod/]: BOOSSECONDPHASE
[04Apr2025 10:53:21.045] [Server thread/INFO] [net.mcreator.atrox.AtroxMod/]: BOOSSECONDPHASE
[04Apr2025 10:53:21.045] [Server thread/INFO] [net.mcreator.atrox.AtroxMod/]: BOOSSECONDPHASE
[04Apr2025 10:53:21.045] [Server thread/INFO] [net.mcreator.atrox.AtroxMod/]: BOOSSECONDPHASE
[04Apr2025 10:53:21.045] [Server thread/INFO] [net.mcreator.atrox.AtroxMod/]: BOOSSECONDPHASE
[04Apr2025 10:53:21.045] [Server thread/INFO] [net.mcreator.atrox.AtroxMod/]: BOOSSECONDPHASE
[04Apr2025 10:53:21.045] [Server thread/INFO] [net.mcreator.atrox.AtroxMod/]: BOOSSECONDPHASE
[04Apr2025 10:53:21.045] [Server thread/INFO] [net.mcreator.atrox.AtroxMod/]: BOOSSECONDPHASE
[04Apr2025 10:53:21.046] [Server thread/INFO] [net.mcreator.atrox.AtroxMod/]: BOOSSECONDPHASE
[04Apr2025 10:53:21.046] [Server thread/INFO] [net.mcreator.atrox.AtroxMod/]: BOOSSECONDPHASE
[04Apr2025 10:53:21.046] [Server thread/INFO] [net.mcreator.atrox.AtroxMod/]: BOOSSECONDPHASE
[04Apr2025 10:53:21.046] [Server thread/INFO] [net.mcreator.atrox.AtroxMod/]: BOOSSECONDPHASE
[04Apr2025 10:53:21.046] [Server thread/INFO] [net.mcreator.atrox.AtroxMod/]: BOOSSECONDPHASE
[04Apr2025 10:53:21.046] [Render thread/INFO] [net.mcreator.atrox.AtroxMod/]: BOOSSECONDPHASE
[04Apr2025 10:53:21.046] [Render thread/INFO] [net.mcreator.atrox.AtroxMod/]: BOOSSECONDPHASE
[04Apr2025 10:53:21.046] [Server thread/INFO] [net.mcreator.atrox.AtroxMod/]: BOOSSECONDPHASE
[04Apr2025 10:53:21.046] [Render thread/INFO] [net.mcreator.atrox.AtroxMod/]: BOOSSECONDPHASE
[04Apr2025 10:53:21.046] [Render thread/INFO] [net.mcreator.atrox.AtroxMod/]: BOOSSECONDPHASE
[04Apr2025 10:53:21.046] [Server thread/INFO] [net.mcreator.atrox.AtroxMod/]: BOOSSECONDPHASE
[04Apr2025 10:53:21.046] [Render thread/INFO] [net.mcreator.atrox.AtroxMod/]: BOOSSECONDPHASE
[04Apr2025 10:53:21.047] [Render thread/INFO] [net.mcreator.atrox.AtroxMod/]: BOOSSECONDPHASE
[04Apr2025 10:53:21.047] [Server thread/INFO] [net.mcreator.atrox.AtroxMod/]: BOOSSECONDPHASE
[04Apr2025 10:53:21.047] [Render thread/INFO] [net.mcreator.atrox.AtroxMod/]: BOOSSECONDPHASE
[04Apr2025 10:53:21.047] [Server thread/INFO] [net.mcreator.atrox.AtroxMod/]: BOOSSECONDPHASE
[04Apr2025 10:53:21.047] [Render thread/INFO] [net.mcreator.atrox.AtroxMod/]: BOOSSECONDPHASE
[04Apr2025 10:53:21.047] [Server thread/INFO] [net.mcreator.atrox.AtroxMod/]: BOOSSECONDPHASE
[04Apr2025 10:53:21.047] [Render thread/INFO] [net.mcreator.atrox.AtroxMod/]: BOOSSECONDPHASE
[04Apr2025 10:53:21.047] [Server thread/INFO] [net.mcreator.atrox.AtroxMod/]: BOOSSECONDPHASE
[04Apr2025 10:53:21.047] [Render thread/INFO] [net.mcreator.atrox.AtroxMod/]: BOOSSECONDPHASE
[04Apr2025 10:53:21.047] [Render thread/INFO] [net.mcreator.atrox.AtroxMod/]: BOOSSECONDPHASE
[04Apr2025 10:53:21.047] [Render thread/INFO] [net.mcreator.atrox.AtroxMod/]: BOOSSECONDPHASE
[04Apr2025 10:53:21.047] [Server thread/INFO] [net.mcreator.atrox.AtroxMod/]: BOOSSECONDPHASE
[04Apr2025 10:53:21.047] [Render thread/INFO] [net.mcreator.atrox.AtroxMod/]: BOOSSECONDPHASE
[04Apr2025 10:53:21.047] [Render thread/INFO] [net.mcreator.atrox.AtroxMod/]: BOOSSECONDPHASE
[04Apr2025 10:53:21.047] [Server thread/INFO] [net.mcreator.atrox.AtroxMod/]: BOOSSECONDPHASE
[04Apr2025 10:53:21.047] [Render thread/INFO] [net.mcreator.atrox.AtroxMod/]: BOOSSECONDPHASE
[04Apr2025 10:53:21.048] [Render thread/INFO] [net.mcreator.atrox.AtroxMod/]: BOOSSECONDPHASE
[04Apr2025 10:53:21.048] [Server thread/INFO] [net.mcreator.atrox.AtroxMod/]: BOOSSECONDPHASE
[04Apr2025 10:53:21.048] [Render thread/INFO] [net.mcreator.atrox.AtroxMod/]: BOOSSECONDPHASE
[04Apr2025 10:53:21.048] [Render thread/INFO] [net.mcreator.atrox.AtroxMod/]: BOOSSECONDPHASE
[04Apr2025 10:53:21.048] [Server thread/INFO] [net.mcreator.atrox.AtroxMod/]: BOOSSECONDPHASE
[04Apr2025 10:53:21.048] [Render thread/INFO] [net.mcreator.atrox.AtroxMod/]: BOOSSECONDPHASE
[04Apr2025 10:53:21.048] [Render thread/INFO] [net.mcreator.atrox.AtroxMod/]: BOOSSECONDPHASE
[04Apr2025 10:53:21.048] [Server thread/INFO] [net.mcreator.atrox.AtroxMod/]: BOOSSECONDPHASE
[04Apr2025 10:53:21.048] [Render thread/INFO] [net.mcreator.atrox.AtroxMod/]: BOOSSECONDPHASE
[04Apr2025 10:53:21.048] [Render thread/INFO] [net.mcreator.atrox.AtroxMod/]: BOOSSECONDPHASE
[04Apr2025 10:53:21.048] [Server thread/INFO] [net.mcreator.atrox.AtroxMod/]: BOOSSECONDPHASE
[04Apr2025 10:53:21.048] [Render thread/INFO] [net.mcreator.atrox.AtroxMod/]: BOOSSECONDPHASE
[04Apr2025 10:53:21.048] [Render thread/INFO] [net.mcreator.atrox.AtroxMod/]: BOOSSECONDPHASE
[04Apr2025 10:53:21.048] [Server thread/INFO] [net.mcreator.atrox.AtroxMod/]: BOOSSECONDPHASE
[04Apr2025 10:53:21.048] [Render thread/INFO] [net.mcreator.atrox.AtroxMod/]: BOOSSECONDPHASE
[04Apr2025 10:53:21.048] [Render thread/INFO] [net.mcreator.atrox.AtroxMod/]: BOOSSECONDPHASE
[04Apr2025 10:53:21.048] [Server thread/INFO] [net.mcreator.atrox.AtroxMod/]: BOOSSECONDPHASE
[04Apr2025 10:53:21.048] [Render thread/INFO] [net.mcreator.atrox.AtroxMod/]: BOOSSECONDPHASE
[04Apr2025 10:53:21.048] [Render thread/INFO] [net.mcreator.atrox.AtroxMod/]: BOOSSECONDPHASE
[04Apr2025 10:53:21.048] [Server thread/INFO] [net.mcreator.atrox.AtroxMod/]: BOOSSECONDPHASE
[04Apr2025 10:53:21.048] [Render thread/INFO] [net.mcreator.atrox.AtroxMod/]: BOOSSECONDPHASE
[04Apr2025 10:53:21.048] [Render thread/INFO] [net.mcreator.atrox.AtroxMod/]: BOOSSECONDPHASE
[04Apr2025 10:53:21.048] [Server thread/INFO] [net.mcreator.atrox.AtroxMod/]: BOOSSECONDPHASE
[04Apr2025 10:53:21.049] [Server thread/INFO] [net.mcreator.atrox.AtroxMod/]: BOOSSECONDPHASE
[04Apr2025 10:53:21.049] [Server thread/INFO] [net.mcreator.atrox.AtroxMod/]: BOOSSECONDPHASE
[04Apr2025 10:53:21.049] [Server thread/INFO] [net.mcreator.atrox.AtroxMod/]: BOOSSECONDPHASE
[04Apr2025 10:53:21.049] [Server thread/INFO] [net.mcreator.atrox.AtroxMod/]: BOOSSECONDPHASE
[04Apr2025 10:53:21.049] [Server thread/INFO] [net.mcreator.atrox.AtroxMod/]: BOOSSECONDPHASE
[04Apr2025 10:53:21.049] [Server thread/INFO] [net.mcreator.atrox.AtroxMod/]: BOOSSECONDPHASE
[04Apr2025 10:53:21.050] [Server thread/INFO] [net.mcreator.atrox.AtroxMod/]: BOOSSECONDPHASE
[04Apr2025 10:53:21.050] [Server thread/INFO] [net.mcreator.atrox.AtroxMod/]: BOOSSECONDPHASE
[04Apr2025 10:53:21.050] [Server thread/INFO] [net.mcreator.atrox.AtroxMod/]: BOOSSECONDPHASE
[04Apr2025 10:53:21.050] [Server thread/INFO] [net.mcreator.atrox.AtroxMod/]: BOOSSECONDPHASE
[04Apr2025 10:53:21.050] [Server thread/INFO] [net.mcreator.atrox.AtroxMod/]: BOOSSECONDPHASE
[04Apr2025 10:53:21.050] [Server thread/INFO] [net.mcreator.atrox.AtroxMod/]: BOOSSECONDPHASE
[04Apr2025 10:53:21.051] [Server thread/INFO] [net.mcreator.atrox.AtroxMod/]: BOOSSECONDPHASE
[04Apr2025 10:53:21.051] [Server thread/INFO] [net.mcreator.atrox.AtroxMod/]: BOOSSECONDPHASE
[04Apr2025 10:53:21.051] [Server thread/INFO] [net.mcreator.atrox.AtroxMod/]: BOOSSECONDPHASE
[04Apr2025 10:53:21.051] [Render thread/INFO] [net.mcreator.atrox.AtroxMod/]: BOOSSECONDPHASE
[04Apr2025 10:53:21.052] [Render thread/INFO] [net.mcreator.atrox.AtroxMod/]: BOOSSECONDPHASE
[04Apr2025 10:53:21.052] [Server thread/INFO] [net.mcreator.atrox.AtroxMod/]: BOOSSECONDPHASE
[04Apr2025 10:53:21.052] [Render thread/INFO] [net.mcreator.atrox.AtroxMod/]: BOOSSECONDPHASE
[04Apr2025 10:53:21.052] [Render thread/INFO] [net.mcreator.atrox.AtroxMod/]: BOOSSECONDPHASE
[04Apr2025 10:53:21.052] [Render thread/INFO] [net.mcreator.atrox.AtroxMod/]: BOOSSECONDPHASE
[04Apr2025 10:53:21.052] [Server thread/INFO] [net.mcreator.atrox.AtroxMod/]: BOOSSECONDPHASE
[04Apr2025 10:53:21.052] [Render thread/INFO] [net.mcreator.atrox.AtroxMod/]: BOOSSECONDPHASE
[04Apr2025 10:53:21.052] [Render thread/INFO] [net.mcreator.atrox.AtroxMod/]: BOOSSECONDPHASE
[04Apr2025 10:53:21.052] [Server thread/INFO] [net.mcreator.atrox.AtroxMod/]: BOOSSECONDPHASE
[04Apr2025 10:53:21.052] [Server thread/INFO] [net.mcreator.atrox.AtroxMod/]: BOOSSECONDPHASE
[04Apr2025 10:53:21.052] [Render thread/INFO] [net.mcreator.atrox.AtroxMod/]: BOOSSECONDPHASE
[04Apr2025 10:53:21.052] [Server thread/INFO] [net.mcreator.atrox.AtroxMod/]: BOOSSECONDPHASE
[04Apr2025 10:53:21.052] [Render thread/INFO] [net.mcreator.atrox.AtroxMod/]: BOOSSECONDPHASE
[04Apr2025 10:53:21.052] [Render thread/INFO] [net.mcreator.atrox.AtroxMod/]: BOOSSECONDPHASE
[04Apr2025 10:53:21.053] [Render thread/INFO] [net.mcreator.atrox.AtroxMod/]: BOOSSECONDPHASE
[04Apr2025 10:53:21.053] [Server thread/INFO] [net.mcreator.atrox.AtroxMod/]: BOOSSECONDPHASE
[04Apr2025 10:53:21.053] [Render thread/INFO] [net.mcreator.atrox.AtroxMod/]: BOOSSECONDPHASE
[04Apr2025 10:53:21.053] [Server thread/INFO] [net.mcreator.atrox.AtroxMod/]: BOOSSECONDPHASE
[04Apr2025 10:53:21.053] [Render thread/INFO] [net.mcreator.atrox.AtroxMod/]: BOOSSECONDPHASE
[04Apr2025 10:53:21.053] [Server thread/INFO] [net.mcreator.atrox.AtroxMod/]: BOOSSECONDPHASE
[04Apr2025 10:53:21.053] [Render thread/INFO] [net.mcreator.atrox.AtroxMod/]: BOOSSECONDPHASE
[04Apr2025 10:53:21.053] [Server thread/INFO] [net.mcreator.atrox.AtroxMod/]: BOOSSECONDPHASE
[04Apr2025 10:53:21.053] [Render thread/INFO] [net.mcreator.atrox.AtroxMod/]: BOOSSECONDPHASE
[04Apr2025 10:53:21.053] [Server thread/INFO] [net.mcreator.atrox.AtroxMod/]: BOOSSECONDPHASE
[04Apr2025 10:53:21.053] [Render thread/INFO] [net.mcreator.atrox.AtroxMod/]: BOOSSECONDPHASE
[04Apr2025 10:53:21.053] [Server thread/INFO] [net.mcreator.atrox.AtroxMod/]: BOOSSECONDPHASE
[04Apr2025 10:53:21.053] [Render thread/INFO] [net.mcreator.atrox.AtroxMod/]: BOOSSECONDPHASE
[04Apr2025 10:53:21.053] [Server thread/INFO] [net.mcreator.atrox.AtroxMod/]: BOOSSECONDPHASE
[04Apr2025 10:53:21.053] [Render thread/INFO] [net.mcreator.atrox.AtroxMod/]: BOOSSECONDPHASE
[04Apr2025 10:53:21.053] [Server thread/INFO] [net.mcreator.atrox.AtroxMod/]: BOOSSECONDPHASE
[04Apr2025 10:53:21.054] [Render thread/INFO] [net.mcreator.atrox.AtroxMod/]: BOOSSECONDPHASE
[04Apr2025 10:53:21.054] [Server thread/INFO] [net.mcreator.atrox.AtroxMod/]: BOOSSECONDPHASE
[04Apr2025 10:53:21.054] [Render thread/INFO] [net.mcreator.atrox.AtroxMod/]: BOOSSECONDPHASE
[04Apr2025 10:53:21.054] [Render thread/INFO] [net.mcreator.atrox.AtroxMod/]: BOOSSECONDPHASE
[04Apr2025 10:53:21.054] [Server thread/INFO] [net.mcreator.atrox.AtroxMod/]: BOOSSECONDPHASE
[04Apr2025 10:53:21.054] [Render thread/INFO] [net.mcreator.atrox.AtroxMod/]: BOOSSECONDPHASE
[04Apr2025 10:53:21.054] [Render thread/INFO] [net.mcreator.atrox.AtroxMod/]: BOOSSECONDPHASE
[04Apr2025 10:53:21.054] [Server thread/INFO] [net.mcreator.atrox.AtroxMod/]: BOOSSECONDPHASE
[04Apr2025 10:53:21.054] [Render thread/INFO] [net.mcreator.atrox.AtroxMod/]: BOOSSECONDPHASE
[04Apr2025 10:53:21.054] [Render thread/INFO] [net.mcreator.atrox.AtroxMod/]: BOOSSECONDPHASE
[04Apr2025 10:53:21.054] [Render thread/INFO] [net.mcreator.atrox.AtroxMod/]: BOOSSECONDPHASE
[04Apr2025 10:53:21.054] [Render thread/INFO] [net.mcreator.atrox.AtroxMod/]: BOOSSECONDPHASE
[04Apr2025 10:53:21.054] [Server thread/INFO] [net.mcreator.atrox.AtroxMod/]: BOOSSECONDPHASE
[04Apr2025 10:53:21.054] [Render thread/INFO] [net.mcreator.atrox.AtroxMod/]: BOOSSECONDPHASE
[04Apr2025 10:53:21.054] [Render thread/INFO] [net.mcreator.atrox.AtroxMod/]: BOOSSECONDPHASE
[04Apr2025 10:53:21.054] [Render thread/INFO] [net.mcreator.atrox.AtroxMod/]: BOOSSECONDPHASE
[04Apr2025 10:53:21.055] [Server thread/INFO] [net.mcreator.atrox.AtroxMod/]: BOOSSECONDPHASE
[04Apr2025 10:53:21.055] [Render thread/INFO] [net.mcreator.atrox.AtroxMod/]: BOOSSECONDPHASE
[04Apr2025 10:53:21.055] [Render thread/INFO] [net.mcreator.atrox.AtroxMod/]: BOOSSECONDPHASE
[04Apr2025 10:53:21.055] [Render thread/INFO] [net.mcreator.atrox.AtroxMod/]: BOOSSECONDPHASE
[04Apr2025 10:53:21.055] [Server thread/INFO] [net.mcreator.atrox.AtroxMod/]: BOOSSECONDPHASE
[04Apr2025 10:53:21.055] [Render thread/INFO] [net.mcreator.atrox.AtroxMod/]: BOOSSECONDPHASE
[04Apr2025 10:53:21.055] [Render thread/INFO] [net.mcreator.atrox.AtroxMod/]: BOOSSECONDPHASE
[04Apr2025 10:53:21.055] [Server thread/INFO] [net.mcreator.atrox.AtroxMod/]: BOOSSECONDPHASE
[04Apr2025 10:53:21.055] [Render thread/INFO] [net.mcreator.atrox.AtroxMod/]: BOOSSECONDPHASE
[04Apr2025 10:53:21.055] [Server thread/INFO] [net.mcreator.atrox.AtroxMod/]: BOOSSECONDPHASE
[04Apr2025 10:53:21.055] [Server thread/INFO] [net.mcreator.atrox.AtroxMod/]: BOOSSECONDPHASE
[04Apr2025 10:53:21.056] [Server thread/INFO] [net.mcreator.atrox.AtroxMod/]: BOOSSECONDPHASE
[04Apr2025 10:53:21.056] [Server thread/INFO] [net.mcreator.atrox.AtroxMod/]: BOOSSECONDPHASE
[04Apr2025 10:53:21.056] [Server thread/INFO] [net.mcreator.atrox.AtroxMod/]: BOOSSECONDPHASE
[04Apr2025 10:53:21.056] [Server thread/INFO] [net.mcreator.atrox.AtroxMod/]: BOOSSECONDPHASE
[04Apr2025 10:53:21.056] [Server thread/INFO] [net.mcreator.atrox.AtroxMod/]: BOOSSECONDPHASE
[04Apr2025 10:53:21.056] [Server thread/INFO] [net.mcreator.atrox.AtroxMod/]: BOOSSECONDPHASE
[04Apr2025 10:53:21.057] [Server thread/INFO] [net.mcreator.atrox.AtroxMod/]: BOOSSECONDPHASE
[04Apr2025 10:53:21.057] [Server thread/INFO] [net.mcreator.atrox.AtroxMod/]: BOOSSECONDPHASE
[04Apr2025 10:53:21.057] [Server thread/INFO] [net.mcreator.atrox.AtroxMod/]: BOOSSECONDPHASE
[04Apr2025 10:53:21.057] [Server thread/INFO] [net.mcreator.atrox.AtroxMod/]: BOOSSECONDPHASE
[04Apr2025 10:53:21.057] [Server thread/INFO] [net.mcreator.atrox.AtroxMod/]: BOOSSECONDPHASE
[04Apr2025 10:53:21.057] [Server thread/INFO] [net.mcreator.atrox.AtroxMod/]: BOOSSECONDPHASE
[04Apr2025 10:53:21.057] [Server thread/INFO] [net.mcreator.atrox.AtroxMod/]: BOOSSECONDPHASE
[04Apr2025 10:53:21.057] [Server thread/INFO] [net.mcreator.atrox.AtroxMod/]: BOOSSECONDPHASE
[04Apr2025 10:53:21.058] [Server thread/INFO] [net.mcreator.atrox.AtroxMod/]: BOOSSECONDPHASE
[04Apr2025 10:53:21.058] [Server thread/INFO] [net.mcreator.atrox.AtroxMod/]: BOOSSECONDPHASE
[04Apr2025 10:53:21.058] [Server thread/INFO] [net.mcreator.atrox.AtroxMod/]: BOOSSECONDPHASE
[04Apr2025 10:53:21.058] [Server thread/INFO] [net.mcreator.atrox.AtroxMod/]: BOOSSECONDPHASE
[04Apr2025 10:53:21.058] [Server thread/INFO] [net.mcreator.atrox.AtroxMod/]: BOOSSECONDPHASE
[04Apr2025 10:53:21.059] [Server thread/INFO] [net.mcreator.atrox.AtroxMod/]: BOOSSECONDPHASE
[04Apr2025 10:53:21.059] [Render thread/INFO] [net.mcreator.atrox.AtroxMod/]: BOOSSECONDPHASE
[04Apr2025 10:53:21.059] [Render thread/INFO] [net.mcreator.atrox.AtroxMod/]: BOOSSECONDPHASE
[04Apr2025 10:53:21.059] [Server thread/INFO] [net.mcreator.atrox.AtroxMod/]: BOOSSECONDPHASE
[04Apr2025 10:53:21.059] [Render thread/INFO] [net.mcreator.atrox.AtroxMod/]: BOOSSECONDPHASE
[04Apr2025 10:53:21.059] [Render thread/INFO] [net.mcreator.atrox.AtroxMod/]: BOOSSECONDPHASE
[04Apr2025 10:53:21.059] [Server thread/INFO] [net.mcreator.atrox.AtroxMod/]: BOOSSECONDPHASE
[04Apr2025 10:53:21.059] [Render thread/INFO] [net.mcreator.atrox.AtroxMod/]: BOOSSECONDPHASE
[04Apr2025 10:53:21.059] [Render thread/INFO] [net.mcreator.atrox.AtroxMod/]: BOOSSECONDPHASE
[04Apr2025 10:53:21.059] [Render thread/INFO] [net.mcreator.atrox.AtroxMod/]: BOOSSECONDPHASE
[04Apr2025 10:53:21.059] [Server thread/INFO] [net.mcreator.atrox.AtroxMod/]: BOOSSECONDPHASE
[04Apr2025 10:53:21.059] [Render thread/INFO] [net.mcreator.atrox.AtroxMod/]: BOOSSECONDPHASE
[04Apr2025 10:53:21.059] [Render thread/INFO] [net.mcreator.atrox.AtroxMod/]: BOOSSECONDPHASE
[04Apr2025 10:53:21.059] [Server thread/INFO] [net.mcreator.atrox.AtroxMod/]: BOOSSECONDPHASE
[04Apr2025 10:53:21.059] [Render thread/INFO] [net.mcreator.atrox.AtroxMod/]: BOOSSECONDPHASE
[04Apr2025 10:53:21.059] [Server thread/INFO] [net.mcreator.atrox.AtroxMod/]: BOOSSECONDPHASE
[04Apr2025 10:53:21.060] [Render thread/INFO] [net.mcreator.atrox.AtroxMod/]: BOOSSECONDPHASE
[04Apr2025 10:53:21.060] [Render thread/INFO] [net.mcreator.atrox.AtroxMod/]: BOOSSECONDPHASE
[04Apr2025 10:53:21.060] [Server thread/INFO] [net.mcreator.atrox.AtroxMod/]: BOOSSECONDPHASE
[04Apr2025 10:53:21.060] [Render thread/INFO] [net.mcreator.atrox.AtroxMod/]: BOOSSECONDPHASE
[04Apr2025 10:53:21.060] [Render thread/INFO] [net.mcreator.atrox.AtroxMod/]: BOOSSECONDPHASE
[04Apr2025 10:53:21.060] [Render thread/INFO] [net.mcreator.atrox.AtroxMod/]: BOOSSECONDPHASE
[04Apr2025 10:53:21.060] [Server thread/INFO] [net.mcreator.atrox.AtroxMod/]: BOOSSECONDPHASE
[04Apr2025 10:53:21.060] [Render thread/INFO] [net.mcreator.atrox.AtroxMod/]: BOOSSECONDPHASE
[04Apr2025 10:53:21.060] [Render thread/INFO] [net.mcreator.atrox.AtroxMod/]: BOOSSECONDPHASE
[04Apr2025 10:53:21.060] [Server thread/INFO] [net.mcreator.atrox.AtroxMod/]: BOOSSECONDPHASE
[04Apr2025 10:53:21.060] [Render thread/INFO] [net.mcreator.atrox.AtroxMod/]: BOOSSECONDPHASE
[04Apr2025 10:53:21.060] [Render thread/INFO] [net.mcreator.atrox.AtroxMod/]: BOOSSECONDPHASE
[04Apr2025 10:53:21.060] [Server thread/INFO] [net.mcreator.atrox.AtroxMod/]: BOOSSECONDPHASE
[04Apr2025 10:53:21.060] [Render thread/INFO] [net.mcreator.atrox.AtroxMod/]: BOOSSECONDPHASE
[04Apr2025 10:53:21.060] [Render thread/INFO] [net.mcreator.atrox.AtroxMod/]: BOOSSECONDPHASE
[04Apr2025 10:53:21.060] [Server thread/INFO] [net.mcreator.atrox.AtroxMod/]: BOOSSECONDPHASE
[04Apr2025 10:53:21.060] [Render thread/INFO] [net.mcreator.atrox.AtroxMod/]: BOOSSECONDPHASE
[04Apr2025 10:53:21.060] [Render thread/INFO] [net.mcreator.atrox.AtroxMod/]: BOOSSECONDPHASE
[04Apr2025 10:53:21.060] [Render thread/INFO] [net.mcreator.atrox.AtroxMod/]: BOOSSECONDPHASE
[04Apr2025 10:53:21.060] [Server thread/INFO] [net.mcreator.atrox.AtroxMod/]: BOOSSECONDPHASE
[04Apr2025 10:53:21.060] [Render thread/INFO] [net.mcreator.atrox.AtroxMod/]: BOOSSECONDPHASE
[04Apr2025 10:53:21.061] [Render thread/INFO] [net.mcreator.atrox.AtroxMod/]: BOOSSECONDPHASE
[04Apr2025 10:53:21.061] [Server thread/INFO] [net.mcreator.atrox.AtroxMod/]: BOOSSECONDPHASE
[04Apr2025 10:53:21.061] [Render thread/INFO] [net.mcreator.atrox.AtroxMod/]: BOOSSECONDPHASE
[04Apr2025 10:53:21.061] [Render thread/INFO] [net.mcreator.atrox.AtroxMod/]: BOOSSECONDPHASE
[04Apr2025 10:53:21.061] [Server thread/INFO] [net.mcreator.atrox.AtroxMod/]: BOOSSECONDPHASE
[04Apr2025 10:53:21.061] [Render thread/INFO] [net.mcreator.atrox.AtroxMod/]: BOOSSECONDPHASE
[04Apr2025 10:53:21.061] [Render thread/INFO] [net.mcreator.atrox.AtroxMod/]: BOOSSECONDPHASE
[04Apr2025 10:53:21.061] [Server thread/INFO] [net.mcreator.atrox.AtroxMod/]: BOOSSECONDPHASE
[04Apr2025 10:53:21.061] [Render thread/INFO] [net.mcreator.atrox.AtroxMod/]: BOOSSECONDPHASE
[04Apr2025 10:53:21.061] [Server thread/INFO] [net.mcreator.atrox.AtroxMod/]: BOOSSECONDPHASE
[04Apr2025 10:53:21.061] [Render thread/INFO] [net.mcreator.atrox.AtroxMod/]: BOOSSECONDPHASE
[04Apr2025 10:53:21.061] [Server thread/INFO] [net.mcreator.atrox.AtroxMod/]: BOOSSECONDPHASE
[04Apr2025 10:53:21.061] [Render thread/INFO] [net.mcreator.atrox.AtroxMod/]: BOOSSECONDPHASE
[04Apr2025 10:53:21.061] [Render thread/INFO] [net.mcreator.atrox.AtroxMod/]: BOOSSECONDPHASE
[04Apr2025 10:53:21.061] [Render thread/INFO] [net.mcreator.atrox.AtroxMod/]: BOOSSECONDPHASE
[04Apr2025 10:53:21.061] [Server thread/INFO] [net.mcreator.atrox.AtroxMod/]: BOOSSECONDPHASE
[04Apr2025 10:53:21.061] [Render thread/INFO] [net.mcreator.atrox.AtroxMod/]: BOOSSECONDPHASE
[04Apr2025 10:53:21.061] [Render thread/INFO] [net.mcreator.atrox.AtroxMod/]: BOOSSECONDPHASE
[04Apr2025 10:53:21.061] [Render thread/INFO] [net.mcreator.atrox.AtroxMod/]: BOOSSECONDPHASE
[04Apr2025 10:53:21.061] [Server thread/INFO] [net.mcreator.atrox.AtroxMod/]: BOOSSECONDPHASE
[04Apr2025 10:53:21.061] [Render thread/INFO] [net.mcreator.atrox.AtroxMod/]: BOOSSECONDPHASE
[04Apr2025 10:53:21.061] [Render thread/INFO] [net.mcreator.atrox.AtroxMod/]: BOOSSECONDPHASE
[04Apr2025 10:53:21.061] [Server thread/INFO] [net.mcreator.atrox.AtroxMod/]: BOOSSECONDPHASE
[04Apr2025 10:53:21.061] [Render thread/INFO] [net.mcreator.atrox.AtroxMod/]: BOOSSECONDPHASE
[04Apr2025 10:53:21.062] [Server thread/INFO] [net.mcreator.atrox.AtroxMod/]: BOOSSECONDPHASE
[04Apr2025 10:53:21.062] [Server thread/INFO] [net.mcreator.atrox.AtroxMod/]: BOOSSECONDPHASE
[04Apr2025 10:53:21.062] [Server thread/INFO] [net.mcreator.atrox.AtroxMod/]: BOOSSECONDPHASE
[04Apr2025 10:53:21.062] [Server thread/INFO] [net.mcreator.atrox.AtroxMod/]: BOOSSECONDPHASE
[04Apr2025 10:53:21.062] [Server thread/INFO] [net.mcreator.atrox.AtroxMod/]: BOOSSECONDPHASE
[04Apr2025 10:53:21.062] [Server thread/INFO] [net.mcreator.atrox.AtroxMod/]: BOOSSECONDPHASE
[04Apr2025 10:53:21.062] [Server thread/INFO] [net.mcreator.atrox.AtroxMod/]: BOOSSECONDPHASE
[04Apr2025 10:53:21.063] [Server thread/INFO] [net.mcreator.atrox.AtroxMod/]: BOOSSECONDPHASE
[04Apr2025 10:53:21.063] [Server thread/INFO] [net.mcreator.atrox.AtroxMod/]: BOOSSECONDPHASE
[04Apr2025 10:53:21.063] [Server thread/INFO] [net.mcreator.atrox.AtroxMod/]: BOOSSECONDPHASE
[04Apr2025 10:53:21.063] [Server thread/INFO] [net.mcreator.atrox.AtroxMod/]: BOOSSECONDPHASE
[04Apr2025 10:53:21.063] [Server thread/INFO] [net.mcreator.atrox.AtroxMod/]: BOOSSECONDPHASE
[04Apr2025 10:53:21.064] [Server thread/INFO] [net.mcreator.atrox.AtroxMod/]: BOOSSECONDPHASE
[04Apr2025 10:53:21.064] [Server thread/INFO] [net.mcreator.atrox.AtroxMod/]: BOOSSECONDPHASE
[04Apr2025 10:53:21.064] [Server thread/INFO] [net.mcreator.atrox.AtroxMod/]: BOOSSECONDPHASE
[04Apr2025 10:53:21.064] [Server thread/INFO] [net.mcreator.atrox.AtroxMod/]: BOOSSECONDPHASE
[04Apr2025 10:53:21.064] [Server thread/INFO] [net.mcreator.atrox.AtroxMod/]: BOOSSECONDPHASE
[04Apr2025 10:53:21.065] [Server thread/INFO] [net.mcreator.atrox.AtroxMod/]: BOOSSECONDPHASE
[04Apr2025 10:53:21.065] [Server thread/INFO] [net.mcreator.atrox.AtroxMod/]: BOOSSECONDPHASE
[04Apr2025 10:53:21.065] [Server thread/INFO] [net.mcreator.atrox.AtroxMod/]: BOOSSECONDPHASE
[04Apr2025 10:53:21.065] [Server thread/INFO] [net.mcreator.atrox.AtroxMod/]: BOOSSECONDPHASE
[04Apr2025 10:53:21.065] [Server thread/INFO] [net.mcreator.atrox.AtroxMod/]: BOOSSECONDPHASE
[04Apr2025 10:53:21.066] [Server thread/INFO] [net.mcreator.atrox.AtroxMod/]: BOOSSECONDPHASE
[04Apr2025 10:53:21.066] [Render thread/INFO] [net.mcreator.atrox.AtroxMod/]: BOOSSECONDPHASE
[04Apr2025 10:53:21.066] [Server thread/INFO] [net.mcreator.atrox.AtroxMod/]: BOOSSECONDPHASE
[04Apr2025 10:53:21.066] [Render thread/INFO] [net.mcreator.atrox.AtroxMod/]: BOOSSECONDPHASE
[04Apr2025 10:53:21.066] [Render thread/INFO] [net.mcreator.atrox.AtroxMod/]: BOOSSECONDPHASE
[04Apr2025 10:53:21.066] [Server thread/INFO] [net.mcreator.atrox.AtroxMod/]: BOOSSECONDPHASE
[04Apr2025 10:53:21.066] [Render thread/INFO] [net.mcreator.atrox.AtroxMod/]: BOOSSECONDPHASE
[04Apr2025 10:53:21.066] [Render thread/INFO] [net.mcreator.atrox.AtroxMod/]: BOOSSECONDPHASE
[04Apr2025 10:53:21.066] [Render thread/INFO] [net.mcreator.atrox.AtroxMod/]: BOOSSECONDPHASE
[04Apr2025 10:53:21.066] [Render thread/INFO] [net.mcreator.atrox.AtroxMod/]: BOOSSECONDPHASE
[04Apr2025 10:53:21.066] [Render thread/INFO] [net.mcreator.atrox.AtroxMod/]: BOOSSECONDPHASE
[04Apr2025 10:53:21.066] [Server thread/INFO] [net.mcreator.atrox.AtroxMod/]: BOOSSECONDPHASE
[04Apr2025 10:53:21.067] [Render thread/INFO] [net.mcreator.atrox.AtroxMod/]: BOOSSECONDPHASE
[04Apr2025 10:53:21.067] [Server thread/INFO] [net.mcreator.atrox.AtroxMod/]: BOOSSECONDPHASE
[04Apr2025 10:53:21.067] [Render thread/INFO] [net.mcreator.atrox.AtroxMod/]: BOOSSECONDPHASE
[04Apr2025 10:53:21.067] [Render thread/INFO] [net.mcreator.atrox.AtroxMod/]: BOOSSECONDPHASE
[04Apr2025 10:53:21.067] [Server thread/INFO] [net.mcreator.atrox.AtroxMod/]: BOOSSECONDPHASE
[04Apr2025 10:53:21.067] [Render thread/INFO] [net.mcreator.atrox.AtroxMod/]: BOOSSECONDPHASE
[04Apr2025 10:53:21.067] [Render thread/INFO] [net.mcreator.atrox.AtroxMod/]: BOOSSECONDPHASE
[04Apr2025 10:53:21.067] [Server thread/INFO] [net.mcreator.atrox.AtroxMod/]: BOOSSECONDPHASE
[04Apr2025 10:53:21.067] [Render thread/INFO] [net.mcreator.atrox.AtroxMod/]: BOOSSECONDPHASE
[04Apr2025 10:53:21.067] [Render thread/INFO] [net.mcreator.atrox.AtroxMod/]: BOOSSECONDPHASE
[04Apr2025 10:53:21.067] [Render thread/INFO] [net.mcreator.atrox.AtroxMod/]: BOOSSECONDPHASE
[04Apr2025 10:53:21.067] [Server thread/INFO] [net.mcreator.atrox.AtroxMod/]: BOOSSECONDPHASE
[04Apr2025 10:53:21.067] [Render thread/INFO] [net.mcreator.atrox.AtroxMod/]: BOOSSECONDPHASE
[04Apr2025 10:53:21.067] [Render thread/INFO] [net.mcreator.atrox.AtroxMod/]: BOOSSECONDPHASE
[04Apr2025 10:53:21.068] [Server thread/INFO] [net.mcreator.atrox.AtroxMod/]: BOOSSECONDPHASE
[04Apr2025 10:53:21.068] [Render thread/INFO] [net.mcreator.atrox.AtroxMod/]: BOOSSECONDPHASE
[04Apr2025 10:53:21.068] [Render thread/INFO] [net.mcreator.atrox.AtroxMod/]: BOOSSECONDPHASE
[04Apr2025 10:53:21.068] [Render thread/INFO] [net.mcreator.atrox.AtroxMod/]: BOOSSECONDPHASE
[04Apr2025 10:53:21.068] [Server thread/INFO] [net.mcreator.atrox.AtroxMod/]: BOOSSECONDPHASE
[04Apr2025 10:53:21.068] [Render thread/INFO] [net.mcreator.atrox.AtroxMod/]: BOOSSECONDPHASE
[04Apr2025 10:53:21.068] [Render thread/INFO] [net.mcreator.atrox.AtroxMod/]: BOOSSECONDPHASE
[04Apr2025 10:53:21.068] [Server thread/INFO] [net.mcreator.atrox.AtroxMod/]: BOOSSECONDPHASE
[04Apr2025 10:53:21.068] [Render thread/INFO] [net.mcreator.atrox.AtroxMod/]: BOOSSECONDPHASE
[04Apr2025 10:53:21.068] [Render thread/INFO] [net.mcreator.atrox.AtroxMod/]: BOOSSECONDPHASE
[04Apr2025 10:53:21.068] [Render thread/INFO] [net.mcreator.atrox.AtroxMod/]: BOOSSECONDPHASE
[04Apr2025 10:53:21.068] [Render thread/INFO] [net.mcreator.atrox.AtroxMod/]: BOOSSECONDPHASE
[04Apr2025 10:53:21.068] [Server thread/INFO] [net.minecraft.server.MinecraftServer/]: [@: Killed 141 entities]
[04Apr2025 10:53:21.068] [Render thread/INFO] [net.mcreator.atrox.AtroxMod/]: BOOSSECONDPHASE
[04Apr2025 10:53:21.068] [Render thread/INFO] [net.mcreator.atrox.AtroxMod/]: BOOSSECONDPHASE
[04Apr2025 10:53:21.068] [Render thread/INFO] [net.mcreator.atrox.AtroxMod/]: BOOSSECONDPHASE
[04Apr2025 10:53:21.068] [Render thread/INFO] [net.mcreator.atrox.AtroxMod/]: BOOSSECONDPHASE
[04Apr2025 10:53:21.068] [Render thread/INFO] [net.mcreator.atrox.AtroxMod/]: BOOSSECONDPHASE
[04Apr2025 10:53:21.068] [Render thread/INFO] [net.mcreator.atrox.AtroxMod/]: BOOSSECONDPHASE
[04Apr2025 10:53:21.068] [Render thread/INFO] [net.mcreator.atrox.AtroxMod/]: BOOSSECONDPHASE
[04Apr2025 10:53:21.069] [Render thread/INFO] [net.minecraft.client.gui.components.ChatComponent/]: [System] [CHAT] [@: Killed 141 entities]
[04Apr2025 10:53:21.094] [Server thread/INFO] [net.mcreator.atrox.AtroxMod/]: BOOSSECONDPHASE
[04Apr2025 10:53:21.095] [Server thread/INFO] [net.mcreator.atrox.AtroxMod/]: BOOSSECONDPHASE
[04Apr2025 10:53:21.095] [Server thread/INFO] [net.mcreator.atrox.AtroxMod/]: BOOSSECONDPHASE
[04Apr2025 10:53:21.095] [Server thread/INFO] [net.minecraft.server.MinecraftServer/]: [@: Killed 3 entities]
[04Apr2025 10:53:21.096] [Render thread/INFO] [net.mcreator.atrox.AtroxMod/]: BOOSSECONDPHASE
[04Apr2025 10:53:21.096] [Render thread/INFO] [net.mcreator.atrox.AtroxMod/]: BOOSSECONDPHASE
[04Apr2025 10:53:21.096] [Render thread/INFO] [net.mcreator.atrox.AtroxMod/]: BOOSSECONDPHASE
[04Apr2025 10:53:21.096] [Render thread/INFO] [net.minecraft.client.gui.components.ChatComponent/]: [System] [CHAT] [@: Killed 3 entities]
[04Apr2025 10:53:22.044] [Server thread/INFO] [net.mcreator.atrox.AtroxMod/]: BOOSSECONDPHASE
[04Apr2025 10:53:22.044] [Server thread/INFO] [net.mcreator.atrox.AtroxMod/]: BOOSSECONDPHASE
[04Apr2025 10:53:22.045] [Server thread/INFO] [net.mcreator.atrox.AtroxMod/]: BOOSSECONDPHASE
[04Apr2025 10:53:22.045] [Server thread/INFO] [net.mcreator.atrox.AtroxMod/]: BOOSSECONDPHASE
[04Apr2025 10:53:22.045] [Server thread/INFO] [net.mcreator.atrox.AtroxMod/]: BOOSSECONDPHASE
[04Apr2025 10:53:22.045] [Server thread/INFO] [net.mcreator.atrox.AtroxMod/]: BOOSSECONDPHASE
[04Apr2025 10:53:22.045] [Server thread/INFO] [net.mcreator.atrox.AtroxMod/]: BOOSSECONDPHASE
[04Apr2025 10:53:22.045] [Server thread/INFO] [net.mcreator.atrox.AtroxMod/]: BOOSSECONDPHASE
[04Apr2025 10:53:22.046] [Server thread/INFO] [net.mcreator.atrox.AtroxMod/]: BOOSSECONDPHASE
[04Apr2025 10:53:22.046] [Server thread/INFO] [net.mcreator.atrox.AtroxMod/]: BOOSSECONDPHASE
[04Apr2025 10:53:22.046] [Server thread/INFO] [net.mcreator.atrox.AtroxMod/]: BOOSSECONDPHASE
[04Apr2025 10:53:22.046] [Server thread/INFO] [net.mcreator.atrox.AtroxMod/]: BOOSSECONDPHASE
[04Apr2025 10:53:22.046] [Server thread/INFO] [net.mcreator.atrox.AtroxMod/]: BOOSSECONDPHASE
[04Apr2025 10:53:22.046] [Server thread/INFO] [net.mcreator.atrox.AtroxMod/]: BOOSSECONDPHASE
[04Apr2025 10:53:22.046] [Server thread/INFO] [net.mcreator.atrox.AtroxMod/]: BOOSSECONDPHASE
[04Apr2025 10:53:22.046] [Server thread/INFO] [net.mcreator.atrox.AtroxMod/]: BOOSSECONDPHASE
[04Apr2025 10:53:22.047] [Server thread/INFO] [net.mcreator.atrox.AtroxMod/]: BOOSSECONDPHASE
[04Apr2025 10:53:22.047] [Render thread/INFO] [net.mcreator.atrox.AtroxMod/]: BOOSSECONDPHASE
[04Apr2025 10:53:22.047] [Render thread/INFO] [net.mcreator.atrox.AtroxMod/]: BOOSSECONDPHASE
[04Apr2025 10:53:22.047] [Server thread/INFO] [net.mcreator.atrox.AtroxMod/]: BOOSSECONDPHASE
[04Apr2025 10:53:22.047] [Render thread/INFO] [net.mcreator.atrox.AtroxMod/]: BOOSSECONDPHASE
[04Apr2025 10:53:22.047] [Render thread/INFO] [net.mcreator.atrox.AtroxMod/]: BOOSSECONDPHASE
[04Apr2025 10:53:22.047] [Server thread/INFO] [net.mcreator.atrox.AtroxMod/]: BOOSSECONDPHASE
[04Apr2025 10:53:22.047] [Render thread/INFO] [net.mcreator.atrox.AtroxMod/]: BOOSSECONDPHASE
[04Apr2025 10:53:22.047] [Render thread/INFO] [net.mcreator.atrox.AtroxMod/]: BOOSSECONDPHASE
[04Apr2025 10:53:22.047] [Render thread/INFO] [net.mcreator.atrox.AtroxMod/]: BOOSSECONDPHASE
[04Apr2025 10:53:22.047] [Server thread/INFO] [net.mcreator.atrox.AtroxMod/]: BOOSSECONDPHASE
[04Apr2025 10:53:22.047] [Render thread/INFO] [net.mcreator.atrox.AtroxMod/]: BOOSSECONDPHASE
[04Apr2025 10:53:22.047] [Render thread/INFO] [net.mcreator.atrox.AtroxMod/]: BOOSSECONDPHASE
[04Apr2025 10:53:22.047] [Render thread/INFO] [net.mcreator.atrox.AtroxMod/]: BOOSSECONDPHASE
[04Apr2025 10:53:22.047] [Server thread/INFO] [net.mcreator.atrox.AtroxMod/]: BOOSSECONDPHASE
[04Apr2025 10:53:22.047] [Render thread/INFO] [net.mcreator.atrox.AtroxMod/]: BOOSSECONDPHASE
[04Apr2025 10:53:22.047] [Render thread/INFO] [net.mcreator.atrox.AtroxMod/]: BOOSSECONDPHASE
[04Apr2025 10:53:22.047] [Server thread/INFO] [net.mcreator.atrox.AtroxMod/]: BOOSSECONDPHASE
[04Apr2025 10:53:22.048] [Render thread/INFO] [net.mcreator.atrox.AtroxMod/]: BOOSSECONDPHASE
[04Apr2025 10:53:22.048] [Server thread/INFO] [net.mcreator.atrox.AtroxMod/]: BOOSSECONDPHASE
[04Apr2025 10:53:22.048] [Render thread/INFO] [net.mcreator.atrox.AtroxMod/]: BOOSSECONDPHASE
[04Apr2025 10:53:22.048] [Server thread/INFO] [net.mcreator.atrox.AtroxMod/]: BOOSSECONDPHASE
[04Apr2025 10:53:22.048] [Render thread/INFO] [net.mcreator.atrox.AtroxMod/]: BOOSSECONDPHASE
[04Apr2025 10:53:22.048] [Server thread/INFO] [net.mcreator.atrox.AtroxMod/]: BOOSSECONDPHASE
[04Apr2025 10:53:22.048] [Render thread/INFO] [net.mcreator.atrox.AtroxMod/]: BOOSSECONDPHASE
[04Apr2025 10:53:22.048] [Server thread/INFO] [net.mcreator.atrox.AtroxMod/]: BOOSSECONDPHASE
[04Apr2025 10:53:22.048] [Render thread/INFO] [net.mcreator.atrox.AtroxMod/]: BOOSSECONDPHASE
[04Apr2025 10:53:22.048] [Render thread/INFO] [net.mcreator.atrox.AtroxMod/]: BOOSSECONDPHASE
[04Apr2025 10:53:22.048] [Server thread/INFO] [net.mcreator.atrox.AtroxMod/]: BOOSSECONDPHASE
[04Apr2025 10:53:22.048] [Render thread/INFO] [net.mcreator.atrox.AtroxMod/]: BOOSSECONDPHASE
[04Apr2025 10:53:22.048] [Render thread/INFO] [net.mcreator.atrox.AtroxMod/]: BOOSSECONDPHASE
[04Apr2025 10:53:22.049] [Server thread/INFO] [net.mcreator.atrox.AtroxMod/]: BOOSSECONDPHASE
[04Apr2025 10:53:22.049] [Render thread/INFO] [net.mcreator.atrox.AtroxMod/]: BOOSSECONDPHASE
[04Apr2025 10:53:22.049] [Render thread/INFO] [net.mcreator.atrox.AtroxMod/]: BOOSSECONDPHASE
[04Apr2025 10:53:22.049] [Server thread/INFO] [net.mcreator.atrox.AtroxMod/]: BOOSSECONDPHASE
[04Apr2025 10:53:22.049] [Render thread/INFO] [net.mcreator.atrox.AtroxMod/]: BOOSSECONDPHASE
[04Apr2025 10:53:22.049] [Render thread/INFO] [net.mcreator.atrox.AtroxMod/]: BOOSSECONDPHASE
[04Apr2025 10:53:22.049] [Server thread/INFO] [net.mcreator.atrox.AtroxMod/]: BOOSSECONDPHASE
[04Apr2025 10:53:22.049] [Render thread/INFO] [net.mcreator.atrox.AtroxMod/]: BOOSSECONDPHASE
[04Apr2025 10:53:22.049] [Render thread/INFO] [net.mcreator.atrox.AtroxMod/]: BOOSSECONDPHASE
[04Apr2025 10:53:22.049] [Render thread/INFO] [net.mcreator.atrox.AtroxMod/]: BOOSSECONDPHASE
[04Apr2025 10:53:22.049] [Server thread/INFO] [net.mcreator.atrox.AtroxMod/]: BOOSSECONDPHASE
[04Apr2025 10:53:22.049] [Render thread/INFO] [net.mcreator.atrox.AtroxMod/]: BOOSSECONDPHASE
[04Apr2025 10:53:22.049] [Render thread/INFO] [net.mcreator.atrox.AtroxMod/]: BOOSSECONDPHASE
[04Apr2025 10:53:22.049] [Server thread/INFO] [net.mcreator.atrox.AtroxMod/]: BOOSSECONDPHASE
[04Apr2025 10:53:22.049] [Render thread/INFO] [net.mcreator.atrox.AtroxMod/]: BOOSSECONDPHASE
[04Apr2025 10:53:22.049] [Render thread/INFO] [net.mcreator.atrox.AtroxMod/]: BOOSSECONDPHASE
[04Apr2025 10:53:22.049] [Server thread/INFO] [net.mcreator.atrox.AtroxMod/]: BOOSSECONDPHASE
[04Apr2025 10:53:22.049] [Render thread/INFO] [net.mcreator.atrox.AtroxMod/]: BOOSSECONDPHASE
[04Apr2025 10:53:22.050] [Server thread/INFO] [net.mcreator.atrox.AtroxMod/]: BOOSSECONDPHASE
[04Apr2025 10:53:22.050] [Server thread/INFO] [net.mcreator.atrox.AtroxMod/]: BOOSSECONDPHASE
[04Apr2025 10:53:22.050] [Server thread/INFO] [net.mcreator.atrox.AtroxMod/]: BOOSSECONDPHASE
[04Apr2025 10:53:22.050] [Server thread/INFO] [net.mcreator.atrox.AtroxMod/]: BOOSSECONDPHASE
[04Apr2025 10:53:22.050] [Server thread/INFO] [net.mcreator.atrox.AtroxMod/]: BOOSSECONDPHASE
[04Apr2025 10:53:22.050] [Server thread/INFO] [net.mcreator.atrox.AtroxMod/]: BOOSSECONDPHASE
[04Apr2025 10:53:22.051] [Server thread/INFO] [net.mcreator.atrox.AtroxMod/]: BOOSSECONDPHASE
[04Apr2025 10:53:22.051] [Server thread/INFO] [net.mcreator.atrox.AtroxMod/]: BOOSSECONDPHASE
[04Apr2025 10:53:22.051] [Server thread/INFO] [net.mcreator.atrox.AtroxMod/]: BOOSSECONDPHASE
[04Apr2025 10:53:22.051] [Server thread/INFO] [net.mcreator.atrox.AtroxMod/]: BOOSSECONDPHASE
[04Apr2025 10:53:22.051] [Server thread/INFO] [net.mcreator.atrox.AtroxMod/]: BOOSSECONDPHASE
[04Apr2025 10:53:22.051] [Server thread/INFO] [net.mcreator.atrox.AtroxMod/]: BOOSSECONDPHASE
[04Apr2025 10:53:22.052] [Server thread/INFO] [net.mcreator.atrox.AtroxMod/]: BOOSSECONDPHASE
[04Apr2025 10:53:22.052] [Server thread/INFO] [net.mcreator.atrox.AtroxMod/]: BOOSSECONDPHASE
[04Apr2025 10:53:22.052] [Server thread/INFO] [net.mcreator.atrox.AtroxMod/]: BOOSSECONDPHASE
[04Apr2025 10:53:22.052] [Server thread/INFO] [net.mcreator.atrox.AtroxMod/]: BOOSSECONDPHASE
[04Apr2025 10:53:22.052] [Server thread/INFO] [net.mcreator.atrox.AtroxMod/]: BOOSSECONDPHASE
[04Apr2025 10:53:22.052] [Server thread/INFO] [net.mcreator.atrox.AtroxMod/]: BOOSSECONDPHASE
[04Apr2025 10:53:22.053] [Server thread/INFO] [net.mcreator.atrox.AtroxMod/]: BOOSSECONDPHASE
[04Apr2025 10:53:22.053] [Server thread/INFO] [net.mcreator.atrox.AtroxMod/]: BOOSSECONDPHASE
[04Apr2025 10:53:22.053] [Server thread/INFO] [net.mcreator.atrox.AtroxMod/]: BOOSSECONDPHASE
[04Apr2025 10:53:22.053] [Server thread/INFO] [net.mcreator.atrox.AtroxMod/]: BOOSSECONDPHASE
[04Apr2025 10:53:22.053] [Server thread/INFO] [net.mcreator.atrox.AtroxMod/]: BOOSSECONDPHASE
[04Apr2025 10:53:22.053] [Server thread/INFO] [net.mcreator.atrox.AtroxMod/]: BOOSSECONDPHASE
[04Apr2025 10:53:22.053] [Server thread/INFO] [net.mcreator.atrox.AtroxMod/]: BOOSSECONDPHASE
[04Apr2025 10:53:22.054] [Server thread/INFO] [net.mcreator.atrox.AtroxMod/]: BOOSSECONDPHASE
[04Apr2025 10:53:22.054] [Server thread/INFO] [net.mcreator.atrox.AtroxMod/]: BOOSSECONDPHASE
[04Apr2025 10:53:22.054] [Server thread/INFO] [net.mcreator.atrox.AtroxMod/]: BOOSSECONDPHASE
[04Apr2025 10:53:22.054] [Server thread/INFO] [net.mcreator.atrox.AtroxMod/]: BOOSSECONDPHASE
[04Apr2025 10:53:22.054] [Render thread/INFO] [net.mcreator.atrox.AtroxMod/]: BOOSSECONDPHASE
[04Apr2025 10:53:22.054] [Server thread/INFO] [net.mcreator.atrox.AtroxMod/]: BOOSSECONDPHASE
[04Apr2025 10:53:22.054] [Render thread/INFO] [net.mcreator.atrox.AtroxMod/]: BOOSSECONDPHASE
[04Apr2025 10:53:22.054] [Server thread/INFO] [net.mcreator.atrox.AtroxMod/]: BOOSSECONDPHASE
[04Apr2025 10:53:22.054] [Render thread/INFO] [net.mcreator.atrox.AtroxMod/]: BOOSSECONDPHASE
[04Apr2025 10:53:22.054] [Render thread/INFO] [net.mcreator.atrox.AtroxMod/]: BOOSSECONDPHASE
[04Apr2025 10:53:22.054] [Server thread/INFO] [net.mcreator.atrox.AtroxMod/]: BOOSSECONDPHASE
[04Apr2025 10:53:22.055] [Render thread/INFO] [net.mcreator.atrox.AtroxMod/]: BOOSSECONDPHASE
[04Apr2025 10:53:22.055] [Server thread/INFO] [net.mcreator.atrox.AtroxMod/]: BOOSSECONDPHASE
[04Apr2025 10:53:22.055] [Render thread/INFO] [net.mcreator.atrox.AtroxMod/]: BOOSSECONDPHASE
[04Apr2025 10:53:22.055] [Server thread/INFO] [net.mcreator.atrox.AtroxMod/]: BOOSSECONDPHASE
[04Apr2025 10:53:22.055] [Render thread/INFO] [net.mcreator.atrox.AtroxMod/]: BOOSSECONDPHASE
[04Apr2025 10:53:22.055] [Render thread/INFO] [net.mcreator.atrox.AtroxMod/]: BOOSSECONDPHASE
[04Apr2025 10:53:22.055] [Server thread/INFO] [net.mcreator.atrox.AtroxMod/]: BOOSSECONDPHASE
[04Apr2025 10:53:22.055] [Render thread/INFO] [net.mcreator.atrox.AtroxMod/]: BOOSSECONDPHASE
[04Apr2025 10:53:22.055] [Server thread/INFO] [net.mcreator.atrox.AtroxMod/]: BOOSSECONDPHASE
[04Apr2025 10:53:22.055] [Render thread/INFO] [net.mcreator.atrox.AtroxMod/]: BOOSSECONDPHASE
[04Apr2025 10:53:22.055] [Server thread/INFO] [net.mcreator.atrox.AtroxMod/]: BOOSSECONDPHASE
[04Apr2025 10:53:22.055] [Render thread/INFO] [net.mcreator.atrox.AtroxMod/]: BOOSSECONDPHASE
[04Apr2025 10:53:22.055] [Server thread/INFO] [net.mcreator.atrox.AtroxMod/]: BOOSSECONDPHASE
[04Apr2025 10:53:22.055] [Render thread/INFO] [net.mcreator.atrox.AtroxMod/]: BOOSSECONDPHASE
[04Apr2025 10:53:22.055] [Render thread/INFO] [net.mcreator.atrox.AtroxMod/]: BOOSSECONDPHASE
[04Apr2025 10:53:22.055] [Render thread/INFO] [net.mcreator.atrox.AtroxMod/]: BOOSSECONDPHASE
[04Apr2025 10:53:22.055] [Server thread/INFO] [net.mcreator.atrox.AtroxMod/]: BOOSSECONDPHASE
[04Apr2025 10:53:22.055] [Render thread/INFO] [net.mcreator.atrox.AtroxMod/]: BOOSSECONDPHASE
[04Apr2025 10:53:22.056] [Render thread/INFO] [net.mcreator.atrox.AtroxMod/]: BOOSSECONDPHASE
[04Apr2025 10:53:22.056] [Server thread/INFO] [net.mcreator.atrox.AtroxMod/]: BOOSSECONDPHASE
[04Apr2025 10:53:22.056] [Render thread/INFO] [net.mcreator.atrox.AtroxMod/]: BOOSSECONDPHASE
[04Apr2025 10:53:22.056] [Render thread/INFO] [net.mcreator.atrox.AtroxMod/]: BOOSSECONDPHASE
[04Apr2025 10:53:22.056] [Render thread/INFO] [net.mcreator.atrox.AtroxMod/]: BOOSSECONDPHASE
[04Apr2025 10:53:22.056] [Server thread/INFO] [net.mcreator.atrox.AtroxMod/]: BOOSSECONDPHASE
[04Apr2025 10:53:22.056] [Render thread/INFO] [net.mcreator.atrox.AtroxMod/]: BOOSSECONDPHASE
[04Apr2025 10:53:22.056] [Render thread/INFO] [net.mcreator.atrox.AtroxMod/]: BOOSSECONDPHASE
[04Apr2025 10:53:22.056] [Server thread/INFO] [net.mcreator.atrox.AtroxMod/]: BOOSSECONDPHASE
[04Apr2025 10:53:22.056] [Render thread/INFO] [net.mcreator.atrox.AtroxMod/]: BOOSSECONDPHASE
[04Apr2025 10:53:22.056] [Render thread/INFO] [net.mcreator.atrox.AtroxMod/]: BOOSSECONDPHASE
[04Apr2025 10:53:22.056] [Server thread/INFO] [net.mcreator.atrox.AtroxMod/]: BOOSSECONDPHASE
[04Apr2025 10:53:22.056] [Render thread/INFO] [net.mcreator.atrox.AtroxMod/]: BOOSSECONDPHASE
[04Apr2025 10:53:22.056] [Render thread/INFO] [net.mcreator.atrox.AtroxMod/]: BOOSSECONDPHASE
[04Apr2025 10:53:22.056] [Server thread/INFO] [net.mcreator.atrox.AtroxMod/]: BOOSSECONDPHASE
[04Apr2025 10:53:22.056] [Render thread/INFO] [net.mcreator.atrox.AtroxMod/]: BOOSSECONDPHASE
[04Apr2025 10:53:22.056] [Server thread/INFO] [net.mcreator.atrox.AtroxMod/]: BOOSSECONDPHASE
[04Apr2025 10:53:22.056] [Render thread/INFO] [net.mcreator.atrox.AtroxMod/]: BOOSSECONDPHASE
[04Apr2025 10:53:22.056] [Render thread/INFO] [net.mcreator.atrox.AtroxMod/]: BOOSSECONDPHASE
[04Apr2025 10:53:22.056] [Server thread/INFO] [net.mcreator.atrox.AtroxMod/]: BOOSSECONDPHASE
[04Apr2025 10:53:22.057] [Render thread/INFO] [net.mcreator.atrox.AtroxMod/]: BOOSSECONDPHASE
[04Apr2025 10:53:22.057] [Render thread/INFO] [net.mcreator.atrox.AtroxMod/]: BOOSSECONDPHASE
[04Apr2025 10:53:22.057] [Server thread/INFO] [net.mcreator.atrox.AtroxMod/]: BOOSSECONDPHASE
[04Apr2025 10:53:22.057] [Render thread/INFO] [net.mcreator.atrox.AtroxMod/]: BOOSSECONDPHASE
[04Apr2025 10:53:22.057] [Render thread/INFO] [net.mcreator.atrox.AtroxMod/]: BOOSSECONDPHASE
[04Apr2025 10:53:22.057] [Render thread/INFO] [net.mcreator.atrox.AtroxMod/]: BOOSSECONDPHASE
[04Apr2025 10:53:22.057] [Server thread/INFO] [net.mcreator.atrox.AtroxMod/]: BOOSSECONDPHASE
[04Apr2025 10:53:22.057] [Render thread/INFO] [net.mcreator.atrox.AtroxMod/]: BOOSSECONDPHASE
[04Apr2025 10:53:22.057] [Render thread/INFO] [net.mcreator.atrox.AtroxMod/]: BOOSSECONDPHASE
[04Apr2025 10:53:22.057] [Render thread/INFO] [net.mcreator.atrox.AtroxMod/]: BOOSSECONDPHASE
[04Apr2025 10:53:22.057] [Server thread/INFO] [net.mcreator.atrox.AtroxMod/]: BOOSSECONDPHASE
[04Apr2025 10:53:22.057] [Render thread/INFO] [net.mcreator.atrox.AtroxMod/]: BOOSSECONDPHASE
[04Apr2025 10:53:22.057] [Render thread/INFO] [net.mcreator.atrox.AtroxMod/]: BOOSSECONDPHASE
[04Apr2025 10:53:22.057] [Server thread/INFO] [net.mcreator.atrox.AtroxMod/]: BOOSSECONDPHASE
[04Apr2025 10:53:22.057] [Render thread/INFO] [net.mcreator.atrox.AtroxMod/]: BOOSSECONDPHASE
[04Apr2025 10:53:22.057] [Render thread/INFO] [net.mcreator.atrox.AtroxMod/]: BOOSSECONDPHASE
[04Apr2025 10:53:22.057] [Server thread/INFO] [net.mcreator.atrox.AtroxMod/]: BOOSSECONDPHASE
[04Apr2025 10:53:22.057] [Render thread/INFO] [net.mcreator.atrox.AtroxMod/]: BOOSSECONDPHASE
[04Apr2025 10:53:22.057] [Render thread/INFO] [net.mcreator.atrox.AtroxMod/]: BOOSSECONDPHASE
[04Apr2025 10:53:22.057] [Server thread/INFO] [net.mcreator.atrox.AtroxMod/]: BOOSSECONDPHASE
[04Apr2025 10:53:22.057] [Render thread/INFO] [net.mcreator.atrox.AtroxMod/]: BOOSSECONDPHASE
[04Apr2025 10:53:22.057] [Render thread/INFO] [net.mcreator.atrox.AtroxMod/]: BOOSSECONDPHASE
[04Apr2025 10:53:22.057] [Server thread/INFO] [net.mcreator.atrox.AtroxMod/]: BOOSSECONDPHASE
[04Apr2025 10:53:22.057] [Render thread/INFO] [net.mcreator.atrox.AtroxMod/]: BOOSSECONDPHASE
[04Apr2025 10:53:22.057] [Render thread/INFO] [net.mcreator.atrox.AtroxMod/]: BOOSSECONDPHASE
[04Apr2025 10:53:22.057] [Render thread/INFO] [net.mcreator.atrox.AtroxMod/]: BOOSSECONDPHASE
[04Apr2025 10:53:22.057] [Server thread/INFO] [net.mcreator.atrox.AtroxMod/]: BOOSSECONDPHASE
[04Apr2025 10:53:22.058] [Render thread/INFO] [net.mcreator.atrox.AtroxMod/]: BOOSSECONDPHASE
[04Apr2025 10:53:22.058] [Server thread/INFO] [net.mcreator.atrox.AtroxMod/]: BOOSSECONDPHASE
[04Apr2025 10:53:22.058] [Render thread/INFO] [net.mcreator.atrox.AtroxMod/]: BOOSSECONDPHASE
[04Apr2025 10:53:22.058] [Server thread/INFO] [net.mcreator.atrox.AtroxMod/]: BOOSSECONDPHASE
[04Apr2025 10:53:22.058] [Server thread/INFO] [net.mcreator.atrox.AtroxMod/]: BOOSSECONDPHASE
[04Apr2025 10:53:22.058] [Render thread/INFO] [net.mcreator.atrox.AtroxMod/]: BOOSSECONDPHASE
[04Apr2025 10:53:22.058] [Server thread/INFO] [net.mcreator.atrox.AtroxMod/]: BOOSSECONDPHASE
[04Apr2025 10:53:22.058] [Render thread/INFO] [net.mcreator.atrox.AtroxMod/]: BOOSSECONDPHASE
[04Apr2025 10:53:22.058] [Render thread/INFO] [net.mcreator.atrox.AtroxMod/]: BOOSSECONDPHASE
[04Apr2025 10:53:22.058] [Server thread/INFO] [net.mcreator.atrox.AtroxMod/]: BOOSSECONDPHASE
[04Apr2025 10:53:22.058] [Render thread/INFO] [net.mcreator.atrox.AtroxMod/]: BOOSSECONDPHASE
[04Apr2025 10:53:22.058] [Server thread/INFO] [net.mcreator.atrox.AtroxMod/]: BOOSSECONDPHASE
[04Apr2025 10:53:22.058] [Render thread/INFO] [net.mcreator.atrox.AtroxMod/]: BOOSSECONDPHASE
[04Apr2025 10:53:22.058] [Render thread/INFO] [net.mcreator.atrox.AtroxMod/]: BOOSSECONDPHASE
[04Apr2025 10:53:22.058] [Server thread/INFO] [net.mcreator.atrox.AtroxMod/]: BOOSSECONDPHASE
[04Apr2025 10:53:22.059] [Render thread/INFO] [net.mcreator.atrox.AtroxMod/]: BOOSSECONDPHASE
[04Apr2025 10:53:22.059] [Server thread/INFO] [net.mcreator.atrox.AtroxMod/]: BOOSSECONDPHASE
[04Apr2025 10:53:22.059] [Render thread/INFO] [net.mcreator.atrox.AtroxMod/]: BOOSSECONDPHASE
[04Apr2025 10:53:22.059] [Server thread/INFO] [net.mcreator.atrox.AtroxMod/]: BOOSSECONDPHASE
[04Apr2025 10:53:22.059] [Render thread/INFO] [net.mcreator.atrox.AtroxMod/]: BOOSSECONDPHASE
[04Apr2025 10:53:22.059] [Server thread/INFO] [net.mcreator.atrox.AtroxMod/]: BOOSSECONDPHASE
[04Apr2025 10:53:22.059] [Render thread/INFO] [net.mcreator.atrox.AtroxMod/]: BOOSSECONDPHASE
[04Apr2025 10:53:22.059] [Render thread/INFO] [net.mcreator.atrox.AtroxMod/]: BOOSSECONDPHASE
[04Apr2025 10:53:22.059] [Server thread/INFO] [net.mcreator.atrox.AtroxMod/]: BOOSSECONDPHASE
[04Apr2025 10:53:22.059] [Render thread/INFO] [net.mcreator.atrox.AtroxMod/]: BOOSSECONDPHASE
[04Apr2025 10:53:22.059] [Render thread/INFO] [net.mcreator.atrox.AtroxMod/]: BOOSSECONDPHASE
[04Apr2025 10:53:22.059] [Server thread/INFO] [net.mcreator.atrox.AtroxMod/]: BOOSSECONDPHASE
[04Apr2025 10:53:22.059] [Render thread/INFO] [net.mcreator.atrox.AtroxMod/]: BOOSSECONDPHASE
[04Apr2025 10:53:22.060] [Render thread/INFO] [net.mcreator.atrox.AtroxMod/]: BOOSSECONDPHASE
[04Apr2025 10:53:22.060] [Server thread/INFO] [net.mcreator.atrox.AtroxMod/]: BOOSSECONDPHASE
[04Apr2025 10:53:22.060] [Render thread/INFO] [net.mcreator.atrox.AtroxMod/]: BOOSSECONDPHASE
[04Apr2025 10:53:22.060] [Render thread/INFO] [net.mcreator.atrox.AtroxMod/]: BOOSSECONDPHASE
[04Apr2025 10:53:22.060] [Server thread/INFO] [net.mcreator.atrox.AtroxMod/]: BOOSSECONDPHASE
[04Apr2025 10:53:22.060] [Render thread/INFO] [net.mcreator.atrox.AtroxMod/]: BOOSSECONDPHASE
[04Apr2025 10:53:22.060] [Render thread/INFO] [net.mcreator.atrox.AtroxMod/]: BOOSSECONDPHASE
[04Apr2025 10:53:22.060] [Server thread/INFO] [net.mcreator.atrox.AtroxMod/]: BOOSSECONDPHASE
[04Apr2025 10:53:22.060] [Render thread/INFO] [net.mcreator.atrox.AtroxMod/]: BOOSSECONDPHASE
[04Apr2025 10:53:22.060] [Server thread/INFO] [net.mcreator.atrox.AtroxMod/]: BOOSSECONDPHASE
[04Apr2025 10:53:22.060] [Server thread/INFO] [net.mcreator.atrox.AtroxMod/]: BOOSSECONDPHASE
[04Apr2025 10:53:22.060] [Server thread/INFO] [net.mcreator.atrox.AtroxMod/]: BOOSSECONDPHASE
[04Apr2025 10:53:22.060] [Server thread/INFO] [net.mcreator.atrox.AtroxMod/]: BOOSSECONDPHASE
[04Apr2025 10:53:22.061] [Server thread/INFO] [net.mcreator.atrox.AtroxMod/]: BOOSSECONDPHASE
[04Apr2025 10:53:22.061] [Server thread/INFO] [net.mcreator.atrox.AtroxMod/]: BOOSSECONDPHASE
[04Apr2025 10:53:22.061] [Server thread/INFO] [net.mcreator.atrox.AtroxMod/]: BOOSSECONDPHASE
[04Apr2025 10:53:22.061] [Server thread/INFO] [net.mcreator.atrox.AtroxMod/]: BOOSSECONDPHASE
[04Apr2025 10:53:22.061] [Server thread/INFO] [net.mcreator.atrox.AtroxMod/]: BOOSSECONDPHASE
[04Apr2025 10:53:22.061] [Server thread/INFO] [net.mcreator.atrox.AtroxMod/]: BOOSSECONDPHASE
[04Apr2025 10:53:22.062] [Server thread/INFO] [net.mcreator.atrox.AtroxMod/]: BOOSSECONDPHASE
[04Apr2025 10:53:22.062] [Server thread/INFO] [net.mcreator.atrox.AtroxMod/]: BOOSSECONDPHASE
[04Apr2025 10:53:22.062] [Server thread/INFO] [net.mcreator.atrox.AtroxMod/]: BOOSSECONDPHASE
[04Apr2025 10:53:22.062] [Server thread/INFO] [net.mcreator.atrox.AtroxMod/]: BOOSSECONDPHASE
[04Apr2025 10:53:22.062] [Server thread/INFO] [net.mcreator.atrox.AtroxMod/]: BOOSSECONDPHASE
[04Apr2025 10:53:22.062] [Server thread/INFO] [net.mcreator.atrox.AtroxMod/]: BOOSSECONDPHASE
[04Apr2025 10:53:22.063] [Server thread/INFO] [net.mcreator.atrox.AtroxMod/]: BOOSSECONDPHASE
[04Apr2025 10:53:22.063] [Server thread/INFO] [net.mcreator.atrox.AtroxMod/]: BOOSSECONDPHASE
[04Apr2025 10:53:22.063] [Server thread/INFO] [net.mcreator.atrox.AtroxMod/]: BOOSSECONDPHASE
[04Apr2025 10:53:22.063] [Server thread/INFO] [net.mcreator.atrox.AtroxMod/]: BOOSSECONDPHASE
[04Apr2025 10:53:22.063] [Server thread/INFO] [net.mcreator.atrox.AtroxMod/]: BOOSSECONDPHASE
[04Apr2025 10:53:22.064] [Server thread/INFO] [net.mcreator.atrox.AtroxMod/]: BOOSSECONDPHASE
[04Apr2025 10:53:22.064] [Server thread/INFO] [net.mcreator.atrox.AtroxMod/]: BOOSSECONDPHASE
[04Apr2025 10:53:22.064] [Server thread/INFO] [net.mcreator.atrox.AtroxMod/]: BOOSSECONDPHASE
[04Apr2025 10:53:22.064] [Server thread/INFO] [net.mcreator.atrox.AtroxMod/]: BOOSSECONDPHASE
[04Apr2025 10:53:22.064] [Server thread/INFO] [net.mcreator.atrox.AtroxMod/]: BOOSSECONDPHASE
[04Apr2025 10:53:22.064] [Server thread/INFO] [net.mcreator.atrox.AtroxMod/]: BOOSSECONDPHASE
[04Apr2025 10:53:22.064] [Server thread/INFO] [net.mcreator.atrox.AtroxMod/]: BOOSSECONDPHASE
[04Apr2025 10:53:22.064] [Server thread/INFO] [net.mcreator.atrox.AtroxMod/]: BOOSSECONDPHASE
[04Apr2025 10:53:22.065] [Server thread/INFO] [net.mcreator.atrox.AtroxMod/]: BOOSSECONDPHASE
[04Apr2025 10:53:22.065] [Server thread/INFO] [net.mcreator.atrox.AtroxMod/]: BOOSSECONDPHASE
[04Apr2025 10:53:22.065] [Server thread/INFO] [net.mcreator.atrox.AtroxMod/]: BOOSSECONDPHASE
[04Apr2025 10:53:22.065] [Server thread/INFO] [net.mcreator.atrox.AtroxMod/]: BOOSSECONDPHASE
[04Apr2025 10:53:22.065] [Server thread/INFO] [net.mcreator.atrox.AtroxMod/]: BOOSSECONDPHASE
[04Apr2025 10:53:22.065] [Server thread/INFO] [net.mcreator.atrox.AtroxMod/]: BOOSSECONDPHASE
[04Apr2025 10:53:22.066] [Server thread/INFO] [net.mcreator.atrox.AtroxMod/]: BOOSSECONDPHASE
[04Apr2025 10:53:22.066] [Server thread/INFO] [net.mcreator.atrox.AtroxMod/]: BOOSSECONDPHASE
[04Apr2025 10:53:22.066] [Server thread/INFO] [net.mcreator.atrox.AtroxMod/]: BOOSSECONDPHASE
[04Apr2025 10:53:22.066] [Server thread/INFO] [net.mcreator.atrox.AtroxMod/]: BOOSSECONDPHASE
[04Apr2025 10:53:22.066] [Server thread/INFO] [net.mcreator.atrox.AtroxMod/]: BOOSSECONDPHASE
[04Apr2025 10:53:22.067] [Render thread/INFO] [net.mcreator.atrox.AtroxMod/]: BOOSSECONDPHASE
[04Apr2025 10:53:22.067] [Server thread/INFO] [net.mcreator.atrox.AtroxMod/]: BOOSSECONDPHASE
[04Apr2025 10:53:22.067] [Render thread/INFO] [net.mcreator.atrox.AtroxMod/]: BOOSSECONDPHASE
[04Apr2025 10:53:22.067] [Render thread/INFO] [net.mcreator.atrox.AtroxMod/]: BOOSSECONDPHASE
[04Apr2025 10:53:22.067] [Render thread/INFO] [net.mcreator.atrox.AtroxMod/]: BOOSSECONDPHASE
[04Apr2025 10:53:22.067] [Server thread/INFO] [net.mcreator.atrox.AtroxMod/]: BOOSSECONDPHASE
[04Apr2025 10:53:22.067] [Render thread/INFO] [net.mcreator.atrox.AtroxMod/]: BOOSSECONDPHASE
[04Apr2025 10:53:22.067] [Render thread/INFO] [net.mcreator.atrox.AtroxMod/]: BOOSSECONDPHASE
[04Apr2025 10:53:22.067] [Server thread/INFO] [net.mcreator.atrox.AtroxMod/]: BOOSSECONDPHASE
[04Apr2025 10:53:22.067] [Render thread/INFO] [net.mcreator.atrox.AtroxMod/]: BOOSSECONDPHASE
[04Apr2025 10:53:22.067] [Render thread/INFO] [net.mcreator.atrox.AtroxMod/]: BOOSSECONDPHASE
[04Apr2025 10:53:22.067] [Server thread/INFO] [net.mcreator.atrox.AtroxMod/]: BOOSSECONDPHASE
[04Apr2025 10:53:22.067] [Render thread/INFO] [net.mcreator.atrox.AtroxMod/]: BOOSSECONDPHASE
[04Apr2025 10:53:22.068] [Render thread/INFO] [net.mcreator.atrox.AtroxMod/]: BOOSSECONDPHASE
[04Apr2025 10:53:22.068] [Server thread/INFO] [net.mcreator.atrox.AtroxMod/]: BOOSSECONDPHASE
[04Apr2025 10:53:22.068] [Render thread/INFO] [net.mcreator.atrox.AtroxMod/]: BOOSSECONDPHASE
[04Apr2025 10:53:22.068] [Render thread/INFO] [net.mcreator.atrox.AtroxMod/]: BOOSSECONDPHASE
[04Apr2025 10:53:22.068] [Render thread/INFO] [net.mcreator.atrox.AtroxMod/]: BOOSSECONDPHASE
[04Apr2025 10:53:22.068] [Server thread/INFO] [net.mcreator.atrox.AtroxMod/]: BOOSSECONDPHASE
[04Apr2025 10:53:22.068] [Render thread/INFO] [net.mcreator.atrox.AtroxMod/]: BOOSSECONDPHASE
[04Apr2025 10:53:22.068] [Render thread/INFO] [net.mcreator.atrox.AtroxMod/]: BOOSSECONDPHASE
[04Apr2025 10:53:22.068] [Server thread/INFO] [net.mcreator.atrox.AtroxMod/]: BOOSSECONDPHASE
[04Apr2025 10:53:22.068] [Render thread/INFO] [net.mcreator.atrox.AtroxMod/]: BOOSSECONDPHASE
[04Apr2025 10:53:22.068] [Render thread/INFO] [net.mcreator.atrox.AtroxMod/]: BOOSSECONDPHASE
[04Apr2025 10:53:22.068] [Server thread/INFO] [net.mcreator.atrox.AtroxMod/]: BOOSSECONDPHASE
[04Apr2025 10:53:22.068] [Render thread/INFO] [net.mcreator.atrox.AtroxMod/]: BOOSSECONDPHASE
[04Apr2025 10:53:22.068] [Render thread/INFO] [net.mcreator.atrox.AtroxMod/]: BOOSSECONDPHASE
[04Apr2025 10:53:22.068] [Server thread/INFO] [net.mcreator.atrox.AtroxMod/]: BOOSSECONDPHASE
[04Apr2025 10:53:22.068] [Render thread/INFO] [net.mcreator.atrox.AtroxMod/]: BOOSSECONDPHASE
[04Apr2025 10:53:22.068] [Render thread/INFO] [net.mcreator.atrox.AtroxMod/]: BOOSSECONDPHASE
[04Apr2025 10:53:22.069] [Server thread/INFO] [net.mcreator.atrox.AtroxMod/]: BOOSSECONDPHASE
[04Apr2025 10:53:22.069] [Render thread/INFO] [net.mcreator.atrox.AtroxMod/]: BOOSSECONDPHASE
[04Apr2025 10:53:22.069] [Server thread/INFO] [net.mcreator.atrox.AtroxMod/]: BOOSSECONDPHASE
[04Apr2025 10:53:22.069] [Render thread/INFO] [net.mcreator.atrox.AtroxMod/]: BOOSSECONDPHASE
[04Apr2025 10:53:22.069] [Render thread/INFO] [net.mcreator.atrox.AtroxMod/]: BOOSSECONDPHASE
[04Apr2025 10:53:22.069] [Server thread/INFO] [net.mcreator.atrox.AtroxMod/]: BOOSSECONDPHASE
[04Apr2025 10:53:22.069] [Render thread/INFO] [net.mcreator.atrox.AtroxMod/]: BOOSSECONDPHASE
[04Apr2025 10:53:22.069] [Render thread/INFO] [net.mcreator.atrox.AtroxMod/]: BOOSSECONDPHASE
[04Apr2025 10:53:22.069] [Server thread/INFO] [net.mcreator.atrox.AtroxMod/]: BOOSSECONDPHASE
[04Apr2025 10:53:22.069] [Render thread/INFO] [net.mcreator.atrox.AtroxMod/]: BOOSSECONDPHASE
[04Apr2025 10:53:22.069] [Render thread/INFO] [net.mcreator.atrox.AtroxMod/]: BOOSSECONDPHASE
[04Apr2025 10:53:22.069] [Render thread/INFO] [net.mcreator.atrox.AtroxMod/]: BOOSSECONDPHASE
[04Apr2025 10:53:22.069] [Server thread/INFO] [net.mcreator.atrox.AtroxMod/]: BOOSSECONDPHASE
[04Apr2025 10:53:22.069] [Render thread/INFO] [net.mcreator.atrox.AtroxMod/]: BOOSSECONDPHASE
[04Apr2025 10:53:22.069] [Render thread/INFO] [net.mcreator.atrox.AtroxMod/]: BOOSSECONDPHASE
[04Apr2025 10:53:22.069] [Render thread/INFO] [net.mcreator.atrox.AtroxMod/]: BOOSSECONDPHASE
[04Apr2025 10:53:22.070] [Render thread/INFO] [net.mcreator.atrox.AtroxMod/]: BOOSSECONDPHASE
[04Apr2025 10:53:22.070] [Render thread/INFO] [net.mcreator.atrox.AtroxMod/]: BOOSSECONDPHASE
[04Apr2025 10:53:22.070] [Server thread/INFO] [net.mcreator.atrox.AtroxMod/]: BOOSSECONDPHASE
[04Apr2025 10:53:22.070] [Render thread/INFO] [net.mcreator.atrox.AtroxMod/]: BOOSSECONDPHASE
[04Apr2025 10:53:22.070] [Render thread/INFO] [net.mcreator.atrox.AtroxMod/]: BOOSSECONDPHASE
[04Apr2025 10:53:22.070] [Render thread/INFO] [net.mcreator.atrox.AtroxMod/]: BOOSSECONDPHASE
[04Apr2025 10:53:22.070] [Server thread/INFO] [net.mcreator.atrox.AtroxMod/]: BOOSSECONDPHASE
[04Apr2025 10:53:22.070] [Render thread/INFO] [net.mcreator.atrox.AtroxMod/]: BOOSSECONDPHASE
[04Apr2025 10:53:22.070] [Render thread/INFO] [net.mcreator.atrox.AtroxMod/]: BOOSSECONDPHASE
[04Apr2025 10:53:22.070] [Render thread/INFO] [net.mcreator.atrox.AtroxMod/]: BOOSSECONDPHASE
[04Apr2025 10:53:22.070] [Server thread/INFO] [net.mcreator.atrox.AtroxMod/]: BOOSSECONDPHASE
[04Apr2025 10:53:22.070] [Render thread/INFO] [net.mcreator.atrox.AtroxMod/]: BOOSSECONDPHASE
[04Apr2025 10:53:22.070] [Render thread/INFO] [net.mcreator.atrox.AtroxMod/]: BOOSSECONDPHASE
[04Apr2025 10:53:22.070] [Render thread/INFO] [net.mcreator.atrox.AtroxMod/]: BOOSSECONDPHASE
[04Apr2025 10:53:22.070] [Server thread/INFO] [net.mcreator.atrox.AtroxMod/]: BOOSSECONDPHASE
[04Apr2025 10:53:22.070] [Render thread/INFO] [net.mcreator.atrox.AtroxMod/]: BOOSSECONDPHASE
[04Apr2025 10:53:22.071] [Render thread/INFO] [net.mcreator.atrox.AtroxMod/]: BOOSSECONDPHASE
[04Apr2025 10:53:22.071] [Render thread/INFO] [net.mcreator.atrox.AtroxMod/]: BOOSSECONDPHASE
[04Apr2025 10:53:22.071] [Server thread/INFO] [net.mcreator.atrox.AtroxMod/]: BOOSSECONDPHASE
[04Apr2025 10:53:22.071] [Render thread/INFO] [net.mcreator.atrox.AtroxMod/]: BOOSSECONDPHASE
[04Apr2025 10:53:22.071] [Render thread/INFO] [net.mcreator.atrox.AtroxMod/]: BOOSSECONDPHASE
[04Apr2025 10:53:22.071] [Render thread/INFO] [net.mcreator.atrox.AtroxMod/]: BOOSSECONDPHASE
[04Apr2025 10:53:22.071] [Server thread/INFO] [net.mcreator.atrox.AtroxMod/]: BOOSSECONDPHASE
[04Apr2025 10:53:22.071] [Render thread/INFO] [net.mcreator.atrox.AtroxMod/]: BOOSSECONDPHASE
[04Apr2025 10:53:22.071] [Render thread/INFO] [net.mcreator.atrox.AtroxMod/]: BOOSSECONDPHASE
[04Apr2025 10:53:22.071] [Render thread/INFO] [net.mcreator.atrox.AtroxMod/]: BOOSSECONDPHASE
[04Apr2025 10:53:22.071] [Render thread/INFO] [net.mcreator.atrox.AtroxMod/]: BOOSSECONDPHASE
[04Apr2025 10:53:22.071] [Server thread/INFO] [net.mcreator.atrox.AtroxMod/]: BOOSSECONDPHASE
[04Apr2025 10:53:22.071] [Render thread/INFO] [net.mcreator.atrox.AtroxMod/]: BOOSSECONDPHASE
[04Apr2025 10:53:22.071] [Render thread/INFO] [net.mcreator.atrox.AtroxMod/]: BOOSSECONDPHASE
[04Apr2025 10:53:22.071] [Server thread/INFO] [net.mcreator.atrox.AtroxMod/]: BOOSSECONDPHASE
[04Apr2025 10:53:22.071] [Render thread/INFO] [net.mcreator.atrox.AtroxMod/]: BOOSSECONDPHASE
[04Apr2025 10:53:22.071] [Render thread/INFO] [net.mcreator.atrox.AtroxMod/]: BOOSSECONDPHASE
[04Apr2025 10:53:22.071] [Server thread/INFO] [net.mcreator.atrox.AtroxMod/]: BOOSSECONDPHASE
[04Apr2025 10:53:22.072] [Render thread/INFO] [net.mcreator.atrox.AtroxMod/]: BOOSSECONDPHASE
[04Apr2025 10:53:22.072] [Render thread/INFO] [net.mcreator.atrox.AtroxMod/]: BOOSSECONDPHASE
[04Apr2025 10:53:22.072] [Render thread/INFO] [net.mcreator.atrox.AtroxMod/]: BOOSSECONDPHASE
[04Apr2025 10:53:22.072] [Server thread/INFO] [net.mcreator.atrox.AtroxMod/]: BOOSSECONDPHASE
[04Apr2025 10:53:22.072] [Render thread/INFO] [net.mcreator.atrox.AtroxMod/]: BOOSSECONDPHASE
[04Apr2025 10:53:22.072] [Render thread/INFO] [net.mcreator.atrox.AtroxMod/]: BOOSSECONDPHASE
[04Apr2025 10:53:22.072] [Render thread/INFO] [net.mcreator.atrox.AtroxMod/]: BOOSSECONDPHASE
[04Apr2025 10:53:22.072] [Render thread/INFO] [net.mcreator.atrox.AtroxMod/]: BOOSSECONDPHASE
[04Apr2025 10:53:22.072] [Render thread/INFO] [net.mcreator.atrox.AtroxMod/]: BOOSSECONDPHASE
[04Apr2025 10:53:22.072] [Server thread/INFO] [net.mcreator.atrox.AtroxMod/]: BOOSSECONDPHASE
[04Apr2025 10:53:22.072] [Server thread/INFO] [net.mcreator.atrox.AtroxMod/]: BOOSSECONDPHASE
[04Apr2025 10:53:22.073] [Server thread/INFO] [net.mcreator.atrox.AtroxMod/]: BOOSSECONDPHASE
[04Apr2025 10:53:22.073] [Server thread/INFO] [net.mcreator.atrox.AtroxMod/]: BOOSSECONDPHASE
[04Apr2025 10:53:22.073] [Server thread/INFO] [net.mcreator.atrox.AtroxMod/]: BOOSSECONDPHASE
[04Apr2025 10:53:22.074] [Server thread/INFO] [net.mcreator.atrox.AtroxMod/]: BOOSSECONDPHASE
[04Apr2025 10:53:22.074] [Server thread/INFO] [net.mcreator.atrox.AtroxMod/]: BOOSSECONDPHASE
[04Apr2025 10:53:22.074] [Server thread/INFO] [net.mcreator.atrox.AtroxMod/]: BOOSSECONDPHASE
[04Apr2025 10:53:22.074] [Server thread/INFO] [net.mcreator.atrox.AtroxMod/]: BOOSSECONDPHASE
[04Apr2025 10:53:22.074] [Server thread/INFO] [net.mcreator.atrox.AtroxMod/]: BOOSSECONDPHASE
[04Apr2025 10:53:22.075] [Server thread/INFO] [net.mcreator.atrox.AtroxMod/]: BOOSSECONDPHASE
[04Apr2025 10:53:22.075] [Server thread/INFO] [net.mcreator.atrox.AtroxMod/]: BOOSSECONDPHASE
[04Apr2025 10:53:22.075] [Server thread/INFO] [net.mcreator.atrox.AtroxMod/]: BOOSSECONDPHASE
[04Apr2025 10:53:22.075] [Server thread/INFO] [net.mcreator.atrox.AtroxMod/]: BOOSSECONDPHASE
[04Apr2025 10:53:22.075] [Server thread/INFO] [net.mcreator.atrox.AtroxMod/]: BOOSSECONDPHASE
[04Apr2025 10:53:22.075] [Server thread/INFO] [net.mcreator.atrox.AtroxMod/]: BOOSSECONDPHASE
[04Apr2025 10:53:22.076] [Server thread/INFO] [net.mcreator.atrox.AtroxMod/]: BOOSSECONDPHASE
[04Apr2025 10:53:22.076] [Server thread/INFO] [net.mcreator.atrox.AtroxMod/]: BOOSSECONDPHASE
[04Apr2025 10:53:22.076] [Server thread/INFO] [net.minecraft.server.MinecraftServer/]: [@: Killed 184 entities]
[04Apr2025 10:53:22.080] [Render thread/INFO] [net.mcreator.atrox.AtroxMod/]: BOOSSECONDPHASE
[04Apr2025 10:53:22.081] [Render thread/INFO] [net.mcreator.atrox.AtroxMod/]: BOOSSECONDPHASE
[04Apr2025 10:53:22.081] [Render thread/INFO] [net.mcreator.atrox.AtroxMod/]: BOOSSECONDPHASE
[04Apr2025 10:53:22.081] [Render thread/INFO] [net.mcreator.atrox.AtroxMod/]: BOOSSECONDPHASE
[04Apr2025 10:53:22.081] [Render thread/INFO] [net.mcreator.atrox.AtroxMod/]: BOOSSECONDPHASE
[04Apr2025 10:53:22.081] [Render thread/INFO] [net.mcreator.atrox.AtroxMod/]: BOOSSECONDPHASE
[04Apr2025 10:53:22.081] [Render thread/INFO] [net.mcreator.atrox.AtroxMod/]: BOOSSECONDPHASE
[04Apr2025 10:53:22.081] [Render thread/INFO] [net.mcreator.atrox.AtroxMod/]: BOOSSECONDPHASE
[04Apr2025 10:53:22.081] [Render thread/INFO] [net.mcreator.atrox.AtroxMod/]: BOOSSECONDPHASE
[04Apr2025 10:53:22.081] [Render thread/INFO] [net.mcreator.atrox.AtroxMod/]: BOOSSECONDPHASE
[04Apr2025 10:53:22.081] [Render thread/INFO] [net.mcreator.atrox.AtroxMod/]: BOOSSECONDPHASE
[04Apr2025 10:53:22.081] [Render thread/INFO] [net.mcreator.atrox.AtroxMod/]: BOOSSECONDPHASE
[04Apr2025 10:53:22.081] [Render thread/INFO] [net.mcreator.atrox.AtroxMod/]: BOOSSECONDPHASE
[04Apr2025 10:53:22.081] [Render thread/INFO] [net.mcreator.atrox.AtroxMod/]: BOOSSECONDPHASE
[04Apr2025 10:53:22.081] [Render thread/INFO] [net.mcreator.atrox.AtroxMod/]: BOOSSECONDPHASE
[04Apr2025 10:53:22.081] [Render thread/INFO] [net.mcreator.atrox.AtroxMod/]: BOOSSECONDPHASE
[04Apr2025 10:53:22.081] [Render thread/INFO] [net.mcreator.atrox.AtroxMod/]: BOOSSECONDPHASE
[04Apr2025 10:53:22.082] [Render thread/INFO] [net.mcreator.atrox.AtroxMod/]: BOOSSECONDPHASE
[04Apr2025 10:53:22.082] [Render thread/INFO] [net.minecraft.client.gui.components.ChatComponent/]: [System] [CHAT] [@: Killed 184 entities]
[04Apr2025 10:53:23.244] [Server thread/INFO] [net.mcreator.atrox.AtroxMod/]: BOOSSECONDPHASE
[04Apr2025 10:53:23.244] [Server thread/INFO] [net.mcreator.atrox.AtroxMod/]: BOOSSECONDPHASE
[04Apr2025 10:53:23.244] [Server thread/INFO] [net.minecraft.server.MinecraftServer/]: [@: Killed 2 entities]
[04Apr2025 10:53:23.246] [Render thread/INFO] [net.mcreator.atrox.AtroxMod/]: BOOSSECONDPHASE
[04Apr2025 10:53:23.246] [Render thread/INFO] [net.mcreator.atrox.AtroxMod/]: BOOSSECONDPHASE
[04Apr2025 10:53:23.246] [Render thread/INFO] [net.minecraft.client.gui.components.ChatComponent/]: [System] [CHAT] [@: Killed 2 entities]
[04Apr2025 10:53:23.494] [Server thread/INFO] [net.mcreator.atrox.AtroxMod/]: BOOSSECONDPHASE
[04Apr2025 10:53:23.494] [Server thread/INFO] [net.minecraft.server.MinecraftServer/]: [@: Killed Slime]
[04Apr2025 10:53:23.495] [Render thread/INFO] [net.mcreator.atrox.AtroxMod/]: BOOSSECONDPHASE
[04Apr2025 10:53:23.495] [Render thread/INFO] [net.minecraft.client.gui.components.ChatComponent/]: [System] [CHAT] [@: Killed Slime]
[04Apr2025 10:53:24.245] [Server thread/INFO] [net.mcreator.atrox.AtroxMod/]: BOOSSECONDPHASE
[04Apr2025 10:53:24.245] [Server thread/INFO] [net.mcreator.atrox.AtroxMod/]: BOOSSECONDPHASE
[04Apr2025 10:53:24.245] [Server thread/INFO] [net.mcreator.atrox.AtroxMod/]: BOOSSECONDPHASE
[04Apr2025 10:53:24.245] [Server thread/INFO] [net.minecraft.server.MinecraftServer/]: [@: Killed 3 entities]
[04Apr2025 10:53:24.246] [Render thread/INFO] [net.mcreator.atrox.AtroxMod/]: BOOSSECONDPHASE
[04Apr2025 10:53:24.246] [Render thread/INFO] [net.mcreator.atrox.AtroxMod/]: BOOSSECONDPHASE
[04Apr2025 10:53:24.246] [Render thread/INFO] [net.mcreator.atrox.AtroxMod/]: BOOSSECONDPHASE
[04Apr2025 10:53:24.246] [Render thread/INFO] [net.minecraft.client.gui.components.ChatComponent/]: [System] [CHAT] [@: Killed 3 entities]
[04Apr2025 10:53:24.394] [Server thread/INFO] [net.mcreator.atrox.AtroxMod/]: BOOSSECONDPHASE
[04Apr2025 10:53:24.394] [Server thread/INFO] [net.minecraft.server.MinecraftServer/]: [@: Killed Slime]
[04Apr2025 10:53:24.394] [Render thread/INFO] [net.mcreator.atrox.AtroxMod/]: BOOSSECONDPHASE
[04Apr2025 10:53:24.394] [Render thread/INFO] [net.minecraft.client.gui.components.ChatComponent/]: [System] [CHAT] [@: Killed Slime]
[04Apr2025 10:53:24.495] [Server thread/INFO] [net.mcreator.atrox.AtroxMod/]: BOOSSECONDPHASE
[04Apr2025 10:53:24.495] [Server thread/INFO] [net.mcreator.atrox.AtroxMod/]: BOOSSECONDPHASE
[04Apr2025 10:53:24.495] [Server thread/INFO] [net.mcreator.atrox.AtroxMod/]: BOOSSECONDPHASE
[04Apr2025 10:53:24.495] [Server thread/INFO] [net.mcreator.atrox.AtroxMod/]: BOOSSECONDPHASE
[04Apr2025 10:53:24.495] [Server thread/INFO] [net.minecraft.server.MinecraftServer/]: [@: Killed 4 entities]
[04Apr2025 10:53:24.495] [Render thread/INFO] [net.mcreator.atrox.AtroxMod/]: BOOSSECONDPHASE
[04Apr2025 10:53:24.495] [Render thread/INFO] [net.mcreator.atrox.AtroxMod/]: BOOSSECONDPHASE
[04Apr2025 10:53:24.495] [Render thread/INFO] [net.mcreator.atrox.AtroxMod/]: BOOSSECONDPHASE
[04Apr2025 10:53:24.495] [Render thread/INFO] [net.mcreator.atrox.AtroxMod/]: BOOSSECONDPHASE
[04Apr2025 10:53:24.496] [Render thread/INFO] [net.minecraft.client.gui.components.ChatComponent/]: [System] [CHAT] [@: Killed 4 entities]
[04Apr2025 10:53:24.544] [Server thread/INFO] [net.mcreator.atrox.AtroxMod/]: BOOSSECONDPHASE
[04Apr2025 10:53:24.544] [Server thread/INFO] [net.minecraft.server.MinecraftServer/]: [@: Killed Slime]
[04Apr2025 10:53:24.546] [Render thread/INFO] [net.mcreator.atrox.AtroxMod/]: BOOSSECONDPHASE
[04Apr2025 10:53:24.546] [Render thread/INFO] [net.minecraft.client.gui.components.ChatComponent/]: [System] [CHAT] [@: Killed Slime]
[04Apr2025 10:53:24.594] [Server thread/INFO] [net.mcreator.atrox.AtroxMod/]: BOOSSECONDPHASE
[04Apr2025 10:53:24.594] [Server thread/INFO] [net.minecraft.server.MinecraftServer/]: [@: Killed Slime]
[04Apr2025 10:53:24.594] [Render thread/INFO] [net.mcreator.atrox.AtroxMod/]: BOOSSECONDPHASE
[04Apr2025 10:53:24.594] [Render thread/INFO] [net.minecraft.client.gui.components.ChatComponent/]: [System] [CHAT] [@: Killed Slime]
[04Apr2025 10:53:24.945] [Server thread/INFO] [net.mcreator.atrox.AtroxMod/]: BOOSSECONDPHASE
[04Apr2025 10:53:24.945] [Server thread/INFO] [net.minecraft.server.MinecraftServer/]: [@: Killed Slime]
[04Apr2025 10:53:24.946] [Render thread/INFO] [net.mcreator.atrox.AtroxMod/]: BOOSSECONDPHASE
[04Apr2025 10:53:24.946] [Render thread/INFO] [net.minecraft.client.gui.components.ChatComponent/]: [System] [CHAT] [@: Killed Slime]
[04Apr2025 10:53:25.044] [Server thread/INFO] [net.mcreator.atrox.AtroxMod/]: BOOSSECONDPHASE
[04Apr2025 10:53:25.044] [Server thread/INFO] [net.minecraft.server.MinecraftServer/]: [@: Killed Slime]
[04Apr2025 10:53:25.044] [Render thread/INFO] [net.mcreator.atrox.AtroxMod/]: BOOSSECONDPHASE
[04Apr2025 10:53:25.044] [Render thread/INFO] [net.minecraft.client.gui.components.ChatComponent/]: [System] [CHAT] [@: Killed Slime]
[04Apr2025 10:53:25.295] [Server thread/INFO] [net.mcreator.atrox.AtroxMod/]: BOOSSECONDPHASE
[04Apr2025 10:53:25.295] [Server thread/INFO] [net.mcreator.atrox.AtroxMod/]: BOOSSECONDPHASE
[04Apr2025 10:53:25.295] [Server thread/INFO] [net.minecraft.server.MinecraftServer/]: [@: Killed 2 entities]
[04Apr2025 10:53:25.296] [Render thread/INFO] [net.mcreator.atrox.AtroxMod/]: BOOSSECONDPHASE
[04Apr2025 10:53:25.296] [Render thread/INFO] [net.mcreator.atrox.AtroxMod/]: BOOSSECONDPHASE
[04Apr2025 10:53:25.296] [Render thread/INFO] [net.minecraft.client.gui.components.ChatComponent/]: [System] [CHAT] [@: Killed 2 entities]
[04Apr2025 10:53:25.344] [Server thread/INFO] [net.mcreator.atrox.AtroxMod/]: BOOSSECONDPHASE
[04Apr2025 10:53:25.344] [Server thread/INFO] [net.minecraft.server.MinecraftServer/]: [@: Killed Slime]
[04Apr2025 10:53:25.344] [Render thread/INFO] [net.mcreator.atrox.AtroxMod/]: BOOSSECONDPHASE
[04Apr2025 10:53:25.344] [Render thread/INFO] [net.minecraft.client.gui.components.ChatComponent/]: [System] [CHAT] [@: Killed Slime]
[04Apr2025 10:53:25.694] [Server thread/INFO] [net.mcreator.atrox.AtroxMod/]: BOOSSECONDPHASE
[04Apr2025 10:53:25.694] [Server thread/INFO] [net.minecraft.server.MinecraftServer/]: [@: Killed Slime]
[04Apr2025 10:53:25.695] [Render thread/INFO] [net.mcreator.atrox.AtroxMod/]: BOOSSECONDPHASE
[04Apr2025 10:53:25.695] [Render thread/INFO] [net.minecraft.client.gui.components.ChatComponent/]: [System] [CHAT] [@: Killed Slime]
[04Apr2025 10:53:25.944] [Server thread/INFO] [net.mcreator.atrox.AtroxMod/]: BOOSSECONDPHASE
[04Apr2025 10:53:25.944] [Server thread/INFO] [net.mcreator.atrox.AtroxMod/]: BOOSSECONDPHASE
[04Apr2025 10:53:25.944] [Server thread/INFO] [net.minecraft.server.MinecraftServer/]: [@: Killed 2 entities]
[04Apr2025 10:53:25.944] [Render thread/INFO] [net.mcreator.atrox.AtroxMod/]: BOOSSECONDPHASE
[04Apr2025 10:53:25.944] [Render thread/INFO] [net.mcreator.atrox.AtroxMod/]: BOOSSECONDPHASE
[04Apr2025 10:53:25.944] [Render thread/INFO] [net.minecraft.client.gui.components.ChatComponent/]: [System] [CHAT] [@: Killed 2 entities]
[04Apr2025 10:53:26.044] [Server thread/INFO] [net.mcreator.atrox.AtroxMod/]: BOOSSECONDPHASE
[04Apr2025 10:53:26.044] [Server thread/INFO] [net.mcreator.atrox.AtroxMod/]: BOOSSECONDPHASE
[04Apr2025 10:53:26.044] [Server thread/INFO] [net.mcreator.atrox.AtroxMod/]: BOOSSECONDPHASE
[04Apr2025 10:53:26.044] [Server thread/INFO] [net.mcreator.atrox.AtroxMod/]: BOOSSECONDPHASE
[04Apr2025 10:53:26.044] [Render thread/INFO] [net.mcreator.atrox.AtroxMod/]: BOOSSECONDPHASE
[04Apr2025 10:53:26.044] [Render thread/INFO] [net.mcreator.atrox.AtroxMod/]: BOOSSECONDPHASE
[04Apr2025 10:53:26.044] [Render thread/INFO] [net.mcreator.atrox.AtroxMod/]: BOOSSECONDPHASE
[04Apr2025 10:53:26.044] [Server thread/INFO] [net.minecraft.server.MinecraftServer/]: [@: Killed 4 entities]
[04Apr2025 10:53:26.044] [Render thread/INFO] [net.mcreator.atrox.AtroxMod/]: BOOSSECONDPHASE
[04Apr2025 10:53:26.044] [Render thread/INFO] [net.minecraft.client.gui.components.ChatComponent/]: [System] [CHAT] [@: Killed 4 entities]
[04Apr2025 10:53:26.244] [Server thread/INFO] [net.mcreator.atrox.AtroxMod/]: BOOSSECONDPHASE
[04Apr2025 10:53:26.244] [Server thread/INFO] [net.mcreator.atrox.AtroxMod/]: BOOSSECONDPHASE
[04Apr2025 10:53:26.244] [Server thread/INFO] [net.minecraft.server.MinecraftServer/]: [@: Killed 2 entities]
[04Apr2025 10:53:26.244] [Render thread/INFO] [net.mcreator.atrox.AtroxMod/]: BOOSSECONDPHASE
[04Apr2025 10:53:26.244] [Render thread/INFO] [net.mcreator.atrox.AtroxMod/]: BOOSSECONDPHASE
[04Apr2025 10:53:26.245] [Render thread/INFO] [net.minecraft.client.gui.components.ChatComponent/]: [System] [CHAT] [@: Killed 2 entities]
[04Apr2025 10:53:26.293] [Server thread/INFO] [net.mcreator.atrox.AtroxMod/]: BOOSSECONDPHASE
[04Apr2025 10:53:26.293] [Server thread/INFO] [net.mcreator.atrox.AtroxMod/]: BOOSSECONDPHASE
[04Apr2025 10:53:26.293] [Server thread/INFO] [net.mcreator.atrox.AtroxMod/]: BOOSSECONDPHASE
[04Apr2025 10:53:26.293] [Server thread/INFO] [net.mcreator.atrox.AtroxMod/]: BOOSSECONDPHASE
[04Apr2025 10:53:26.293] [Server thread/INFO] [net.minecraft.server.MinecraftServer/]: [@: Killed 4 entities]
[04Apr2025 10:53:26.293] [Render thread/INFO] [net.mcreator.atrox.AtroxMod/]: BOOSSECONDPHASE
[04Apr2025 10:53:26.293] [Render thread/INFO] [net.mcreator.atrox.AtroxMod/]: BOOSSECONDPHASE
[04Apr2025 10:53:26.293] [Render thread/INFO] [net.mcreator.atrox.AtroxMod/]: BOOSSECONDPHASE
[04Apr2025 10:53:26.294] [Render thread/INFO] [net.mcreator.atrox.AtroxMod/]: BOOSSECONDPHASE
[04Apr2025 10:53:26.294] [Render thread/INFO] [net.minecraft.client.gui.components.ChatComponent/]: [System] [CHAT] [@: Killed 4 entities]
[04Apr2025 10:53:26.443] [Server thread/INFO] [net.mcreator.atrox.AtroxMod/]: BOOSSECONDPHASE
[04Apr2025 10:53:26.443] [Server thread/INFO] [net.mcreator.atrox.AtroxMod/]: BOOSSECONDPHASE
[04Apr2025 10:53:26.443] [Server thread/INFO] [net.minecraft.server.MinecraftServer/]: [@: Killed 2 entities]
[04Apr2025 10:53:26.443] [Render thread/INFO] [net.mcreator.atrox.AtroxMod/]: BOOSSECONDPHASE
[04Apr2025 10:53:26.443] [Render thread/INFO] [net.mcreator.atrox.AtroxMod/]: BOOSSECONDPHASE
[04Apr2025 10:53:26.443] [Render thread/INFO] [net.minecraft.client.gui.components.ChatComponent/]: [System] [CHAT] [@: Killed 2 entities]
[04Apr2025 10:53:26.593] [Server thread/INFO] [net.mcreator.atrox.AtroxMod/]: BOOSSECONDPHASE
[04Apr2025 10:53:26.593] [Server thread/INFO] [net.mcreator.atrox.AtroxMod/]: BOOSSECONDPHASE
[04Apr2025 10:53:26.593] [Server thread/INFO] [net.mcreator.atrox.AtroxMod/]: BOOSSECONDPHASE
[04Apr2025 10:53:26.593] [Server thread/INFO] [net.minecraft.server.MinecraftServer/]: [@: Killed 3 entities]
[04Apr2025 10:53:26.594] [Render thread/INFO] [net.mcreator.atrox.AtroxMod/]: BOOSSECONDPHASE
[04Apr2025 10:53:26.594] [Render thread/INFO] [net.mcreator.atrox.AtroxMod/]: BOOSSECONDPHASE
[04Apr2025 10:53:26.594] [Render thread/INFO] [net.mcreator.atrox.AtroxMod/]: BOOSSECONDPHASE
[04Apr2025 10:53:26.594] [Render thread/INFO] [net.minecraft.client.gui.components.ChatComponent/]: [System] [CHAT] [@: Killed 3 entities]
[04Apr2025 10:53:26.693] [Server thread/INFO] [net.mcreator.atrox.AtroxMod/]: BOOSSECONDPHASE
[04Apr2025 10:53:26.693] [Server thread/INFO] [net.mcreator.atrox.AtroxMod/]: BOOSSECONDPHASE
[04Apr2025 10:53:26.693] [Server thread/INFO] [net.mcreator.atrox.AtroxMod/]: BOOSSECONDPHASE
[04Apr2025 10:53:26.693] [Render thread/INFO] [net.mcreator.atrox.AtroxMod/]: BOOSSECONDPHASE
[04Apr2025 10:53:26.693] [Render thread/INFO] [net.mcreator.atrox.AtroxMod/]: BOOSSECONDPHASE
[04Apr2025 10:53:26.693] [Render thread/INFO] [net.mcreator.atrox.AtroxMod/]: BOOSSECONDPHASE
[04Apr2025 10:53:26.693] [Server thread/INFO] [net.minecraft.server.MinecraftServer/]: [@: Killed 3 entities]
[04Apr2025 10:53:26.694] [Render thread/INFO] [net.minecraft.client.gui.components.ChatComponent/]: [System] [CHAT] [@: Killed 3 entities]
[04Apr2025 10:53:26.794] [Server thread/INFO] [net.mcreator.atrox.AtroxMod/]: BOOSSECONDPHASE
[04Apr2025 10:53:26.794] [Server thread/INFO] [net.minecraft.server.MinecraftServer/]: [@: Killed Slime]
[04Apr2025 10:53:26.794] [Render thread/INFO] [net.mcreator.atrox.AtroxMod/]: BOOSSECONDPHASE
[04Apr2025 10:53:26.794] [Render thread/INFO] [net.minecraft.client.gui.components.ChatComponent/]: [System] [CHAT] [@: Killed Slime]
[04Apr2025 10:53:27.043] [Server thread/INFO] [net.mcreator.atrox.AtroxMod/]: BOOSSECONDPHASE
[04Apr2025 10:53:27.043] [Server thread/INFO] [net.mcreator.atrox.AtroxMod/]: BOOSSECONDPHASE
[04Apr2025 10:53:27.043] [Server thread/INFO] [net.mcreator.atrox.AtroxMod/]: BOOSSECONDPHASE
[04Apr2025 10:53:27.043] [Server thread/INFO] [net.mcreator.atrox.AtroxMod/]: BOOSSECONDPHASE
[04Apr2025 10:53:27.043] [Server thread/INFO] [net.mcreator.atrox.AtroxMod/]: BOOSSECONDPHASE
[04Apr2025 10:53:27.043] [Server thread/INFO] [net.mcreator.atrox.AtroxMod/]: BOOSSECONDPHASE
[04Apr2025 10:53:27.043] [Server thread/INFO] [net.mcreator.atrox.AtroxMod/]: BOOSSECONDPHASE
[04Apr2025 10:53:27.043] [Render thread/INFO] [net.mcreator.atrox.AtroxMod/]: BOOSSECONDPHASE
[04Apr2025 10:53:27.043] [Server thread/INFO] [net.mcreator.atrox.AtroxMod/]: BOOSSECONDPHASE
[04Apr2025 10:53:27.044] [Render thread/INFO] [net.mcreator.atrox.AtroxMod/]: BOOSSECONDPHASE
[04Apr2025 10:53:27.044] [Render thread/INFO] [net.mcreator.atrox.AtroxMod/]: BOOSSECONDPHASE
[04Apr2025 10:53:27.044] [Server thread/INFO] [net.mcreator.atrox.AtroxMod/]: BOOSSECONDPHASE
[04Apr2025 10:53:27.044] [Render thread/INFO] [net.mcreator.atrox.AtroxMod/]: BOOSSECONDPHASE
[04Apr2025 10:53:27.044] [Render thread/INFO] [net.mcreator.atrox.AtroxMod/]: BOOSSECONDPHASE
[04Apr2025 10:53:27.044] [Server thread/INFO] [net.mcreator.atrox.AtroxMod/]: BOOSSECONDPHASE
[04Apr2025 10:53:27.044] [Render thread/INFO] [net.mcreator.atrox.AtroxMod/]: BOOSSECONDPHASE
[04Apr2025 10:53:27.044] [Render thread/INFO] [net.mcreator.atrox.AtroxMod/]: BOOSSECONDPHASE
[04Apr2025 10:53:27.044] [Server thread/INFO] [net.mcreator.atrox.AtroxMod/]: BOOSSECONDPHASE
[04Apr2025 10:53:27.044] [Render thread/INFO] [net.mcreator.atrox.AtroxMod/]: BOOSSECONDPHASE
[04Apr2025 10:53:27.044] [Render thread/INFO] [net.mcreator.atrox.AtroxMod/]: BOOSSECONDPHASE
[04Apr2025 10:53:27.044] [Server thread/INFO] [net.mcreator.atrox.AtroxMod/]: BOOSSECONDPHASE
[04Apr2025 10:53:27.044] [Render thread/INFO] [net.mcreator.atrox.AtroxMod/]: BOOSSECONDPHASE
[04Apr2025 10:53:27.044] [Render thread/INFO] [net.mcreator.atrox.AtroxMod/]: BOOSSECONDPHASE
[04Apr2025 10:53:27.044] [Server thread/INFO] [net.mcreator.atrox.AtroxMod/]: BOOSSECONDPHASE
[04Apr2025 10:53:27.044] [Render thread/INFO] [net.mcreator.atrox.AtroxMod/]: BOOSSECONDPHASE
[04Apr2025 10:53:27.044] [Server thread/INFO] [net.minecraft.server.MinecraftServer/]: [@: Killed 13 entities]
[04Apr2025 10:53:27.051] [Render thread/INFO] [net.mcreator.atrox.AtroxMod/]: BOOSSECONDPHASE
[04Apr2025 10:53:27.051] [Render thread/INFO] [net.minecraft.client.gui.components.ChatComponent/]: [System] [CHAT] [@: Killed 13 entities]
[04Apr2025 10:53:27.243] [Server thread/INFO] [net.mcreator.atrox.AtroxMod/]: BOOSSECONDPHASE
[04Apr2025 10:53:27.243] [Server thread/INFO] [net.mcreator.atrox.AtroxMod/]: BOOSSECONDPHASE
[04Apr2025 10:53:27.243] [Server thread/INFO] [net.mcreator.atrox.AtroxMod/]: BOOSSECONDPHASE
[04Apr2025 10:53:27.243] [Server thread/INFO] [net.mcreator.atrox.AtroxMod/]: BOOSSECONDPHASE
[04Apr2025 10:53:27.243] [Server thread/INFO] [net.mcreator.atrox.AtroxMod/]: BOOSSECONDPHASE
[04Apr2025 10:53:27.243] [Server thread/INFO] [net.mcreator.atrox.AtroxMod/]: BOOSSECONDPHASE
[04Apr2025 10:53:27.243] [Server thread/INFO] [net.mcreator.atrox.AtroxMod/]: BOOSSECONDPHASE
[04Apr2025 10:53:27.244] [Render thread/INFO] [net.mcreator.atrox.AtroxMod/]: BOOSSECONDPHASE
[04Apr2025 10:53:27.244] [Render thread/INFO] [net.mcreator.atrox.AtroxMod/]: BOOSSECONDPHASE
[04Apr2025 10:53:27.244] [Render thread/INFO] [net.mcreator.atrox.AtroxMod/]: BOOSSECONDPHASE
[04Apr2025 10:53:27.244] [Server thread/INFO] [net.minecraft.server.MinecraftServer/]: [@: Killed 7 entities]
[04Apr2025 10:53:27.244] [Render thread/INFO] [net.mcreator.atrox.AtroxMod/]: BOOSSECONDPHASE
[04Apr2025 10:53:27.244] [Render thread/INFO] [net.mcreator.atrox.AtroxMod/]: BOOSSECONDPHASE
[04Apr2025 10:53:27.244] [Render thread/INFO] [net.mcreator.atrox.AtroxMod/]: BOOSSECONDPHASE
[04Apr2025 10:53:27.244] [Render thread/INFO] [net.mcreator.atrox.AtroxMod/]: BOOSSECONDPHASE
[04Apr2025 10:53:27.244] [Render thread/INFO] [net.minecraft.client.gui.components.ChatComponent/]: [System] [CHAT] [@: Killed 7 entities]
[04Apr2025 10:53:27.293] [Server thread/INFO] [net.mcreator.atrox.AtroxMod/]: BOOSSECONDPHASE
[04Apr2025 10:53:27.293] [Server thread/INFO] [net.mcreator.atrox.AtroxMod/]: BOOSSECONDPHASE
[04Apr2025 10:53:27.293] [Server thread/INFO] [net.mcreator.atrox.AtroxMod/]: BOOSSECONDPHASE
[04Apr2025 10:53:27.293] [Server thread/INFO] [net.mcreator.atrox.AtroxMod/]: BOOSSECONDPHASE
[04Apr2025 10:53:27.293] [Server thread/INFO] [net.mcreator.atrox.AtroxMod/]: BOOSSECONDPHASE
[04Apr2025 10:53:27.293] [Server thread/INFO] [net.mcreator.atrox.AtroxMod/]: BOOSSECONDPHASE
[04Apr2025 10:53:27.293] [Server thread/INFO] [net.mcreator.atrox.AtroxMod/]: BOOSSECONDPHASE
[04Apr2025 10:53:27.293] [Render thread/INFO] [net.mcreator.atrox.AtroxMod/]: BOOSSECONDPHASE
[04Apr2025 10:53:27.293] [Server thread/INFO] [net.mcreator.atrox.AtroxMod/]: BOOSSECONDPHASE
[04Apr2025 10:53:27.293] [Render thread/INFO] [net.mcreator.atrox.AtroxMod/]: BOOSSECONDPHASE
[04Apr2025 10:53:27.294] [Server thread/INFO] [net.mcreator.atrox.AtroxMod/]: BOOSSECONDPHASE
[04Apr2025 10:53:27.294] [Render thread/INFO] [net.mcreator.atrox.AtroxMod/]: BOOSSECONDPHASE
[04Apr2025 10:53:27.294] [Render thread/INFO] [net.mcreator.atrox.AtroxMod/]: BOOSSECONDPHASE
[04Apr2025 10:53:27.294] [Server thread/INFO] [net.mcreator.atrox.AtroxMod/]: BOOSSECONDPHASE
[04Apr2025 10:53:27.294] [Render thread/INFO] [net.mcreator.atrox.AtroxMod/]: BOOSSECONDPHASE
[04Apr2025 10:53:27.294] [Render thread/INFO] [net.mcreator.atrox.AtroxMod/]: BOOSSECONDPHASE
[04Apr2025 10:53:27.294] [Render thread/INFO] [net.mcreator.atrox.AtroxMod/]: BOOSSECONDPHASE
[04Apr2025 10:53:27.294] [Render thread/INFO] [net.mcreator.atrox.AtroxMod/]: BOOSSECONDPHASE
[04Apr2025 10:53:27.294] [Server thread/INFO] [net.minecraft.server.MinecraftServer/]: [@: Killed 10 entities]
[04Apr2025 10:53:27.294] [Render thread/INFO] [net.mcreator.atrox.AtroxMod/]: BOOSSECONDPHASE
[04Apr2025 10:53:27.294] [Render thread/INFO] [net.mcreator.atrox.AtroxMod/]: BOOSSECONDPHASE
[04Apr2025 10:53:27.294] [Render thread/INFO] [net.minecraft.client.gui.components.ChatComponent/]: [System] [CHAT] [@: Killed 10 entities]
[04Apr2025 10:53:27.444] [Server thread/INFO] [net.mcreator.atrox.AtroxMod/]: BOOSSECONDPHASE
[04Apr2025 10:53:27.444] [Server thread/INFO] [net.mcreator.atrox.AtroxMod/]: BOOSSECONDPHASE
[04Apr2025 10:53:27.444] [Server thread/INFO] [net.mcreator.atrox.AtroxMod/]: BOOSSECONDPHASE
[04Apr2025 10:53:27.444] [Server thread/INFO] [net.mcreator.atrox.AtroxMod/]: BOOSSECONDPHASE
[04Apr2025 10:53:27.444] [Server thread/INFO] [net.minecraft.server.MinecraftServer/]: [@: Killed 4 entities]
[04Apr2025 10:53:27.444] [Render thread/INFO] [net.mcreator.atrox.AtroxMod/]: BOOSSECONDPHASE
[04Apr2025 10:53:27.445] [Render thread/INFO] [net.mcreator.atrox.AtroxMod/]: BOOSSECONDPHASE
[04Apr2025 10:53:27.445] [Render thread/INFO] [net.mcreator.atrox.AtroxMod/]: BOOSSECONDPHASE
[04Apr2025 10:53:27.445] [Render thread/INFO] [net.mcreator.atrox.AtroxMod/]: BOOSSECONDPHASE
[04Apr2025 10:53:27.445] [Render thread/INFO] [net.minecraft.client.gui.components.ChatComponent/]: [System] [CHAT] [@: Killed 4 entities]
[04Apr2025 10:53:27.593] [Server thread/INFO] [net.mcreator.atrox.AtroxMod/]: BOOSSECONDPHASE
[04Apr2025 10:53:27.593] [Server thread/INFO] [net.mcreator.atrox.AtroxMod/]: BOOSSECONDPHASE
[04Apr2025 10:53:27.593] [Server thread/INFO] [net.mcreator.atrox.AtroxMod/]: BOOSSECONDPHASE
[04Apr2025 10:53:27.593] [Server thread/INFO] [net.mcreator.atrox.AtroxMod/]: BOOSSECONDPHASE
[04Apr2025 10:53:27.593] [Server thread/INFO] [net.mcreator.atrox.AtroxMod/]: BOOSSECONDPHASE
[04Apr2025 10:53:27.593] [Server thread/INFO] [net.mcreator.atrox.AtroxMod/]: BOOSSECONDPHASE
[04Apr2025 10:53:27.593] [Server thread/INFO] [net.minecraft.server.MinecraftServer/]: [@: Killed 6 entities]
[04Apr2025 10:53:27.594] [Render thread/INFO] [net.mcreator.atrox.AtroxMod/]: BOOSSECONDPHASE
[04Apr2025 10:53:27.594] [Render thread/INFO] [net.mcreator.atrox.AtroxMod/]: BOOSSECONDPHASE
[04Apr2025 10:53:27.594] [Render thread/INFO] [net.mcreator.atrox.AtroxMod/]: BOOSSECONDPHASE
[04Apr2025 10:53:27.594] [Render thread/INFO] [net.mcreator.atrox.AtroxMod/]: BOOSSECONDPHASE
[04Apr2025 10:53:27.594] [Render thread/INFO] [net.mcreator.atrox.AtroxMod/]: BOOSSECONDPHASE
[04Apr2025 10:53:27.594] [Render thread/INFO] [net.mcreator.atrox.AtroxMod/]: BOOSSECONDPHASE
[04Apr2025 10:53:27.594] [Render thread/INFO] [net.minecraft.client.gui.components.ChatComponent/]: [System] [CHAT] [@: Killed 6 entities]
[04Apr2025 10:53:27.793] [Server thread/INFO] [net.mcreator.atrox.AtroxMod/]: BOOSSECONDPHASE
[04Apr2025 10:53:27.793] [Server thread/INFO] [net.mcreator.atrox.AtroxMod/]: BOOSSECONDPHASE
[04Apr2025 10:53:27.793] [Server thread/INFO] [net.mcreator.atrox.AtroxMod/]: BOOSSECONDPHASE
[04Apr2025 10:53:27.793] [Server thread/INFO] [net.mcreator.atrox.AtroxMod/]: BOOSSECONDPHASE
[04Apr2025 10:53:27.793] [Server thread/INFO] [net.minecraft.server.MinecraftServer/]: [@: Killed 4 entities]
[04Apr2025 10:53:27.794] [Render thread/INFO] [net.mcreator.atrox.AtroxMod/]: BOOSSECONDPHASE
[04Apr2025 10:53:27.794] [Render thread/INFO] [net.mcreator.atrox.AtroxMod/]: BOOSSECONDPHASE
[04Apr2025 10:53:27.794] [Render thread/INFO] [net.mcreator.atrox.AtroxMod/]: BOOSSECONDPHASE
[04Apr2025 10:53:27.794] [Render thread/INFO] [net.mcreator.atrox.AtroxMod/]: BOOSSECONDPHASE
[04Apr2025 10:53:27.794] [Render thread/INFO] [net.minecraft.client.gui.components.ChatComponent/]: [System] [CHAT] [@: Killed 4 entities]
[04Apr2025 10:53:27.893] [Server thread/INFO] [net.mcreator.atrox.AtroxMod/]: BOOSSECONDPHASE
[04Apr2025 10:53:27.893] [Server thread/INFO] [net.minecraft.server.MinecraftServer/]: [@: Killed Slime]
[04Apr2025 10:53:27.894] [Render thread/INFO] [net.mcreator.atrox.AtroxMod/]: BOOSSECONDPHASE
[04Apr2025 10:53:27.894] [Render thread/INFO] [net.minecraft.client.gui.components.ChatComponent/]: [System] [CHAT] [@: Killed Slime]
[04Apr2025 10:53:28.244] [Server thread/INFO] [net.mcreator.atrox.AtroxMod/]: BOOSSECONDPHASE
[04Apr2025 10:53:28.244] [Server thread/INFO] [net.mcreator.atrox.AtroxMod/]: BOOSSECONDPHASE
[04Apr2025 10:53:28.244] [Server thread/INFO] [net.mcreator.atrox.AtroxMod/]: BOOSSECONDPHASE
[04Apr2025 10:53:28.244] [Server thread/INFO] [net.mcreator.atrox.AtroxMod/]: BOOSSECONDPHASE
[04Apr2025 10:53:28.244] [Server thread/INFO] [net.minecraft.server.MinecraftServer/]: [@: Killed 4 entities]
[04Apr2025 10:53:28.244] [Render thread/INFO] [net.mcreator.atrox.AtroxMod/]: BOOSSECONDPHASE
[04Apr2025 10:53:28.244] [Render thread/INFO] [net.mcreator.atrox.AtroxMod/]: BOOSSECONDPHASE
[04Apr2025 10:53:28.244] [Render thread/INFO] [net.mcreator.atrox.AtroxMod/]: BOOSSECONDPHASE
[04Apr2025 10:53:28.244] [Render thread/INFO] [net.mcreator.atrox.AtroxMod/]: BOOSSECONDPHASE
[04Apr2025 10:53:28.244] [Render thread/INFO] [net.minecraft.client.gui.components.ChatComponent/]: [System] [CHAT] [@: Killed 4 entities]
[04Apr2025 10:53:28.593] [Server thread/INFO] [net.mcreator.atrox.AtroxMod/]: BOOSSECONDPHASE
[04Apr2025 10:53:28.593] [Server thread/INFO] [net.mcreator.atrox.AtroxMod/]: BOOSSECONDPHASE
[04Apr2025 10:53:28.593] [Server thread/INFO] [net.mcreator.atrox.AtroxMod/]: BOOSSECONDPHASE
[04Apr2025 10:53:28.593] [Server thread/INFO] [net.mcreator.atrox.AtroxMod/]: BOOSSECONDPHASE
[04Apr2025 10:53:28.593] [Server thread/INFO] [net.mcreator.atrox.AtroxMod/]: BOOSSECONDPHASE
[04Apr2025 10:53:28.593] [Server thread/INFO] [net.mcreator.atrox.AtroxMod/]: BOOSSECONDPHASE
[04Apr2025 10:53:28.594] [Server thread/INFO] [net.mcreator.atrox.AtroxMod/]: BOOSSECONDPHASE
[04Apr2025 10:53:28.594] [Server thread/INFO] [net.mcreator.atrox.AtroxMod/]: BOOSSECONDPHASE
[04Apr2025 10:53:28.594] [Server thread/INFO] [net.mcreator.atrox.AtroxMod/]: BOOSSECONDPHASE
[04Apr2025 10:53:28.594] [Server thread/INFO] [net.mcreator.atrox.AtroxMod/]: BOOSSECONDPHASE
[04Apr2025 10:53:28.594] [Server thread/INFO] [net.mcreator.atrox.AtroxMod/]: BOOSSECONDPHASE
[04Apr2025 10:53:28.594] [Server thread/INFO] [net.mcreator.atrox.AtroxMod/]: BOOSSECONDPHASE
[04Apr2025 10:53:28.594] [Server thread/INFO] [net.mcreator.atrox.AtroxMod/]: BOOSSECONDPHASE
[04Apr2025 10:53:28.594] [Server thread/INFO] [net.mcreator.atrox.AtroxMod/]: BOOSSECONDPHASE
[04Apr2025 10:53:28.594] [Server thread/INFO] [net.mcreator.atrox.AtroxMod/]: BOOSSECONDPHASE
[04Apr2025 10:53:28.594] [Render thread/INFO] [net.mcreator.atrox.AtroxMod/]: BOOSSECONDPHASE
[04Apr2025 10:53:28.594] [Server thread/INFO] [net.mcreator.atrox.AtroxMod/]: BOOSSECONDPHASE
[04Apr2025 10:53:28.595] [Render thread/INFO] [net.mcreator.atrox.AtroxMod/]: BOOSSECONDPHASE
[04Apr2025 10:53:28.595] [Server thread/INFO] [net.mcreator.atrox.AtroxMod/]: BOOSSECONDPHASE
[04Apr2025 10:53:28.595] [Render thread/INFO] [net.mcreator.atrox.AtroxMod/]: BOOSSECONDPHASE
[04Apr2025 10:53:28.595] [Render thread/INFO] [net.mcreator.atrox.AtroxMod/]: BOOSSECONDPHASE
[04Apr2025 10:53:28.595] [Server thread/INFO] [net.mcreator.atrox.AtroxMod/]: BOOSSECONDPHASE
[04Apr2025 10:53:28.595] [Render thread/INFO] [net.mcreator.atrox.AtroxMod/]: BOOSSECONDPHASE
[04Apr2025 10:53:28.595] [Server thread/INFO] [net.mcreator.atrox.AtroxMod/]: BOOSSECONDPHASE
[04Apr2025 10:53:28.595] [Render thread/INFO] [net.mcreator.atrox.AtroxMod/]: BOOSSECONDPHASE
[04Apr2025 10:53:28.595] [Render thread/INFO] [net.mcreator.atrox.AtroxMod/]: BOOSSECONDPHASE
[04Apr2025 10:53:28.595] [Server thread/INFO] [net.mcreator.atrox.AtroxMod/]: BOOSSECONDPHASE
[04Apr2025 10:53:28.595] [Render thread/INFO] [net.mcreator.atrox.AtroxMod/]: BOOSSECONDPHASE
[04Apr2025 10:53:28.595] [Render thread/INFO] [net.mcreator.atrox.AtroxMod/]: BOOSSECONDPHASE
[04Apr2025 10:53:28.595] [Render thread/INFO] [net.mcreator.atrox.AtroxMod/]: BOOSSECONDPHASE
[04Apr2025 10:53:28.595] [Server thread/INFO] [net.minecraft.server.MinecraftServer/]: [@: Killed 20 entities]
[04Apr2025 10:53:28.595] [Render thread/INFO] [net.mcreator.atrox.AtroxMod/]: BOOSSECONDPHASE
[04Apr2025 10:53:28.595] [Render thread/INFO] [net.mcreator.atrox.AtroxMod/]: BOOSSECONDPHASE
[04Apr2025 10:53:28.595] [Render thread/INFO] [net.mcreator.atrox.AtroxMod/]: BOOSSECONDPHASE
[04Apr2025 10:53:28.595] [Render thread/INFO] [net.mcreator.atrox.AtroxMod/]: BOOSSECONDPHASE
[04Apr2025 10:53:28.595] [Render thread/INFO] [net.mcreator.atrox.AtroxMod/]: BOOSSECONDPHASE
[04Apr2025 10:53:28.595] [Render thread/INFO] [net.mcreator.atrox.AtroxMod/]: BOOSSECONDPHASE
[04Apr2025 10:53:28.595] [Render thread/INFO] [net.mcreator.atrox.AtroxMod/]: BOOSSECONDPHASE
[04Apr2025 10:53:28.595] [Render thread/INFO] [net.mcreator.atrox.AtroxMod/]: BOOSSECONDPHASE
[04Apr2025 10:53:28.596] [Render thread/INFO] [net.mcreator.atrox.AtroxMod/]: BOOSSECONDPHASE
[04Apr2025 10:53:28.596] [Render thread/INFO] [net.mcreator.atrox.AtroxMod/]: BOOSSECONDPHASE
[04Apr2025 10:53:28.596] [Render thread/INFO] [net.minecraft.client.gui.components.ChatComponent/]: [System] [CHAT] [@: Killed 20 entities]
[04Apr2025 10:53:28.793] [Server thread/INFO] [net.mcreator.atrox.AtroxMod/]: BOOSSECONDPHASE
[04Apr2025 10:53:28.793] [Server thread/INFO] [net.mcreator.atrox.AtroxMod/]: BOOSSECONDPHASE
[04Apr2025 10:53:28.793] [Server thread/INFO] [net.minecraft.server.MinecraftServer/]: [@: Killed 2 entities]
[04Apr2025 10:53:28.794] [Render thread/INFO] [net.mcreator.atrox.AtroxMod/]: BOOSSECONDPHASE
[04Apr2025 10:53:28.794] [Render thread/INFO] [net.mcreator.atrox.AtroxMod/]: BOOSSECONDPHASE
[04Apr2025 10:53:28.794] [Render thread/INFO] [net.minecraft.client.gui.components.ChatComponent/]: [System] [CHAT] [@: Killed 2 entities]
[04Apr2025 10:53:28.993] [Server thread/INFO] [net.mcreator.atrox.AtroxMod/]: BOOSSECONDPHASE
[04Apr2025 10:53:28.993] [Server thread/INFO] [net.minecraft.server.MinecraftServer/]: [@: Killed Slime]
[04Apr2025 10:53:28.994] [Render thread/INFO] [net.mcreator.atrox.AtroxMod/]: BOOSSECONDPHASE
[04Apr2025 10:53:28.994] [Render thread/INFO] [net.minecraft.client.gui.components.ChatComponent/]: [System] [CHAT] [@: Killed Slime]
[04Apr2025 10:53:29.244] [Server thread/INFO] [net.mcreator.atrox.AtroxMod/]: BOOSSECONDPHASE
[04Apr2025 10:53:29.244] [Server thread/INFO] [net.mcreator.atrox.AtroxMod/]: BOOSSECONDPHASE
[04Apr2025 10:53:29.244] [Server thread/INFO] [net.mcreator.atrox.AtroxMod/]: BOOSSECONDPHASE
[04Apr2025 10:53:29.244] [Server thread/INFO] [net.mcreator.atrox.AtroxMod/]: BOOSSECONDPHASE
[04Apr2025 10:53:29.244] [Server thread/INFO] [net.mcreator.atrox.AtroxMod/]: BOOSSECONDPHASE
[04Apr2025 10:53:29.244] [Server thread/INFO] [net.mcreator.atrox.AtroxMod/]: BOOSSECONDPHASE
[04Apr2025 10:53:29.244] [Server thread/INFO] [net.mcreator.atrox.AtroxMod/]: BOOSSECONDPHASE
[04Apr2025 10:53:29.244] [Server thread/INFO] [net.mcreator.atrox.AtroxMod/]: BOOSSECONDPHASE
[04Apr2025 10:53:29.244] [Server thread/INFO] [net.mcreator.atrox.AtroxMod/]: BOOSSECONDPHASE
[04Apr2025 10:53:29.244] [Server thread/INFO] [net.mcreator.atrox.AtroxMod/]: BOOSSECONDPHASE
[04Apr2025 10:53:29.245] [Server thread/INFO] [net.minecraft.server.MinecraftServer/]: [@: Killed 10 entities]
[04Apr2025 10:53:29.245] [Render thread/INFO] [net.mcreator.atrox.AtroxMod/]: BOOSSECONDPHASE
[04Apr2025 10:53:29.245] [Render thread/INFO] [net.mcreator.atrox.AtroxMod/]: BOOSSECONDPHASE
[04Apr2025 10:53:29.245] [Render thread/INFO] [net.mcreator.atrox.AtroxMod/]: BOOSSECONDPHASE
[04Apr2025 10:53:29.245] [Render thread/INFO] [net.mcreator.atrox.AtroxMod/]: BOOSSECONDPHASE
[04Apr2025 10:53:29.245] [Render thread/INFO] [net.mcreator.atrox.AtroxMod/]: BOOSSECONDPHASE
[04Apr2025 10:53:29.245] [Render thread/INFO] [net.mcreator.atrox.AtroxMod/]: BOOSSECONDPHASE
[04Apr2025 10:53:29.245] [Render thread/INFO] [net.mcreator.atrox.AtroxMod/]: BOOSSECONDPHASE
[04Apr2025 10:53:29.245] [Render thread/INFO] [net.mcreator.atrox.AtroxMod/]: BOOSSECONDPHASE
[04Apr2025 10:53:29.245] [Render thread/INFO] [net.mcreator.atrox.AtroxMod/]: BOOSSECONDPHASE
[04Apr2025 10:53:29.245] [Render thread/INFO] [net.mcreator.atrox.AtroxMod/]: BOOSSECONDPHASE
[04Apr2025 10:53:29.245] [Render thread/INFO] [net.minecraft.client.gui.components.ChatComponent/]: [System] [CHAT] [@: Killed 10 entities]
[04Apr2025 10:53:29.293] [Server thread/INFO] [net.mcreator.atrox.AtroxMod/]: BOOSSECONDPHASE
[04Apr2025 10:53:29.293] [Server thread/INFO] [net.minecraft.server.MinecraftServer/]: [@: Killed Slime]
[04Apr2025 10:53:29.294] [Render thread/INFO] [net.mcreator.atrox.AtroxMod/]: BOOSSECONDPHASE
[04Apr2025 10:53:29.294] [Render thread/INFO] [net.minecraft.client.gui.components.ChatComponent/]: [System] [CHAT] [@: Killed Slime]
[04Apr2025 10:53:29.343] [Server thread/INFO] [net.mcreator.atrox.AtroxMod/]: BOOSSECONDPHASE
[04Apr2025 10:53:29.343] [Server thread/INFO] [net.mcreator.atrox.AtroxMod/]: BOOSSECONDPHASE
[04Apr2025 10:53:29.343] [Server thread/INFO] [net.minecraft.server.MinecraftServer/]: [@: Killed 2 entities]
[04Apr2025 10:53:29.343] [Render thread/INFO] [net.mcreator.atrox.AtroxMod/]: BOOSSECONDPHASE
[04Apr2025 10:53:29.344] [Render thread/INFO] [net.mcreator.atrox.AtroxMod/]: BOOSSECONDPHASE
[04Apr2025 10:53:29.344] [Render thread/INFO] [net.minecraft.client.gui.components.ChatComponent/]: [System] [CHAT] [@: Killed 2 entities]
[04Apr2025 10:53:30.243] [Server thread/INFO] [net.minecraft.client.server.IntegratedServer/]: Saving and pausing game...
[04Apr2025 10:53:30.253] [Server thread/INFO] [net.minecraft.server.MinecraftServer/]: Saving chunks for level 'ServerLevel[New World]'/minecraft:overworld
[04Apr2025 10:53:30.257] [Server thread/INFO] [net.minecraft.server.MinecraftServer/]: Saving chunks for level 'ServerLevel[New World]'/minecraft:the_end
[04Apr2025 10:53:30.258] [Server thread/INFO] [net.minecraft.server.MinecraftServer/]: Saving chunks for level 'ServerLevel[New World]'/minecraft:the_nether
[04Apr2025 10:53:30.258] [Server thread/INFO] [net.minecraft.server.MinecraftServer/]: Saving chunks for level 'ServerLevel[New World]'/atrox:spookydimension
[04Apr2025 10:53:31.708] [Render thread/INFO] [net.minecraft.client.gui.components.ChatComponent/]: [System] [CHAT] Command set: kill @e[type=slime]
[04Apr2025 10:53:31.794] [Server thread/INFO] [net.mcreator.atrox.AtroxMod/]: BOOSSECONDPHASE
[04Apr2025 10:53:31.794] [Server thread/INFO] [net.mcreator.atrox.AtroxMod/]: BOOSSECONDPHASE
[04Apr2025 10:53:31.794] [Server thread/INFO] [net.mcreator.atrox.AtroxMod/]: BOOSSECONDPHASE
[04Apr2025 10:53:31.794] [Server thread/INFO] [net.mcreator.atrox.AtroxMod/]: BOOSSECONDPHASE
[04Apr2025 10:53:31.794] [Server thread/INFO] [net.minecraft.server.MinecraftServer/]: [@: Killed 4 entities]
[04Apr2025 10:53:31.794] [Render thread/INFO] [net.mcreator.atrox.AtroxMod/]: BOOSSECONDPHASE
[04Apr2025 10:53:31.794] [Render thread/INFO] [net.mcreator.atrox.AtroxMod/]: BOOSSECONDPHASE
[04Apr2025 10:53:31.794] [Render thread/INFO] [net.mcreator.atrox.AtroxMod/]: BOOSSECONDPHASE
[04Apr2025 10:53:31.794] [Render thread/INFO] [net.mcreator.atrox.AtroxMod/]: BOOSSECONDPHASE
[04Apr2025 10:53:31.794] [Render thread/INFO] [net.minecraft.client.gui.components.ChatComponent/]: [System] [CHAT] [@: Killed 4 entities]
[04Apr2025 10:53:31.845] [Server thread/INFO] [net.mcreator.atrox.AtroxMod/]: BOOSSECONDPHASE
[04Apr2025 10:53:31.845] [Server thread/INFO] [net.mcreator.atrox.AtroxMod/]: BOOSSECONDPHASE
[04Apr2025 10:53:31.845] [Server thread/INFO] [net.mcreator.atrox.AtroxMod/]: BOOSSECONDPHASE
[04Apr2025 10:53:31.845] [Render thread/INFO] [net.mcreator.atrox.AtroxMod/]: BOOSSECONDPHASE
[04Apr2025 10:53:31.845] [Render thread/INFO] [net.mcreator.atrox.AtroxMod/]: BOOSSECONDPHASE
[04Apr2025 10:53:31.845] [Server thread/INFO] [net.minecraft.server.MinecraftServer/]: [@: Killed 3 entities]
[04Apr2025 10:53:31.845] [Render thread/INFO] [net.mcreator.atrox.AtroxMod/]: BOOSSECONDPHASE
[04Apr2025 10:53:31.845] [Render thread/INFO] [net.minecraft.client.gui.components.ChatComponent/]: [System] [CHAT] [@: Killed 3 entities]
[04Apr2025 10:53:32.094] [Server thread/INFO] [net.mcreator.atrox.AtroxMod/]: BOOSSECONDPHASE
[04Apr2025 10:53:32.094] [Server thread/INFO] [net.mcreator.atrox.AtroxMod/]: BOOSSECONDPHASE
[04Apr2025 10:53:32.094] [Server thread/INFO] [net.mcreator.atrox.AtroxMod/]: BOOSSECONDPHASE
[04Apr2025 10:53:32.094] [Server thread/INFO] [net.minecraft.server.MinecraftServer/]: [@: Killed 3 entities]
[04Apr2025 10:53:32.094] [Render thread/INFO] [net.mcreator.atrox.AtroxMod/]: BOOSSECONDPHASE
[04Apr2025 10:53:32.094] [Render thread/INFO] [net.mcreator.atrox.AtroxMod/]: BOOSSECONDPHASE
[04Apr2025 10:53:32.094] [Render thread/INFO] [net.mcreator.atrox.AtroxMod/]: BOOSSECONDPHASE
[04Apr2025 10:53:32.094] [Render thread/INFO] [net.minecraft.client.gui.components.ChatComponent/]: [System] [CHAT] [@: Killed 3 entities]
[04Apr2025 10:53:32.144] [Server thread/INFO] [net.mcreator.atrox.AtroxMod/]: BOOSSECONDPHASE
[04Apr2025 10:53:32.144] [Server thread/INFO] [net.mcreator.atrox.AtroxMod/]: BOOSSECONDPHASE
[04Apr2025 10:53:32.144] [Server thread/INFO] [net.minecraft.server.MinecraftServer/]: [@: Killed 2 entities]
[04Apr2025 10:53:32.145] [Render thread/INFO] [net.mcreator.atrox.AtroxMod/]: BOOSSECONDPHASE
[04Apr2025 10:53:32.145] [Render thread/INFO] [net.mcreator.atrox.AtroxMod/]: BOOSSECONDPHASE
[04Apr2025 10:53:32.145] [Render thread/INFO] [net.minecraft.client.gui.components.ChatComponent/]: [System] [CHAT] [@: Killed 2 entities]
[04Apr2025 10:53:32.344] [Server thread/INFO] [net.mcreator.atrox.AtroxMod/]: BOOSSECONDPHASE
[04Apr2025 10:53:32.344] [Server thread/INFO] [net.minecraft.server.MinecraftServer/]: [@: Killed Slime]
[04Apr2025 10:53:32.345] [Render thread/INFO] [net.mcreator.atrox.AtroxMod/]: BOOSSECONDPHASE
[04Apr2025 10:53:32.345] [Render thread/INFO] [net.minecraft.client.gui.components.ChatComponent/]: [System] [CHAT] [@: Killed Slime]
[04Apr2025 10:53:32.394] [Server thread/INFO] [net.mcreator.atrox.AtroxMod/]: BOOSSECONDPHASE
[04Apr2025 10:53:32.394] [Server thread/INFO] [net.mcreator.atrox.AtroxMod/]: BOOSSECONDPHASE
[04Apr2025 10:53:32.394] [Server thread/INFO] [net.minecraft.server.MinecraftServer/]: [@: Killed 2 entities]
[04Apr2025 10:53:32.394] [Render thread/INFO] [net.mcreator.atrox.AtroxMod/]: BOOSSECONDPHASE
[04Apr2025 10:53:32.394] [Render thread/INFO] [net.mcreator.atrox.AtroxMod/]: BOOSSECONDPHASE
[04Apr2025 10:53:32.394] [Render thread/INFO] [net.minecraft.client.gui.components.ChatComponent/]: [System] [CHAT] [@: Killed 2 entities]
[04Apr2025 10:53:32.445] [Server thread/INFO] [net.mcreator.atrox.AtroxMod/]: BOOSSECONDPHASE
[04Apr2025 10:53:32.445] [Server thread/INFO] [net.mcreator.atrox.AtroxMod/]: BOOSSECONDPHASE
[04Apr2025 10:53:32.445] [Server thread/INFO] [net.minecraft.server.MinecraftServer/]: [@: Killed 2 entities]
[04Apr2025 10:53:32.446] [Render thread/INFO] [net.mcreator.atrox.AtroxMod/]: BOOSSECONDPHASE
[04Apr2025 10:53:32.446] [Render thread/INFO] [net.mcreator.atrox.AtroxMod/]: BOOSSECONDPHASE
[04Apr2025 10:53:32.446] [Render thread/INFO] [net.minecraft.client.gui.components.ChatComponent/]: [System] [CHAT] [@: Killed 2 entities]
[04Apr2025 10:53:32.544] [Server thread/INFO] [net.mcreator.atrox.AtroxMod/]: BOOSSECONDPHASE
[04Apr2025 10:53:32.544] [Server thread/INFO] [net.minecraft.server.MinecraftServer/]: [@: Killed Slime]
[04Apr2025 10:53:32.544] [Render thread/INFO] [net.mcreator.atrox.AtroxMod/]: BOOSSECONDPHASE
[04Apr2025 10:53:32.544] [Render thread/INFO] [net.minecraft.client.gui.components.ChatComponent/]: [System] [CHAT] [@: Killed Slime]
[04Apr2025 10:53:32.795] [Server thread/INFO] [net.mcreator.atrox.AtroxMod/]: BOOSSECONDPHASE
[04Apr2025 10:53:32.795] [Server thread/INFO] [net.mcreator.atrox.AtroxMod/]: BOOSSECONDPHASE
[04Apr2025 10:53:32.795] [Server thread/INFO] [net.mcreator.atrox.AtroxMod/]: BOOSSECONDPHASE
[04Apr2025 10:53:32.795] [Server thread/INFO] [net.mcreator.atrox.AtroxMod/]: BOOSSECONDPHASE
[04Apr2025 10:53:32.795] [Server thread/INFO] [net.mcreator.atrox.AtroxMod/]: BOOSSECONDPHASE
[04Apr2025 10:53:32.795] [Render thread/INFO] [net.mcreator.atrox.AtroxMod/]: BOOSSECONDPHASE
[04Apr2025 10:53:32.795] [Render thread/INFO] [net.mcreator.atrox.AtroxMod/]: BOOSSECONDPHASE
[04Apr2025 10:53:32.795] [Render thread/INFO] [net.mcreator.atrox.AtroxMod/]: BOOSSECONDPHASE
[04Apr2025 10:53:32.795] [Server thread/INFO] [net.mcreator.atrox.AtroxMod/]: BOOSSECONDPHASE
[04Apr2025 10:53:32.795] [Render thread/INFO] [net.mcreator.atrox.AtroxMod/]: BOOSSECONDPHASE
[04Apr2025 10:53:32.795] [Server thread/INFO] [net.mcreator.atrox.AtroxMod/]: BOOSSECONDPHASE
[04Apr2025 10:53:32.795] [Render thread/INFO] [net.mcreator.atrox.AtroxMod/]: BOOSSECONDPHASE
[04Apr2025 10:53:32.795] [Render thread/INFO] [net.mcreator.atrox.AtroxMod/]: BOOSSECONDPHASE
[04Apr2025 10:53:32.796] [Server thread/INFO] [net.mcreator.atrox.AtroxMod/]: BOOSSECONDPHASE
[04Apr2025 10:53:32.796] [Server thread/INFO] [net.mcreator.atrox.AtroxMod/]: BOOSSECONDPHASE
[04Apr2025 10:53:32.796] [Server thread/INFO] [net.mcreator.atrox.AtroxMod/]: BOOSSECONDPHASE
[04Apr2025 10:53:32.796] [Server thread/INFO] [net.minecraft.server.MinecraftServer/]: [@: Killed 10 entities]
[04Apr2025 10:53:32.797] [Render thread/INFO] [net.mcreator.atrox.AtroxMod/]: BOOSSECONDPHASE
[04Apr2025 10:53:32.797] [Render thread/INFO] [net.mcreator.atrox.AtroxMod/]: BOOSSECONDPHASE
[04Apr2025 10:53:32.797] [Render thread/INFO] [net.mcreator.atrox.AtroxMod/]: BOOSSECONDPHASE
[04Apr2025 10:53:32.797] [Render thread/INFO] [net.mcreator.atrox.AtroxMod/]: BOOSSECONDPHASE
[04Apr2025 10:53:32.797] [Render thread/INFO] [net.minecraft.client.gui.components.ChatComponent/]: [System] [CHAT] [@: Killed 10 entities]
[04Apr2025 10:53:32.844] [Server thread/INFO] [net.mcreator.atrox.AtroxMod/]: BOOSSECONDPHASE
[04Apr2025 10:53:32.844] [Server thread/INFO] [net.mcreator.atrox.AtroxMod/]: BOOSSECONDPHASE
[04Apr2025 10:53:32.844] [Server thread/INFO] [net.mcreator.atrox.AtroxMod/]: BOOSSECONDPHASE
[04Apr2025 10:53:32.844] [Server thread/INFO] [net.mcreator.atrox.AtroxMod/]: BOOSSECONDPHASE
[04Apr2025 10:53:32.844] [Server thread/INFO] [net.mcreator.atrox.AtroxMod/]: BOOSSECONDPHASE
[04Apr2025 10:53:32.844] [Server thread/INFO] [net.mcreator.atrox.AtroxMod/]: BOOSSECONDPHASE
[04Apr2025 10:53:32.844] [Server thread/INFO] [net.mcreator.atrox.AtroxMod/]: BOOSSECONDPHASE
[04Apr2025 10:53:32.844] [Server thread/INFO] [net.mcreator.atrox.AtroxMod/]: BOOSSECONDPHASE
[04Apr2025 10:53:32.844] [Server thread/INFO] [net.mcreator.atrox.AtroxMod/]: BOOSSECONDPHASE
[04Apr2025 10:53:32.844] [Render thread/INFO] [net.mcreator.atrox.AtroxMod/]: BOOSSECONDPHASE
[04Apr2025 10:53:32.844] [Render thread/INFO] [net.mcreator.atrox.AtroxMod/]: BOOSSECONDPHASE
[04Apr2025 10:53:32.844] [Render thread/INFO] [net.mcreator.atrox.AtroxMod/]: BOOSSECONDPHASE
[04Apr2025 10:53:32.845] [Server thread/INFO] [net.minecraft.server.MinecraftServer/]: [@: Killed 9 entities]
[04Apr2025 10:53:32.845] [Render thread/INFO] [net.mcreator.atrox.AtroxMod/]: BOOSSECONDPHASE
[04Apr2025 10:53:32.845] [Render thread/INFO] [net.mcreator.atrox.AtroxMod/]: BOOSSECONDPHASE
[04Apr2025 10:53:32.845] [Render thread/INFO] [net.mcreator.atrox.AtroxMod/]: BOOSSECONDPHASE
[04Apr2025 10:53:32.845] [Render thread/INFO] [net.mcreator.atrox.AtroxMod/]: BOOSSECONDPHASE
[04Apr2025 10:53:32.845] [Render thread/INFO] [net.mcreator.atrox.AtroxMod/]: BOOSSECONDPHASE
[04Apr2025 10:53:32.845] [Render thread/INFO] [net.mcreator.atrox.AtroxMod/]: BOOSSECONDPHASE
[04Apr2025 10:53:32.845] [Render thread/INFO] [net.minecraft.client.gui.components.ChatComponent/]: [System] [CHAT] [@: Killed 9 entities]
[04Apr2025 10:53:32.895] [Server thread/INFO] [net.mcreator.atrox.AtroxMod/]: BOOSSECONDPHASE
[04Apr2025 10:53:32.895] [Server thread/INFO] [net.minecraft.server.MinecraftServer/]: [@: Killed Slime]
[04Apr2025 10:53:32.896] [Render thread/INFO] [net.mcreator.atrox.AtroxMod/]: BOOSSECONDPHASE
[04Apr2025 10:53:32.896] [Render thread/INFO] [net.minecraft.client.gui.components.ChatComponent/]: [System] [CHAT] [@: Killed Slime]
[04Apr2025 10:53:32.994] [Server thread/INFO] [net.mcreator.atrox.AtroxMod/]: BOOSSECONDPHASE
[04Apr2025 10:53:32.994] [Server thread/INFO] [net.minecraft.server.MinecraftServer/]: [@: Killed Slime]
[04Apr2025 10:53:33.000] [Render thread/INFO] [net.mcreator.atrox.AtroxMod/]: BOOSSECONDPHASE
[04Apr2025 10:53:33.001] [Render thread/INFO] [net.minecraft.client.gui.components.ChatComponent/]: [System] [CHAT] [@: Killed Slime]
[04Apr2025 10:53:33.148] [Server thread/INFO] [net.mcreator.atrox.AtroxMod/]: BOOSSECONDPHASE
[04Apr2025 10:53:33.148] [Server thread/INFO] [net.mcreator.atrox.AtroxMod/]: BOOSSECONDPHASE
[04Apr2025 10:53:33.149] [Render thread/INFO] [net.mcreator.atrox.AtroxMod/]: BOOSSECONDPHASE
[04Apr2025 10:53:33.149] [Render thread/INFO] [net.mcreator.atrox.AtroxMod/]: BOOSSECONDPHASE
[04Apr2025 10:53:33.149] [Server thread/INFO] [net.minecraft.server.MinecraftServer/]: [@: Killed 2 entities]
[04Apr2025 10:53:33.150] [Render thread/INFO] [net.minecraft.client.gui.components.ChatComponent/]: [System] [CHAT] [@: Killed 2 entities]
[04Apr2025 10:53:33.394] [Server thread/INFO] [net.mcreator.atrox.AtroxMod/]: BOOSSECONDPHASE
[04Apr2025 10:53:33.394] [Server thread/INFO] [net.mcreator.atrox.AtroxMod/]: BOOSSECONDPHASE
[04Apr2025 10:53:33.394] [Server thread/INFO] [net.mcreator.atrox.AtroxMod/]: BOOSSECONDPHASE
[04Apr2025 10:53:33.394] [Server thread/INFO] [net.mcreator.atrox.AtroxMod/]: BOOSSECONDPHASE
[04Apr2025 10:53:33.394] [Server thread/INFO] [net.mcreator.atrox.AtroxMod/]: BOOSSECONDPHASE
[04Apr2025 10:53:33.394] [Server thread/INFO] [net.mcreator.atrox.AtroxMod/]: BOOSSECONDPHASE
[04Apr2025 10:53:33.394] [Server thread/INFO] [net.mcreator.atrox.AtroxMod/]: BOOSSECONDPHASE
[04Apr2025 10:53:33.394] [Server thread/INFO] [net.minecraft.server.MinecraftServer/]: [@: Killed 7 entities]
[04Apr2025 10:53:33.395] [Render thread/INFO] [net.mcreator.atrox.AtroxMod/]: BOOSSECONDPHASE
[04Apr2025 10:53:33.395] [Render thread/INFO] [net.mcreator.atrox.AtroxMod/]: BOOSSECONDPHASE
[04Apr2025 10:53:33.395] [Render thread/INFO] [net.mcreator.atrox.AtroxMod/]: BOOSSECONDPHASE
[04Apr2025 10:53:33.395] [Render thread/INFO] [net.mcreator.atrox.AtroxMod/]: BOOSSECONDPHASE
[04Apr2025 10:53:33.395] [Render thread/INFO] [net.mcreator.atrox.AtroxMod/]: BOOSSECONDPHASE
[04Apr2025 10:53:33.395] [Render thread/INFO] [net.mcreator.atrox.AtroxMod/]: BOOSSECONDPHASE
[04Apr2025 10:53:33.395] [Render thread/INFO] [net.mcreator.atrox.AtroxMod/]: BOOSSECONDPHASE
[04Apr2025 10:53:33.395] [Render thread/INFO] [net.minecraft.client.gui.components.ChatComponent/]: [System] [CHAT] [@: Killed 7 entities]
[04Apr2025 10:53:33.544] [Server thread/INFO] [net.mcreator.atrox.AtroxMod/]: BOOSSECONDPHASE
[04Apr2025 10:53:33.544] [Server thread/INFO] [net.mcreator.atrox.AtroxMod/]: BOOSSECONDPHASE
[04Apr2025 10:53:33.544] [Server thread/INFO] [net.mcreator.atrox.AtroxMod/]: BOOSSECONDPHASE
[04Apr2025 10:53:33.544] [Server thread/INFO] [net.mcreator.atrox.AtroxMod/]: BOOSSECONDPHASE
[04Apr2025 10:53:33.544] [Server thread/INFO] [net.mcreator.atrox.AtroxMod/]: BOOSSECONDPHASE
[04Apr2025 10:53:33.544] [Server thread/INFO] [net.minecraft.server.MinecraftServer/]: [@: Killed 5 entities]
[04Apr2025 10:53:33.544] [Render thread/INFO] [net.mcreator.atrox.AtroxMod/]: BOOSSECONDPHASE
[04Apr2025 10:53:33.545] [Render thread/INFO] [net.mcreator.atrox.AtroxMod/]: BOOSSECONDPHASE
[04Apr2025 10:53:33.545] [Render thread/INFO] [net.mcreator.atrox.AtroxMod/]: BOOSSECONDPHASE
[04Apr2025 10:53:33.545] [Render thread/INFO] [net.mcreator.atrox.AtroxMod/]: BOOSSECONDPHASE
[04Apr2025 10:53:33.545] [Render thread/INFO] [net.mcreator.atrox.AtroxMod/]: BOOSSECONDPHASE
[04Apr2025 10:53:33.545] [Render thread/INFO] [net.minecraft.client.gui.components.ChatComponent/]: [System] [CHAT] [@: Killed 5 entities]
[04Apr2025 10:53:33.844] [Server thread/INFO] [net.mcreator.atrox.AtroxMod/]: BOOSSECONDPHASE
[04Apr2025 10:53:33.844] [Server thread/INFO] [net.mcreator.atrox.AtroxMod/]: BOOSSECONDPHASE
[04Apr2025 10:53:33.844] [Server thread/INFO] [net.mcreator.atrox.AtroxMod/]: BOOSSECONDPHASE
[04Apr2025 10:53:33.844] [Server thread/INFO] [net.minecraft.server.MinecraftServer/]: [@: Killed 3 entities]
[04Apr2025 10:53:33.845] [Render thread/INFO] [net.mcreator.atrox.AtroxMod/]: BOOSSECONDPHASE
[04Apr2025 10:53:33.845] [Render thread/INFO] [net.mcreator.atrox.AtroxMod/]: BOOSSECONDPHASE
[04Apr2025 10:53:33.845] [Render thread/INFO] [net.mcreator.atrox.AtroxMod/]: BOOSSECONDPHASE
[04Apr2025 10:53:33.845] [Render thread/INFO] [net.minecraft.client.gui.components.ChatComponent/]: [System] [CHAT] [@: Killed 3 entities]
[04Apr2025 10:53:33.895] [Server thread/INFO] [net.mcreator.atrox.AtroxMod/]: BOOSSECONDPHASE
[04Apr2025 10:53:33.895] [Server thread/INFO] [net.mcreator.atrox.AtroxMod/]: BOOSSECONDPHASE
[04Apr2025 10:53:33.895] [Server thread/INFO] [net.mcreator.atrox.AtroxMod/]: BOOSSECONDPHASE
[04Apr2025 10:53:33.895] [Server thread/INFO] [net.mcreator.atrox.AtroxMod/]: BOOSSECONDPHASE
[04Apr2025 10:53:33.895] [Render thread/INFO] [net.mcreator.atrox.AtroxMod/]: BOOSSECONDPHASE
[04Apr2025 10:53:33.895] [Render thread/INFO] [net.mcreator.atrox.AtroxMod/]: BOOSSECONDPHASE
[04Apr2025 10:53:33.895] [Server thread/INFO] [net.minecraft.server.MinecraftServer/]: [@: Killed 4 entities]
[04Apr2025 10:53:33.895] [Render thread/INFO] [net.mcreator.atrox.AtroxMod/]: BOOSSECONDPHASE
[04Apr2025 10:53:33.895] [Render thread/INFO] [net.mcreator.atrox.AtroxMod/]: BOOSSECONDPHASE
[04Apr2025 10:53:33.895] [Render thread/INFO] [net.minecraft.client.gui.components.ChatComponent/]: [System] [CHAT] [@: Killed 4 entities]
[04Apr2025 10:53:33.994] [Server thread/INFO] [net.mcreator.atrox.AtroxMod/]: BOOSSECONDPHASE
[04Apr2025 10:53:33.994] [Server thread/INFO] [net.mcreator.atrox.AtroxMod/]: BOOSSECONDPHASE
[04Apr2025 10:53:33.994] [Server thread/INFO] [net.mcreator.atrox.AtroxMod/]: BOOSSECONDPHASE
[04Apr2025 10:53:33.994] [Server thread/INFO] [net.minecraft.server.MinecraftServer/]: [@: Killed 3 entities]
[04Apr2025 10:53:33.995] [Render thread/INFO] [net.mcreator.atrox.AtroxMod/]: BOOSSECONDPHASE
[04Apr2025 10:53:33.995] [Render thread/INFO] [net.mcreator.atrox.AtroxMod/]: BOOSSECONDPHASE
[04Apr2025 10:53:33.995] [Render thread/INFO] [net.mcreator.atrox.AtroxMod/]: BOOSSECONDPHASE
[04Apr2025 10:53:33.995] [Render thread/INFO] [net.minecraft.client.gui.components.ChatComponent/]: [System] [CHAT] [@: Killed 3 entities]
[04Apr2025 10:53:34.144] [Server thread/INFO] [net.mcreator.atrox.AtroxMod/]: BOOSSECONDPHASE
[04Apr2025 10:53:34.144] [Server thread/INFO] [net.mcreator.atrox.AtroxMod/]: BOOSSECONDPHASE
[04Apr2025 10:53:34.144] [Server thread/INFO] [net.mcreator.atrox.AtroxMod/]: BOOSSECONDPHASE
[04Apr2025 10:53:34.144] [Server thread/INFO] [net.mcreator.atrox.AtroxMod/]: BOOSSECONDPHASE
[04Apr2025 10:53:34.144] [Server thread/INFO] [net.mcreator.atrox.AtroxMod/]: BOOSSECONDPHASE
[04Apr2025 10:53:34.144] [Server thread/INFO] [net.mcreator.atrox.AtroxMod/]: BOOSSECONDPHASE
[04Apr2025 10:53:34.144] [Server thread/INFO] [net.mcreator.atrox.AtroxMod/]: BOOSSECONDPHASE
[04Apr2025 10:53:34.144] [Server thread/INFO] [net.mcreator.atrox.AtroxMod/]: BOOSSECONDPHASE
[04Apr2025 10:53:34.145] [Server thread/INFO] [net.minecraft.server.MinecraftServer/]: [@: Killed 8 entities]
[04Apr2025 10:53:34.145] [Render thread/INFO] [net.mcreator.atrox.AtroxMod/]: BOOSSECONDPHASE
[04Apr2025 10:53:34.145] [Render thread/INFO] [net.mcreator.atrox.AtroxMod/]: BOOSSECONDPHASE
[04Apr2025 10:53:34.145] [Render thread/INFO] [net.mcreator.atrox.AtroxMod/]: BOOSSECONDPHASE
[04Apr2025 10:53:34.145] [Render thread/INFO] [net.mcreator.atrox.AtroxMod/]: BOOSSECONDPHASE
[04Apr2025 10:53:34.145] [Render thread/INFO] [net.mcreator.atrox.AtroxMod/]: BOOSSECONDPHASE
[04Apr2025 10:53:34.145] [Render thread/INFO] [net.mcreator.atrox.AtroxMod/]: BOOSSECONDPHASE
[04Apr2025 10:53:34.145] [Render thread/INFO] [net.mcreator.atrox.AtroxMod/]: BOOSSECONDPHASE
[04Apr2025 10:53:34.145] [Render thread/INFO] [net.mcreator.atrox.AtroxMod/]: BOOSSECONDPHASE
[04Apr2025 10:53:34.145] [Render thread/INFO] [net.minecraft.client.gui.components.ChatComponent/]: [System] [CHAT] [@: Killed 8 entities]
[04Apr2025 10:53:34.244] [Server thread/INFO] [net.mcreator.atrox.AtroxMod/]: BOOSSECONDPHASE
[04Apr2025 10:53:34.244] [Server thread/INFO] [net.minecraft.server.MinecraftServer/]: [@: Killed Slime]
[04Apr2025 10:53:34.245] [Render thread/INFO] [net.mcreator.atrox.AtroxMod/]: BOOSSECONDPHASE
[04Apr2025 10:53:34.245] [Render thread/INFO] [net.minecraft.client.gui.components.ChatComponent/]: [System] [CHAT] [@: Killed Slime]
[04Apr2025 10:53:34.344] [Server thread/INFO] [net.mcreator.atrox.AtroxMod/]: BOOSSECONDPHASE
[04Apr2025 10:53:34.344] [Server thread/INFO] [net.minecraft.server.MinecraftServer/]: [@: Killed Slime]
[04Apr2025 10:53:34.345] [Render thread/INFO] [net.mcreator.atrox.AtroxMod/]: BOOSSECONDPHASE
[04Apr2025 10:53:34.345] [Render thread/INFO] [net.minecraft.client.gui.components.ChatComponent/]: [System] [CHAT] [@: Killed Slime]
[04Apr2025 10:53:34.394] [Server thread/INFO] [net.mcreator.atrox.AtroxMod/]: BOOSSECONDPHASE
[04Apr2025 10:53:34.394] [Server thread/INFO] [net.mcreator.atrox.AtroxMod/]: BOOSSECONDPHASE
[04Apr2025 10:53:34.394] [Server thread/INFO] [net.mcreator.atrox.AtroxMod/]: BOOSSECONDPHASE
[04Apr2025 10:53:34.394] [Server thread/INFO] [net.mcreator.atrox.AtroxMod/]: BOOSSECONDPHASE
[04Apr2025 10:53:34.394] [Server thread/INFO] [net.mcreator.atrox.AtroxMod/]: BOOSSECONDPHASE
[04Apr2025 10:53:34.394] [Server thread/INFO] [net.mcreator.atrox.AtroxMod/]: BOOSSECONDPHASE
[04Apr2025 10:53:34.394] [Server thread/INFO] [net.mcreator.atrox.AtroxMod/]: BOOSSECONDPHASE
[04Apr2025 10:53:34.394] [Server thread/INFO] [net.mcreator.atrox.AtroxMod/]: BOOSSECONDPHASE
[04Apr2025 10:53:34.394] [Server thread/INFO] [net.mcreator.atrox.AtroxMod/]: BOOSSECONDPHASE
[04Apr2025 10:53:34.394] [Server thread/INFO] [net.mcreator.atrox.AtroxMod/]: BOOSSECONDPHASE
[04Apr2025 10:53:34.395] [Server thread/INFO] [net.mcreator.atrox.AtroxMod/]: BOOSSECONDPHASE
[04Apr2025 10:53:34.395] [Server thread/INFO] [net.mcreator.atrox.AtroxMod/]: BOOSSECONDPHASE
[04Apr2025 10:53:34.395] [Server thread/INFO] [net.mcreator.atrox.AtroxMod/]: BOOSSECONDPHASE
[04Apr2025 10:53:34.395] [Server thread/INFO] [net.mcreator.atrox.AtroxMod/]: BOOSSECONDPHASE
[04Apr2025 10:53:34.395] [Server thread/INFO] [net.mcreator.atrox.AtroxMod/]: BOOSSECONDPHASE
[04Apr2025 10:53:34.395] [Server thread/INFO] [net.mcreator.atrox.AtroxMod/]: BOOSSECONDPHASE
[04Apr2025 10:53:34.395] [Server thread/INFO] [net.mcreator.atrox.AtroxMod/]: BOOSSECONDPHASE
[04Apr2025 10:53:34.395] [Server thread/INFO] [net.mcreator.atrox.AtroxMod/]: BOOSSECONDPHASE
[04Apr2025 10:53:34.395] [Render thread/INFO] [net.mcreator.atrox.AtroxMod/]: BOOSSECONDPHASE
[04Apr2025 10:53:34.395] [Server thread/INFO] [net.minecraft.server.MinecraftServer/]: [@: Killed 18 entities]
[04Apr2025 10:53:34.395] [Render thread/INFO] [net.mcreator.atrox.AtroxMod/]: BOOSSECONDPHASE
[04Apr2025 10:53:34.395] [Render thread/INFO] [net.mcreator.atrox.AtroxMod/]: BOOSSECONDPHASE
[04Apr2025 10:53:34.395] [Render thread/INFO] [net.mcreator.atrox.AtroxMod/]: BOOSSECONDPHASE
[04Apr2025 10:53:34.395] [Render thread/INFO] [net.mcreator.atrox.AtroxMod/]: BOOSSECONDPHASE
[04Apr2025 10:53:34.395] [Render thread/INFO] [net.mcreator.atrox.AtroxMod/]: BOOSSECONDPHASE
[04Apr2025 10:53:34.395] [Render thread/INFO] [net.mcreator.atrox.AtroxMod/]: BOOSSECONDPHASE
[04Apr2025 10:53:34.395] [Render thread/INFO] [net.mcreator.atrox.AtroxMod/]: BOOSSECONDPHASE
[04Apr2025 10:53:34.395] [Render thread/INFO] [net.mcreator.atrox.AtroxMod/]: BOOSSECONDPHASE
[04Apr2025 10:53:34.395] [Render thread/INFO] [net.mcreator.atrox.AtroxMod/]: BOOSSECONDPHASE
[04Apr2025 10:53:34.395] [Render thread/INFO] [net.mcreator.atrox.AtroxMod/]: BOOSSECONDPHASE
[04Apr2025 10:53:34.396] [Render thread/INFO] [net.mcreator.atrox.AtroxMod/]: BOOSSECONDPHASE
[04Apr2025 10:53:34.396] [Render thread/INFO] [net.mcreator.atrox.AtroxMod/]: BOOSSECONDPHASE
[04Apr2025 10:53:34.396] [Render thread/INFO] [net.mcreator.atrox.AtroxMod/]: BOOSSECONDPHASE
[04Apr2025 10:53:34.396] [Render thread/INFO] [net.mcreator.atrox.AtroxMod/]: BOOSSECONDPHASE
[04Apr2025 10:53:34.396] [Render thread/INFO] [net.mcreator.atrox.AtroxMod/]: BOOSSECONDPHASE
[04Apr2025 10:53:34.396] [Render thread/INFO] [net.mcreator.atrox.AtroxMod/]: BOOSSECONDPHASE
[04Apr2025 10:53:34.396] [Render thread/INFO] [net.mcreator.atrox.AtroxMod/]: BOOSSECONDPHASE
[04Apr2025 10:53:34.396] [Render thread/INFO] [net.minecraft.client.gui.components.ChatComponent/]: [System] [CHAT] [@: Killed 18 entities]
[04Apr2025 10:53:34.498] [Server thread/INFO] [net.mcreator.atrox.AtroxMod/]: BOOSSECONDPHASE
[04Apr2025 10:53:34.498] [Server thread/INFO] [net.mcreator.atrox.AtroxMod/]: BOOSSECONDPHASE
[04Apr2025 10:53:34.498] [Render thread/INFO] [net.mcreator.atrox.AtroxMod/]: BOOSSECONDPHASE
[04Apr2025 10:53:34.498] [Server thread/INFO] [net.minecraft.server.MinecraftServer/]: [@: Killed 2 entities]
[04Apr2025 10:53:34.500] [Render thread/INFO] [net.mcreator.atrox.AtroxMod/]: BOOSSECONDPHASE
[04Apr2025 10:53:34.500] [Render thread/INFO] [net.minecraft.client.gui.components.ChatComponent/]: [System] [CHAT] [@: Killed 2 entities]
[04Apr2025 10:53:34.543] [Server thread/INFO] [net.mcreator.atrox.AtroxMod/]: BOOSSECONDPHASE
[04Apr2025 10:53:34.543] [Server thread/INFO] [net.mcreator.atrox.AtroxMod/]: BOOSSECONDPHASE
[04Apr2025 10:53:34.543] [Server thread/INFO] [net.mcreator.atrox.AtroxMod/]: BOOSSECONDPHASE
[04Apr2025 10:53:34.543] [Server thread/INFO] [net.minecraft.server.MinecraftServer/]: [@: Killed 3 entities]
[04Apr2025 10:53:34.545] [Render thread/INFO] [net.mcreator.atrox.AtroxMod/]: BOOSSECONDPHASE
[04Apr2025 10:53:34.545] [Render thread/INFO] [net.mcreator.atrox.AtroxMod/]: BOOSSECONDPHASE
[04Apr2025 10:53:34.545] [Render thread/INFO] [net.mcreator.atrox.AtroxMod/]: BOOSSECONDPHASE
[04Apr2025 10:53:34.545] [Render thread/INFO] [net.minecraft.client.gui.components.ChatComponent/]: [System] [CHAT] [@: Killed 3 entities]
[04Apr2025 10:53:34.693] [Server thread/INFO] [net.mcreator.atrox.AtroxMod/]: BOOSSECONDPHASE
[04Apr2025 10:53:34.693] [Server thread/INFO] [net.minecraft.server.MinecraftServer/]: [@: Killed Slime]
[04Apr2025 10:53:34.693] [Render thread/INFO] [net.mcreator.atrox.AtroxMod/]: BOOSSECONDPHASE
[04Apr2025 10:53:34.693] [Render thread/INFO] [net.minecraft.client.gui.components.ChatComponent/]: [System] [CHAT] [@: Killed Slime]
[04Apr2025 10:53:34.843] [Server thread/INFO] [net.mcreator.atrox.AtroxMod/]: BOOSSECONDPHASE
[04Apr2025 10:53:34.843] [Server thread/INFO] [net.mcreator.atrox.AtroxMod/]: BOOSSECONDPHASE
[04Apr2025 10:53:34.843] [Server thread/INFO] [net.mcreator.atrox.AtroxMod/]: BOOSSECONDPHASE
[04Apr2025 10:53:34.843] [Server thread/INFO] [net.mcreator.atrox.AtroxMod/]: BOOSSECONDPHASE
[04Apr2025 10:53:34.843] [Server thread/INFO] [net.mcreator.atrox.AtroxMod/]: BOOSSECONDPHASE
[04Apr2025 10:53:34.843] [Server thread/INFO] [net.mcreator.atrox.AtroxMod/]: BOOSSECONDPHASE
[04Apr2025 10:53:34.843] [Server thread/INFO] [net.mcreator.atrox.AtroxMod/]: BOOSSECONDPHASE
[04Apr2025 10:53:34.843] [Server thread/INFO] [net.mcreator.atrox.AtroxMod/]: BOOSSECONDPHASE
[04Apr2025 10:53:34.843] [Server thread/INFO] [net.mcreator.atrox.AtroxMod/]: BOOSSECONDPHASE
[04Apr2025 10:53:34.843] [Server thread/INFO] [net.mcreator.atrox.AtroxMod/]: BOOSSECONDPHASE
[04Apr2025 10:53:34.844] [Server thread/INFO] [net.minecraft.server.MinecraftServer/]: [@: Killed 10 entities]
[04Apr2025 10:53:34.844] [Render thread/INFO] [net.mcreator.atrox.AtroxMod/]: BOOSSECONDPHASE
[04Apr2025 10:53:34.844] [Render thread/INFO] [net.mcreator.atrox.AtroxMod/]: BOOSSECONDPHASE
[04Apr2025 10:53:34.844] [Render thread/INFO] [net.mcreator.atrox.AtroxMod/]: BOOSSECONDPHASE
[04Apr2025 10:53:34.844] [Render thread/INFO] [net.mcreator.atrox.AtroxMod/]: BOOSSECONDPHASE
[04Apr2025 10:53:34.844] [Render thread/INFO] [net.mcreator.atrox.AtroxMod/]: BOOSSECONDPHASE
[04Apr2025 10:53:34.844] [Render thread/INFO] [net.mcreator.atrox.AtroxMod/]: BOOSSECONDPHASE
[04Apr2025 10:53:34.844] [Render thread/INFO] [net.mcreator.atrox.AtroxMod/]: BOOSSECONDPHASE
[04Apr2025 10:53:34.844] [Render thread/INFO] [net.mcreator.atrox.AtroxMod/]: BOOSSECONDPHASE
[04Apr2025 10:53:34.845] [Render thread/INFO] [net.mcreator.atrox.AtroxMod/]: BOOSSECONDPHASE
[04Apr2025 10:53:34.845] [Render thread/INFO] [net.mcreator.atrox.AtroxMod/]: BOOSSECONDPHASE
[04Apr2025 10:53:34.845] [Render thread/INFO] [net.minecraft.client.gui.components.ChatComponent/]: [System] [CHAT] [@: Killed 10 entities]
[04Apr2025 10:53:35.244] [Server thread/INFO] [net.mcreator.atrox.AtroxMod/]: BOOSSECONDPHASE
[04Apr2025 10:53:35.244] [Server thread/INFO] [net.mcreator.atrox.AtroxMod/]: BOOSSECONDPHASE
[04Apr2025 10:53:35.244] [Server thread/INFO] [net.minecraft.server.MinecraftServer/]: [@: Killed 2 entities]
[04Apr2025 10:53:35.244] [Render thread/INFO] [net.mcreator.atrox.AtroxMod/]: BOOSSECONDPHASE
[04Apr2025 10:53:35.244] [Render thread/INFO] [net.mcreator.atrox.AtroxMod/]: BOOSSECONDPHASE
[04Apr2025 10:53:35.244] [Render thread/INFO] [net.minecraft.client.gui.components.ChatComponent/]: [System] [CHAT] [@: Killed 2 entities]
[04Apr2025 10:53:35.293] [Server thread/INFO] [net.mcreator.atrox.AtroxMod/]: BOOSSECONDPHASE
[04Apr2025 10:53:35.293] [Server thread/INFO] [net.minecraft.server.MinecraftServer/]: [@: Killed Slime]
[04Apr2025 10:53:35.294] [Render thread/INFO] [net.mcreator.atrox.AtroxMod/]: BOOSSECONDPHASE
[04Apr2025 10:53:35.294] [Render thread/INFO] [net.minecraft.client.gui.components.ChatComponent/]: [System] [CHAT] [@: Killed Slime]
[04Apr2025 10:53:35.493] [Server thread/INFO] [net.mcreator.atrox.AtroxMod/]: BOOSSECONDPHASE
[04Apr2025 10:53:35.493] [Server thread/INFO] [net.mcreator.atrox.AtroxMod/]: BOOSSECONDPHASE
[04Apr2025 10:53:35.493] [Server thread/INFO] [net.mcreator.atrox.AtroxMod/]: BOOSSECONDPHASE
[04Apr2025 10:53:35.493] [Server thread/INFO] [net.mcreator.atrox.AtroxMod/]: BOOSSECONDPHASE
[04Apr2025 10:53:35.493] [Server thread/INFO] [net.minecraft.server.MinecraftServer/]: [@: Killed 4 entities]
[04Apr2025 10:53:35.494] [Render thread/INFO] [net.mcreator.atrox.AtroxMod/]: BOOSSECONDPHASE
[04Apr2025 10:53:35.494] [Render thread/INFO] [net.mcreator.atrox.AtroxMod/]: BOOSSECONDPHASE
[04Apr2025 10:53:35.494] [Render thread/INFO] [net.mcreator.atrox.AtroxMod/]: BOOSSECONDPHASE
[04Apr2025 10:53:35.494] [Render thread/INFO] [net.mcreator.atrox.AtroxMod/]: BOOSSECONDPHASE
[04Apr2025 10:53:35.494] [Render thread/INFO] [net.minecraft.client.gui.components.ChatComponent/]: [System] [CHAT] [@: Killed 4 entities]
[04Apr2025 10:53:35.843] [Server thread/INFO] [net.mcreator.atrox.AtroxMod/]: BOOSSECONDPHASE
[04Apr2025 10:53:35.843] [Server thread/INFO] [net.minecraft.server.MinecraftServer/]: [@: Killed Slime]
[04Apr2025 10:53:35.844] [Render thread/INFO] [net.mcreator.atrox.AtroxMod/]: BOOSSECONDPHASE
[04Apr2025 10:53:35.844] [Render thread/INFO] [net.minecraft.client.gui.components.ChatComponent/]: [System] [CHAT] [@: Killed Slime]
[04Apr2025 10:53:36.244] [Server thread/INFO] [net.mcreator.atrox.AtroxMod/]: BOOSSECONDPHASE
[04Apr2025 10:53:36.244] [Server thread/INFO] [net.mcreator.atrox.AtroxMod/]: BOOSSECONDPHASE
[04Apr2025 10:53:36.244] [Server thread/INFO] [net.mcreator.atrox.AtroxMod/]: BOOSSECONDPHASE
[04Apr2025 10:53:36.244] [Server thread/INFO] [net.mcreator.atrox.AtroxMod/]: BOOSSECONDPHASE
[04Apr2025 10:53:36.244] [Server thread/INFO] [net.mcreator.atrox.AtroxMod/]: BOOSSECONDPHASE
[04Apr2025 10:53:36.244] [Render thread/INFO] [net.mcreator.atrox.AtroxMod/]: BOOSSECONDPHASE
[04Apr2025 10:53:36.244] [Server thread/INFO] [net.mcreator.atrox.AtroxMod/]: BOOSSECONDPHASE
[04Apr2025 10:53:36.244] [Render thread/INFO] [net.mcreator.atrox.AtroxMod/]: BOOSSECONDPHASE
[04Apr2025 10:53:36.244] [Render thread/INFO] [net.mcreator.atrox.AtroxMod/]: BOOSSECONDPHASE
[04Apr2025 10:53:36.244] [Render thread/INFO] [net.mcreator.atrox.AtroxMod/]: BOOSSECONDPHASE
[04Apr2025 10:53:36.244] [Server thread/INFO] [net.mcreator.atrox.AtroxMod/]: BOOSSECONDPHASE
[04Apr2025 10:53:36.244] [Render thread/INFO] [net.mcreator.atrox.AtroxMod/]: BOOSSECONDPHASE
[04Apr2025 10:53:36.244] [Render thread/INFO] [net.mcreator.atrox.AtroxMod/]: BOOSSECONDPHASE
[04Apr2025 10:53:36.244] [Server thread/INFO] [net.mcreator.atrox.AtroxMod/]: BOOSSECONDPHASE
[04Apr2025 10:53:36.244] [Server thread/INFO] [net.mcreator.atrox.AtroxMod/]: BOOSSECONDPHASE
[04Apr2025 10:53:36.245] [Server thread/INFO] [net.minecraft.server.MinecraftServer/]: [@: Killed 9 entities]
[04Apr2025 10:53:36.246] [Render thread/INFO] [net.mcreator.atrox.AtroxMod/]: BOOSSECONDPHASE
[04Apr2025 10:53:36.246] [Render thread/INFO] [net.mcreator.atrox.AtroxMod/]: BOOSSECONDPHASE
[04Apr2025 10:53:36.246] [Render thread/INFO] [net.mcreator.atrox.AtroxMod/]: BOOSSECONDPHASE
[04Apr2025 10:53:36.246] [Render thread/INFO] [net.minecraft.client.gui.components.ChatComponent/]: [System] [CHAT] [@: Killed 9 entities]
[04Apr2025 10:53:36.295] [Server thread/INFO] [net.mcreator.atrox.AtroxMod/]: BOOSSECONDPHASE
[04Apr2025 10:53:36.295] [Server thread/INFO] [net.mcreator.atrox.AtroxMod/]: BOOSSECONDPHASE
[04Apr2025 10:53:36.295] [Server thread/INFO] [net.mcreator.atrox.AtroxMod/]: BOOSSECONDPHASE
[04Apr2025 10:53:36.295] [Server thread/INFO] [net.minecraft.server.MinecraftServer/]: [@: Killed 3 entities]
[04Apr2025 10:53:36.296] [Render thread/INFO] [net.mcreator.atrox.AtroxMod/]: BOOSSECONDPHASE
[04Apr2025 10:53:36.296] [Render thread/INFO] [net.mcreator.atrox.AtroxMod/]: BOOSSECONDPHASE
[04Apr2025 10:53:36.296] [Render thread/INFO] [net.mcreator.atrox.AtroxMod/]: BOOSSECONDPHASE
[04Apr2025 10:53:36.296] [Render thread/INFO] [net.minecraft.client.gui.components.ChatComponent/]: [System] [CHAT] [@: Killed 3 entities]
[04Apr2025 10:53:36.544] [Server thread/INFO] [net.mcreator.atrox.AtroxMod/]: BOOSSECONDPHASE
[04Apr2025 10:53:36.544] [Server thread/INFO] [net.minecraft.server.MinecraftServer/]: [@: Killed Slime]
[04Apr2025 10:53:36.545] [Render thread/INFO] [net.mcreator.atrox.AtroxMod/]: BOOSSECONDPHASE
[04Apr2025 10:53:36.545] [Render thread/INFO] [net.minecraft.client.gui.components.ChatComponent/]: [System] [CHAT] [@: Killed Slime]
[04Apr2025 10:53:36.794] [Server thread/INFO] [net.mcreator.atrox.AtroxMod/]: BOOSSECONDPHASE
[04Apr2025 10:53:36.794] [Server thread/INFO] [net.minecraft.server.MinecraftServer/]: [@: Killed Slime]
[04Apr2025 10:53:36.794] [Render thread/INFO] [net.mcreator.atrox.AtroxMod/]: BOOSSECONDPHASE
[04Apr2025 10:53:36.794] [Render thread/INFO] [net.minecraft.client.gui.components.ChatComponent/]: [System] [CHAT] [@: Killed Slime]
[04Apr2025 10:53:37.144] [Server thread/INFO] [net.mcreator.atrox.AtroxMod/]: BOOSSECONDPHASE
[04Apr2025 10:53:37.144] [Server thread/INFO] [net.minecraft.server.MinecraftServer/]: [@: Killed Slime]
[04Apr2025 10:53:37.144] [Render thread/INFO] [net.mcreator.atrox.AtroxMod/]: BOOSSECONDPHASE
[04Apr2025 10:53:37.144] [Render thread/INFO] [net.minecraft.client.gui.components.ChatComponent/]: [System] [CHAT] [@: Killed Slime]
[04Apr2025 10:53:37.244] [Server thread/INFO] [net.mcreator.atrox.AtroxMod/]: BOOSSECONDPHASE
[04Apr2025 10:53:37.244] [Server thread/INFO] [net.mcreator.atrox.AtroxMod/]: BOOSSECONDPHASE
[04Apr2025 10:53:37.244] [Server thread/INFO] [net.mcreator.atrox.AtroxMod/]: BOOSSECONDPHASE
[04Apr2025 10:53:37.244] [Server thread/INFO] [net.mcreator.atrox.AtroxMod/]: BOOSSECONDPHASE
[04Apr2025 10:53:37.244] [Server thread/INFO] [net.minecraft.server.MinecraftServer/]: [@: Killed 4 entities]
[04Apr2025 10:53:37.244] [Render thread/INFO] [net.mcreator.atrox.AtroxMod/]: BOOSSECONDPHASE
[04Apr2025 10:53:37.244] [Render thread/INFO] [net.mcreator.atrox.AtroxMod/]: BOOSSECONDPHASE
[04Apr2025 10:53:37.245] [Render thread/INFO] [net.mcreator.atrox.AtroxMod/]: BOOSSECONDPHASE
[04Apr2025 10:53:37.245] [Render thread/INFO] [net.mcreator.atrox.AtroxMod/]: BOOSSECONDPHASE
[04Apr2025 10:53:37.245] [Render thread/INFO] [net.minecraft.client.gui.components.ChatComponent/]: [System] [CHAT] [@: Killed 4 entities]
[04Apr2025 10:53:37.295] [Server thread/INFO] [net.mcreator.atrox.AtroxMod/]: BOOSSECONDPHASE
[04Apr2025 10:53:37.295] [Server thread/INFO] [net.mcreator.atrox.AtroxMod/]: BOOSSECONDPHASE
[04Apr2025 10:53:37.295] [Server thread/INFO] [net.mcreator.atrox.AtroxMod/]: BOOSSECONDPHASE
[04Apr2025 10:53:37.295] [Server thread/INFO] [net.mcreator.atrox.AtroxMod/]: BOOSSECONDPHASE
[04Apr2025 10:53:37.295] [Server thread/INFO] [net.mcreator.atrox.AtroxMod/]: BOOSSECONDPHASE
[04Apr2025 10:53:37.295] [Server thread/INFO] [net.mcreator.atrox.AtroxMod/]: BOOSSECONDPHASE
[04Apr2025 10:53:37.295] [Server thread/INFO] [net.mcreator.atrox.AtroxMod/]: BOOSSECONDPHASE
[04Apr2025 10:53:37.295] [Server thread/INFO] [net.mcreator.atrox.AtroxMod/]: BOOSSECONDPHASE
[04Apr2025 10:53:37.295] [Server thread/INFO] [net.mcreator.atrox.AtroxMod/]: BOOSSECONDPHASE
[04Apr2025 10:53:37.296] [Server thread/INFO] [net.mcreator.atrox.AtroxMod/]: BOOSSECONDPHASE
[04Apr2025 10:53:37.296] [Server thread/INFO] [net.minecraft.server.MinecraftServer/]: [@: Killed 10 entities]
[04Apr2025 10:53:37.296] [Render thread/INFO] [net.mcreator.atrox.AtroxMod/]: BOOSSECONDPHASE
[04Apr2025 10:53:37.297] [Render thread/INFO] [net.mcreator.atrox.AtroxMod/]: BOOSSECONDPHASE
[04Apr2025 10:53:37.297] [Render thread/INFO] [net.mcreator.atrox.AtroxMod/]: BOOSSECONDPHASE
[04Apr2025 10:53:37.297] [Render thread/INFO] [net.mcreator.atrox.AtroxMod/]: BOOSSECONDPHASE
[04Apr2025 10:53:37.297] [Render thread/INFO] [net.mcreator.atrox.AtroxMod/]: BOOSSECONDPHASE
[04Apr2025 10:53:37.297] [Render thread/INFO] [net.mcreator.atrox.AtroxMod/]: BOOSSECONDPHASE
[04Apr2025 10:53:37.297] [Render thread/INFO] [net.mcreator.atrox.AtroxMod/]: BOOSSECONDPHASE
[04Apr2025 10:53:37.297] [Render thread/INFO] [net.mcreator.atrox.AtroxMod/]: BOOSSECONDPHASE
[04Apr2025 10:53:37.297] [Render thread/INFO] [net.mcreator.atrox.AtroxMod/]: BOOSSECONDPHASE
[04Apr2025 10:53:37.297] [Render thread/INFO] [net.mcreator.atrox.AtroxMod/]: BOOSSECONDPHASE
[04Apr2025 10:53:37.297] [Render thread/INFO] [net.minecraft.client.gui.components.ChatComponent/]: [System] [CHAT] [@: Killed 10 entities]
[04Apr2025 10:53:37.544] [Server thread/INFO] [net.mcreator.atrox.AtroxMod/]: BOOSSECONDPHASE
[04Apr2025 10:53:37.544] [Server thread/INFO] [net.mcreator.atrox.AtroxMod/]: BOOSSECONDPHASE
[04Apr2025 10:53:37.544] [Server thread/INFO] [net.mcreator.atrox.AtroxMod/]: BOOSSECONDPHASE
[04Apr2025 10:53:37.544] [Server thread/INFO] [net.mcreator.atrox.AtroxMod/]: BOOSSECONDPHASE
[04Apr2025 10:53:37.544] [Server thread/INFO] [net.minecraft.server.MinecraftServer/]: [@: Killed 4 entities]
[04Apr2025 10:53:37.545] [Render thread/INFO] [net.mcreator.atrox.AtroxMod/]: BOOSSECONDPHASE
[04Apr2025 10:53:37.545] [Render thread/INFO] [net.mcreator.atrox.AtroxMod/]: BOOSSECONDPHASE
[04Apr2025 10:53:37.545] [Render thread/INFO] [net.mcreator.atrox.AtroxMod/]: BOOSSECONDPHASE
[04Apr2025 10:53:37.545] [Render thread/INFO] [net.mcreator.atrox.AtroxMod/]: BOOSSECONDPHASE
[04Apr2025 10:53:37.545] [Render thread/INFO] [net.minecraft.client.gui.components.ChatComponent/]: [System] [CHAT] [@: Killed 4 entities]
[04Apr2025 10:53:37.644] [Server thread/INFO] [net.mcreator.atrox.AtroxMod/]: BOOSSECONDPHASE
[04Apr2025 10:53:37.644] [Server thread/INFO] [net.mcreator.atrox.AtroxMod/]: BOOSSECONDPHASE
[04Apr2025 10:53:37.644] [Server thread/INFO] [net.minecraft.server.MinecraftServer/]: [@: Killed 2 entities]
[04Apr2025 10:53:37.644] [Render thread/INFO] [net.mcreator.atrox.AtroxMod/]: BOOSSECONDPHASE
[04Apr2025 10:53:37.644] [Render thread/INFO] [net.mcreator.atrox.AtroxMod/]: BOOSSECONDPHASE
[04Apr2025 10:53:37.644] [Render thread/INFO] [net.minecraft.client.gui.components.ChatComponent/]: [System] [CHAT] [@: Killed 2 entities]
[04Apr2025 10:53:37.793] [Server thread/INFO] [net.mcreator.atrox.AtroxMod/]: BOOSSECONDPHASE
[04Apr2025 10:53:37.793] [Server thread/INFO] [net.mcreator.atrox.AtroxMod/]: BOOSSECONDPHASE
[04Apr2025 10:53:37.793] [Server thread/INFO] [net.mcreator.atrox.AtroxMod/]: BOOSSECONDPHASE
[04Apr2025 10:53:37.793] [Server thread/INFO] [net.minecraft.server.MinecraftServer/]: [@: Killed 3 entities]
[04Apr2025 10:53:37.794] [Render thread/INFO] [net.mcreator.atrox.AtroxMod/]: BOOSSECONDPHASE
[04Apr2025 10:53:37.794] [Render thread/INFO] [net.mcreator.atrox.AtroxMod/]: BOOSSECONDPHASE
[04Apr2025 10:53:37.794] [Render thread/INFO] [net.mcreator.atrox.AtroxMod/]: BOOSSECONDPHASE
[04Apr2025 10:53:37.794] [Render thread/INFO] [net.minecraft.client.gui.components.ChatComponent/]: [System] [CHAT] [@: Killed 3 entities]
[04Apr2025 10:53:37.944] [Server thread/INFO] [net.mcreator.atrox.AtroxMod/]: BOOSSECONDPHASE
[04Apr2025 10:53:37.944] [Server thread/INFO] [net.minecraft.server.MinecraftServer/]: [@: Killed Slime]
[04Apr2025 10:53:37.945] [Render thread/INFO] [net.mcreator.atrox.AtroxMod/]: BOOSSECONDPHASE
[04Apr2025 10:53:37.945] [Render thread/INFO] [net.minecraft.client.gui.components.ChatComponent/]: [System] [CHAT] [@: Killed Slime]
[04Apr2025 10:53:38.044] [Server thread/INFO] [net.mcreator.atrox.AtroxMod/]: BOOSSECONDPHASE
[04Apr2025 10:53:38.044] [Server thread/INFO] [net.minecraft.server.MinecraftServer/]: [@: Killed Slime]
[04Apr2025 10:53:38.045] [Render thread/INFO] [net.mcreator.atrox.AtroxMod/]: BOOSSECONDPHASE
[04Apr2025 10:53:38.045] [Render thread/INFO] [net.minecraft.client.gui.components.ChatComponent/]: [System] [CHAT] [@: Killed Slime]
[04Apr2025 10:53:38.143] [Server thread/INFO] [net.mcreator.atrox.AtroxMod/]: BOOSSECONDPHASE
[04Apr2025 10:53:38.143] [Server thread/INFO] [net.mcreator.atrox.AtroxMod/]: BOOSSECONDPHASE
[04Apr2025 10:53:38.143] [Server thread/INFO] [net.mcreator.atrox.AtroxMod/]: BOOSSECONDPHASE
[04Apr2025 10:53:38.143] [Server thread/INFO] [net.mcreator.atrox.AtroxMod/]: BOOSSECONDPHASE
[04Apr2025 10:53:38.143] [Server thread/INFO] [net.minecraft.server.MinecraftServer/]: [@: Killed 4 entities]
[04Apr2025 10:53:38.143] [Render thread/INFO] [net.mcreator.atrox.AtroxMod/]: BOOSSECONDPHASE
[04Apr2025 10:53:38.143] [Render thread/INFO] [net.mcreator.atrox.AtroxMod/]: BOOSSECONDPHASE
[04Apr2025 10:53:38.143] [Render thread/INFO] [net.mcreator.atrox.AtroxMod/]: BOOSSECONDPHASE
[04Apr2025 10:53:38.144] [Render thread/INFO] [net.mcreator.atrox.AtroxMod/]: BOOSSECONDPHASE
[04Apr2025 10:53:38.144] [Render thread/INFO] [net.minecraft.client.gui.components.ChatComponent/]: [System] [CHAT] [@: Killed 4 entities]
[04Apr2025 10:53:38.243] [Server thread/INFO] [net.mcreator.atrox.AtroxMod/]: BOOSSECONDPHASE
[04Apr2025 10:53:38.243] [Server thread/INFO] [net.mcreator.atrox.AtroxMod/]: BOOSSECONDPHASE
[04Apr2025 10:53:38.243] [Server thread/INFO] [net.mcreator.atrox.AtroxMod/]: BOOSSECONDPHASE
[04Apr2025 10:53:38.243] [Render thread/INFO] [net.mcreator.atrox.AtroxMod/]: BOOSSECONDPHASE
[04Apr2025 10:53:38.243] [Render thread/INFO] [net.mcreator.atrox.AtroxMod/]: BOOSSECONDPHASE
[04Apr2025 10:53:38.243] [Server thread/INFO] [net.mcreator.atrox.AtroxMod/]: BOOSSECONDPHASE
[04Apr2025 10:53:38.243] [Server thread/INFO] [net.mcreator.atrox.AtroxMod/]: BOOSSECONDPHASE
[04Apr2025 10:53:38.243] [Server thread/INFO] [net.mcreator.atrox.AtroxMod/]: BOOSSECONDPHASE
[04Apr2025 10:53:38.243] [Server thread/INFO] [net.mcreator.atrox.AtroxMod/]: BOOSSECONDPHASE
[04Apr2025 10:53:38.243] [Server thread/INFO] [net.mcreator.atrox.AtroxMod/]: BOOSSECONDPHASE
[04Apr2025 10:53:38.243] [Server thread/INFO] [net.mcreator.atrox.AtroxMod/]: BOOSSECONDPHASE
[04Apr2025 10:53:38.243] [Server thread/INFO] [net.mcreator.atrox.AtroxMod/]: BOOSSECONDPHASE
[04Apr2025 10:53:38.244] [Server thread/INFO] [net.mcreator.atrox.AtroxMod/]: BOOSSECONDPHASE
[04Apr2025 10:53:38.244] [Server thread/INFO] [net.minecraft.server.MinecraftServer/]: [@: Killed 11 entities]
[04Apr2025 10:53:38.244] [Render thread/INFO] [net.mcreator.atrox.AtroxMod/]: BOOSSECONDPHASE
[04Apr2025 10:53:38.244] [Render thread/INFO] [net.mcreator.atrox.AtroxMod/]: BOOSSECONDPHASE
[04Apr2025 10:53:38.244] [Render thread/INFO] [net.mcreator.atrox.AtroxMod/]: BOOSSECONDPHASE
[04Apr2025 10:53:38.244] [Render thread/INFO] [net.mcreator.atrox.AtroxMod/]: BOOSSECONDPHASE
[04Apr2025 10:53:38.244] [Render thread/INFO] [net.mcreator.atrox.AtroxMod/]: BOOSSECONDPHASE
[04Apr2025 10:53:38.244] [Render thread/INFO] [net.mcreator.atrox.AtroxMod/]: BOOSSECONDPHASE
[04Apr2025 10:53:38.244] [Render thread/INFO] [net.mcreator.atrox.AtroxMod/]: BOOSSECONDPHASE
[04Apr2025 10:53:38.244] [Render thread/INFO] [net.mcreator.atrox.AtroxMod/]: BOOSSECONDPHASE
[04Apr2025 10:53:38.244] [Render thread/INFO] [net.mcreator.atrox.AtroxMod/]: BOOSSECONDPHASE
[04Apr2025 10:53:38.244] [Render thread/INFO] [net.minecraft.client.gui.components.ChatComponent/]: [System] [CHAT] [@: Killed 11 entities]
[04Apr2025 10:53:38.293] [Server thread/INFO] [net.mcreator.atrox.AtroxMod/]: BOOSSECONDPHASE
[04Apr2025 10:53:38.293] [Server thread/INFO] [net.minecraft.server.MinecraftServer/]: [@: Killed Slime]
[04Apr2025 10:53:38.293] [Render thread/INFO] [net.mcreator.atrox.AtroxMod/]: BOOSSECONDPHASE
[04Apr2025 10:53:38.293] [Render thread/INFO] [net.minecraft.client.gui.components.ChatComponent/]: [System] [CHAT] [@: Killed Slime]
[04Apr2025 10:53:38.643] [Server thread/INFO] [net.mcreator.atrox.AtroxMod/]: BOOSSECONDPHASE
[04Apr2025 10:53:38.643] [Server thread/INFO] [net.mcreator.atrox.AtroxMod/]: BOOSSECONDPHASE
[04Apr2025 10:53:38.643] [Server thread/INFO] [net.mcreator.atrox.AtroxMod/]: BOOSSECONDPHASE
[04Apr2025 10:53:38.643] [Server thread/INFO] [net.minecraft.server.MinecraftServer/]: [@: Killed 3 entities]
[04Apr2025 10:53:38.644] [Render thread/INFO] [net.mcreator.atrox.AtroxMod/]: BOOSSECONDPHASE
[04Apr2025 10:53:38.644] [Render thread/INFO] [net.mcreator.atrox.AtroxMod/]: BOOSSECONDPHASE
[04Apr2025 10:53:38.644] [Render thread/INFO] [net.mcreator.atrox.AtroxMod/]: BOOSSECONDPHASE
[04Apr2025 10:53:38.644] [Render thread/INFO] [net.minecraft.client.gui.components.ChatComponent/]: [System] [CHAT] [@: Killed 3 entities]
[04Apr2025 10:53:38.694] [Server thread/INFO] [net.mcreator.atrox.AtroxMod/]: BOOSSECONDPHASE
[04Apr2025 10:53:38.694] [Server thread/INFO] [net.minecraft.server.MinecraftServer/]: [@: Killed Slime]
[04Apr2025 10:53:38.694] [Render thread/INFO] [net.mcreator.atrox.AtroxMod/]: BOOSSECONDPHASE
[04Apr2025 10:53:38.695] [Render thread/INFO] [net.minecraft.client.gui.components.ChatComponent/]: [System] [CHAT] [@: Killed Slime]
[04Apr2025 10:53:38.743] [Server thread/INFO] [net.mcreator.atrox.AtroxMod/]: BOOSSECONDPHASE
[04Apr2025 10:53:38.743] [Server thread/INFO] [net.mcreator.atrox.AtroxMod/]: BOOSSECONDPHASE
[04Apr2025 10:53:38.743] [Server thread/INFO] [net.minecraft.server.MinecraftServer/]: [@: Killed 2 entities]
[04Apr2025 10:53:38.744] [Render thread/INFO] [net.mcreator.atrox.AtroxMod/]: BOOSSECONDPHASE
[04Apr2025 10:53:38.744] [Render thread/INFO] [net.mcreator.atrox.AtroxMod/]: BOOSSECONDPHASE
[04Apr2025 10:53:38.744] [Render thread/INFO] [net.minecraft.client.gui.components.ChatComponent/]: [System] [CHAT] [@: Killed 2 entities]
[04Apr2025 10:53:38.793] [Server thread/INFO] [net.mcreator.atrox.AtroxMod/]: BOOSSECONDPHASE
[04Apr2025 10:53:38.793] [Server thread/INFO] [net.mcreator.atrox.AtroxMod/]: BOOSSECONDPHASE
[04Apr2025 10:53:38.793] [Render thread/INFO] [net.mcreator.atrox.AtroxMod/]: BOOSSECONDPHASE
[04Apr2025 10:53:38.793] [Server thread/INFO] [net.mcreator.atrox.AtroxMod/]: BOOSSECONDPHASE
[04Apr2025 10:53:38.793] [Render thread/INFO] [net.mcreator.atrox.AtroxMod/]: BOOSSECONDPHASE
[04Apr2025 10:53:38.793] [Server thread/INFO] [net.minecraft.server.MinecraftServer/]: [@: Killed 3 entities]
[04Apr2025 10:53:38.794] [Render thread/INFO] [net.mcreator.atrox.AtroxMod/]: BOOSSECONDPHASE
[04Apr2025 10:53:38.794] [Render thread/INFO] [net.minecraft.client.gui.components.ChatComponent/]: [System] [CHAT] [@: Killed 3 entities]
[04Apr2025 10:53:38.943] [Server thread/INFO] [net.mcreator.atrox.AtroxMod/]: BOOSSECONDPHASE
[04Apr2025 10:53:38.943] [Server thread/INFO] [net.mcreator.atrox.AtroxMod/]: BOOSSECONDPHASE
[04Apr2025 10:53:38.943] [Server thread/INFO] [net.mcreator.atrox.AtroxMod/]: BOOSSECONDPHASE
[04Apr2025 10:53:38.943] [Server thread/INFO] [net.mcreator.atrox.AtroxMod/]: BOOSSECONDPHASE
[04Apr2025 10:53:38.943] [Server thread/INFO] [net.minecraft.server.MinecraftServer/]: [@: Killed 4 entities]
[04Apr2025 10:53:38.944] [Render thread/INFO] [net.mcreator.atrox.AtroxMod/]: BOOSSECONDPHASE
[04Apr2025 10:53:38.944] [Render thread/INFO] [net.mcreator.atrox.AtroxMod/]: BOOSSECONDPHASE
[04Apr2025 10:53:38.944] [Render thread/INFO] [net.mcreator.atrox.AtroxMod/]: BOOSSECONDPHASE
[04Apr2025 10:53:38.944] [Render thread/INFO] [net.mcreator.atrox.AtroxMod/]: BOOSSECONDPHASE
[04Apr2025 10:53:38.944] [Render thread/INFO] [net.minecraft.client.gui.components.ChatComponent/]: [System] [CHAT] [@: Killed 4 entities]
[04Apr2025 10:53:39.043] [Server thread/INFO] [net.mcreator.atrox.AtroxMod/]: BOOSSECONDPHASE
[04Apr2025 10:53:39.043] [Server thread/INFO] [net.mcreator.atrox.AtroxMod/]: BOOSSECONDPHASE
[04Apr2025 10:53:39.043] [Server thread/INFO] [net.mcreator.atrox.AtroxMod/]: BOOSSECONDPHASE
[04Apr2025 10:53:39.043] [Server thread/INFO] [net.minecraft.server.MinecraftServer/]: [@: Killed 3 entities]
[04Apr2025 10:53:39.043] [Render thread/INFO] [net.mcreator.atrox.AtroxMod/]: BOOSSECONDPHASE
[04Apr2025 10:53:39.044] [Render thread/INFO] [net.mcreator.atrox.AtroxMod/]: BOOSSECONDPHASE
[04Apr2025 10:53:39.044] [Render thread/INFO] [net.mcreator.atrox.AtroxMod/]: BOOSSECONDPHASE
[04Apr2025 10:53:39.044] [Render thread/INFO] [net.minecraft.client.gui.components.ChatComponent/]: [System] [CHAT] [@: Killed 3 entities]
[04Apr2025 10:53:39.593] [Server thread/INFO] [net.mcreator.atrox.AtroxMod/]: BOOSSECONDPHASE
[04Apr2025 10:53:39.593] [Server thread/INFO] [net.minecraft.server.MinecraftServer/]: [@: Killed Slime]
[04Apr2025 10:53:39.593] [Render thread/INFO] [net.mcreator.atrox.AtroxMod/]: BOOSSECONDPHASE
[04Apr2025 10:53:39.593] [Render thread/INFO] [net.minecraft.client.gui.components.ChatComponent/]: [System] [CHAT] [@: Killed Slime]
[04Apr2025 10:53:39.694] [Server thread/INFO] [net.mcreator.atrox.AtroxMod/]: BOOSSECONDPHASE
[04Apr2025 10:53:39.694] [Server thread/INFO] [net.mcreator.atrox.AtroxMod/]: BOOSSECONDPHASE
[04Apr2025 10:53:39.694] [Server thread/INFO] [net.minecraft.server.MinecraftServer/]: [@: Killed 2 entities]
[04Apr2025 10:53:39.695] [Render thread/INFO] [net.mcreator.atrox.AtroxMod/]: BOOSSECONDPHASE
[04Apr2025 10:53:39.695] [Render thread/INFO] [net.mcreator.atrox.AtroxMod/]: BOOSSECONDPHASE
[04Apr2025 10:53:39.695] [Render thread/INFO] [net.minecraft.client.gui.components.ChatComponent/]: [System] [CHAT] [@: Killed 2 entities]
[04Apr2025 10:53:39.743] [Server thread/INFO] [net.mcreator.atrox.AtroxMod/]: BOOSSECONDPHASE
[04Apr2025 10:53:39.743] [Server thread/INFO] [net.mcreator.atrox.AtroxMod/]: BOOSSECONDPHASE
[04Apr2025 10:53:39.743] [Server thread/INFO] [net.mcreator.atrox.AtroxMod/]: BOOSSECONDPHASE
[04Apr2025 10:53:39.743] [Server thread/INFO] [net.mcreator.atrox.AtroxMod/]: BOOSSECONDPHASE
[04Apr2025 10:53:39.743] [Server thread/INFO] [net.mcreator.atrox.AtroxMod/]: BOOSSECONDPHASE
[04Apr2025 10:53:39.743] [Server thread/INFO] [net.mcreator.atrox.AtroxMod/]: BOOSSECONDPHASE
[04Apr2025 10:53:39.743] [Server thread/INFO] [net.mcreator.atrox.AtroxMod/]: BOOSSECONDPHASE
[04Apr2025 10:53:39.743] [Server thread/INFO] [net.minecraft.server.MinecraftServer/]: [@: Killed 7 entities]
[04Apr2025 10:53:39.744] [Render thread/INFO] [net.mcreator.atrox.AtroxMod/]: BOOSSECONDPHASE
[04Apr2025 10:53:39.744] [Render thread/INFO] [net.mcreator.atrox.AtroxMod/]: BOOSSECONDPHASE
[04Apr2025 10:53:39.744] [Render thread/INFO] [net.mcreator.atrox.AtroxMod/]: BOOSSECONDPHASE
[04Apr2025 10:53:39.744] [Render thread/INFO] [net.mcreator.atrox.AtroxMod/]: BOOSSECONDPHASE
[04Apr2025 10:53:39.744] [Render thread/INFO] [net.mcreator.atrox.AtroxMod/]: BOOSSECONDPHASE
[04Apr2025 10:53:39.744] [Render thread/INFO] [net.mcreator.atrox.AtroxMod/]: BOOSSECONDPHASE
[04Apr2025 10:53:39.744] [Render thread/INFO] [net.mcreator.atrox.AtroxMod/]: BOOSSECONDPHASE
[04Apr2025 10:53:39.744] [Render thread/INFO] [net.minecraft.client.gui.components.ChatComponent/]: [System] [CHAT] [@: Killed 7 entities]
[04Apr2025 10:53:39.794] [Server thread/INFO] [net.mcreator.atrox.AtroxMod/]: BOOSSECONDPHASE
[04Apr2025 10:53:39.794] [Server thread/INFO] [net.mcreator.atrox.AtroxMod/]: BOOSSECONDPHASE
[04Apr2025 10:53:39.794] [Server thread/INFO] [net.mcreator.atrox.AtroxMod/]: BOOSSECONDPHASE
[04Apr2025 10:53:39.794] [Server thread/INFO] [net.mcreator.atrox.AtroxMod/]: BOOSSECONDPHASE
[04Apr2025 10:53:39.794] [Server thread/INFO] [net.mcreator.atrox.AtroxMod/]: BOOSSECONDPHASE
[04Apr2025 10:53:39.794] [Server thread/INFO] [net.mcreator.atrox.AtroxMod/]: BOOSSECONDPHASE
[04Apr2025 10:53:39.794] [Render thread/INFO] [net.mcreator.atrox.AtroxMod/]: BOOSSECONDPHASE
[04Apr2025 10:53:39.794] [Server thread/INFO] [net.mcreator.atrox.AtroxMod/]: BOOSSECONDPHASE
[04Apr2025 10:53:39.794] [Render thread/INFO] [net.mcreator.atrox.AtroxMod/]: BOOSSECONDPHASE
[04Apr2025 10:53:39.794] [Render thread/INFO] [net.mcreator.atrox.AtroxMod/]: BOOSSECONDPHASE
[04Apr2025 10:53:39.794] [Render thread/INFO] [net.mcreator.atrox.AtroxMod/]: BOOSSECONDPHASE
[04Apr2025 10:53:39.794] [Server thread/INFO] [net.minecraft.server.MinecraftServer/]: [@: Killed 7 entities]
[04Apr2025 10:53:39.794] [Render thread/INFO] [net.mcreator.atrox.AtroxMod/]: BOOSSECONDPHASE
[04Apr2025 10:53:39.794] [Render thread/INFO] [net.mcreator.atrox.AtroxMod/]: BOOSSECONDPHASE
[04Apr2025 10:53:39.794] [Render thread/INFO] [net.mcreator.atrox.AtroxMod/]: BOOSSECONDPHASE
[04Apr2025 10:53:39.795] [Render thread/INFO] [net.minecraft.client.gui.components.ChatComponent/]: [System] [CHAT] [@: Killed 7 entities]
[04Apr2025 10:53:40.493] [Server thread/INFO] [net.mcreator.atrox.AtroxMod/]: BOOSSECONDPHASE
[04Apr2025 10:53:40.493] [Server thread/INFO] [net.minecraft.server.MinecraftServer/]: [@: Killed Slime]
[04Apr2025 10:53:40.493] [Render thread/INFO] [net.mcreator.atrox.AtroxMod/]: BOOSSECONDPHASE
[04Apr2025 10:53:40.493] [Render thread/INFO] [net.minecraft.client.gui.components.ChatComponent/]: [System] [CHAT] [@: Killed Slime]
[04Apr2025 10:53:40.744] [Server thread/INFO] [net.mcreator.atrox.AtroxMod/]: BOOSSECONDPHASE
[04Apr2025 10:53:40.744] [Server thread/INFO] [net.mcreator.atrox.AtroxMod/]: BOOSSECONDPHASE
[04Apr2025 10:53:40.744] [Server thread/INFO] [net.mcreator.atrox.AtroxMod/]: BOOSSECONDPHASE
[04Apr2025 10:53:40.744] [Server thread/INFO] [net.mcreator.atrox.AtroxMod/]: BOOSSECONDPHASE
[04Apr2025 10:53:40.744] [Server thread/INFO] [net.mcreator.atrox.AtroxMod/]: BOOSSECONDPHASE
[04Apr2025 10:53:40.744] [Server thread/INFO] [net.mcreator.atrox.AtroxMod/]: BOOSSECONDPHASE
[04Apr2025 10:53:40.744] [Server thread/INFO] [net.mcreator.atrox.AtroxMod/]: BOOSSECONDPHASE
[04Apr2025 10:53:40.744] [Server thread/INFO] [net.mcreator.atrox.AtroxMod/]: BOOSSECONDPHASE
[04Apr2025 10:53:40.744] [Render thread/INFO] [net.mcreator.atrox.AtroxMod/]: BOOSSECONDPHASE
[04Apr2025 10:53:40.744] [Server thread/INFO] [net.mcreator.atrox.AtroxMod/]: BOOSSECONDPHASE
[04Apr2025 10:53:40.745] [Render thread/INFO] [net.mcreator.atrox.AtroxMod/]: BOOSSECONDPHASE
[04Apr2025 10:53:40.745] [Server thread/INFO] [net.mcreator.atrox.AtroxMod/]: BOOSSECONDPHASE
[04Apr2025 10:53:40.745] [Render thread/INFO] [net.mcreator.atrox.AtroxMod/]: BOOSSECONDPHASE
[04Apr2025 10:53:40.745] [Server thread/INFO] [net.mcreator.atrox.AtroxMod/]: BOOSSECONDPHASE
[04Apr2025 10:53:40.745] [Render thread/INFO] [net.mcreator.atrox.AtroxMod/]: BOOSSECONDPHASE
[04Apr2025 10:53:40.745] [Server thread/INFO] [net.mcreator.atrox.AtroxMod/]: BOOSSECONDPHASE
[04Apr2025 10:53:40.745] [Render thread/INFO] [net.mcreator.atrox.AtroxMod/]: BOOSSECONDPHASE
[04Apr2025 10:53:40.745] [Render thread/INFO] [net.mcreator.atrox.AtroxMod/]: BOOSSECONDPHASE
[04Apr2025 10:53:40.745] [Server thread/INFO] [net.mcreator.atrox.AtroxMod/]: BOOSSECONDPHASE
[04Apr2025 10:53:40.745] [Render thread/INFO] [net.mcreator.atrox.AtroxMod/]: BOOSSECONDPHASE
[04Apr2025 10:53:40.745] [Server thread/INFO] [net.mcreator.atrox.AtroxMod/]: BOOSSECONDPHASE
[04Apr2025 10:53:40.745] [Render thread/INFO] [net.mcreator.atrox.AtroxMod/]: BOOSSECONDPHASE
[04Apr2025 10:53:40.745] [Render thread/INFO] [net.mcreator.atrox.AtroxMod/]: BOOSSECONDPHASE
[04Apr2025 10:53:40.745] [Render thread/INFO] [net.mcreator.atrox.AtroxMod/]: BOOSSECONDPHASE
[04Apr2025 10:53:40.745] [Server thread/INFO] [net.mcreator.atrox.AtroxMod/]: BOOSSECONDPHASE
[04Apr2025 10:53:40.745] [Render thread/INFO] [net.mcreator.atrox.AtroxMod/]: BOOSSECONDPHASE
[04Apr2025 10:53:40.745] [Server thread/INFO] [net.mcreator.atrox.AtroxMod/]: BOOSSECONDPHASE
[04Apr2025 10:53:40.745] [Render thread/INFO] [net.mcreator.atrox.AtroxMod/]: BOOSSECONDPHASE
[04Apr2025 10:53:40.745] [Render thread/INFO] [net.mcreator.atrox.AtroxMod/]: BOOSSECONDPHASE
[04Apr2025 10:53:40.745] [Server thread/INFO] [net.mcreator.atrox.AtroxMod/]: BOOSSECONDPHASE
[04Apr2025 10:53:40.745] [Render thread/INFO] [net.mcreator.atrox.AtroxMod/]: BOOSSECONDPHASE
[04Apr2025 10:53:40.745] [Render thread/INFO] [net.mcreator.atrox.AtroxMod/]: BOOSSECONDPHASE
[04Apr2025 10:53:40.745] [Server thread/INFO] [net.mcreator.atrox.AtroxMod/]: BOOSSECONDPHASE
[04Apr2025 10:53:40.745] [Render thread/INFO] [net.mcreator.atrox.AtroxMod/]: BOOSSECONDPHASE
[04Apr2025 10:53:40.745] [Render thread/INFO] [net.mcreator.atrox.AtroxMod/]: BOOSSECONDPHASE
[04Apr2025 10:53:40.745] [Server thread/INFO] [net.mcreator.atrox.AtroxMod/]: BOOSSECONDPHASE
[04Apr2025 10:53:40.745] [Server thread/INFO] [net.mcreator.atrox.AtroxMod/]: BOOSSECONDPHASE
[04Apr2025 10:53:40.746] [Server thread/INFO] [net.mcreator.atrox.AtroxMod/]: BOOSSECONDPHASE
[04Apr2025 10:53:40.746] [Server thread/INFO] [net.mcreator.atrox.AtroxMod/]: BOOSSECONDPHASE
[04Apr2025 10:53:40.746] [Server thread/INFO] [net.mcreator.atrox.AtroxMod/]: BOOSSECONDPHASE
[04Apr2025 10:53:40.746] [Server thread/INFO] [net.mcreator.atrox.AtroxMod/]: BOOSSECONDPHASE
[04Apr2025 10:53:40.746] [Server thread/INFO] [net.minecraft.server.MinecraftServer/]: [@: Killed 24 entities]
[04Apr2025 10:53:40.747] [Render thread/INFO] [net.mcreator.atrox.AtroxMod/]: BOOSSECONDPHASE
[04Apr2025 10:53:40.747] [Render thread/INFO] [net.mcreator.atrox.AtroxMod/]: BOOSSECONDPHASE
[04Apr2025 10:53:40.747] [Render thread/INFO] [net.mcreator.atrox.AtroxMod/]: BOOSSECONDPHASE
[04Apr2025 10:53:40.747] [Render thread/INFO] [net.mcreator.atrox.AtroxMod/]: BOOSSECONDPHASE
[04Apr2025 10:53:40.747] [Render thread/INFO] [net.mcreator.atrox.AtroxMod/]: BOOSSECONDPHASE
[04Apr2025 10:53:40.747] [Render thread/INFO] [net.mcreator.atrox.AtroxMod/]: BOOSSECONDPHASE
[04Apr2025 10:53:40.747] [Render thread/INFO] [net.mcreator.atrox.AtroxMod/]: BOOSSECONDPHASE
[04Apr2025 10:53:40.747] [Render thread/INFO] [net.minecraft.client.gui.components.ChatComponent/]: [System] [CHAT] [@: Killed 24 entities]
[04Apr2025 10:53:41.143] [Server thread/INFO] [net.mcreator.atrox.AtroxMod/]: BOOSSECONDPHASE
[04Apr2025 10:53:41.143] [Server thread/INFO] [net.minecraft.server.MinecraftServer/]: [@: Killed Slime]
[04Apr2025 10:53:41.143] [Render thread/INFO] [net.mcreator.atrox.AtroxMod/]: BOOSSECONDPHASE
[04Apr2025 10:53:41.143] [Render thread/INFO] [net.minecraft.client.gui.components.ChatComponent/]: [System] [CHAT] [@: Killed Slime]
[04Apr2025 10:53:41.243] [Server thread/INFO] [net.minecraft.client.server.IntegratedServer/]: Saving and pausing game...
[04Apr2025 10:53:41.258] [Server thread/INFO] [net.minecraft.server.MinecraftServer/]: Saving chunks for level 'ServerLevel[New World]'/minecraft:overworld
[04Apr2025 10:53:41.262] [Server thread/INFO] [net.minecraft.server.MinecraftServer/]: Saving chunks for level 'ServerLevel[New World]'/minecraft:the_end
[04Apr2025 10:53:41.262] [Server thread/INFO] [net.minecraft.server.MinecraftServer/]: Saving chunks for level 'ServerLevel[New World]'/minecraft:the_nether
[04Apr2025 10:53:41.263] [Server thread/INFO] [net.minecraft.server.MinecraftServer/]: Saving chunks for level 'ServerLevel[New World]'/atrox:spookydimension
[04Apr2025 10:53:46.543] [Server thread/INFO] [net.mcreator.atrox.AtroxMod/]: BOOSSECONDPHASE
[04Apr2025 10:53:46.543] [Server thread/INFO] [net.mcreator.atrox.AtroxMod/]: BOOSSECONDPHASE
[04Apr2025 10:53:46.543] [Server thread/INFO] [net.minecraft.server.MinecraftServer/]: [@: Killed 2 entities]
[04Apr2025 10:53:46.543] [Render thread/INFO] [net.mcreator.atrox.AtroxMod/]: BOOSSECONDPHASE
[04Apr2025 10:53:46.543] [Render thread/INFO] [net.mcreator.atrox.AtroxMod/]: BOOSSECONDPHASE
[04Apr2025 10:53:46.543] [Render thread/INFO] [net.minecraft.client.gui.components.ChatComponent/]: [System] [CHAT] [@: Killed 2 entities]
[04Apr2025 10:53:46.593] [Server thread/INFO] [net.mcreator.atrox.AtroxMod/]: BOOSSECONDPHASE
[04Apr2025 10:53:46.593] [Server thread/INFO] [net.mcreator.atrox.AtroxMod/]: BOOSSECONDPHASE
[04Apr2025 10:53:46.593] [Server thread/INFO] [net.minecraft.server.MinecraftServer/]: [@: Killed 2 entities]
[04Apr2025 10:53:46.593] [Render thread/INFO] [net.mcreator.atrox.AtroxMod/]: BOOSSECONDPHASE
[04Apr2025 10:53:46.593] [Render thread/INFO] [net.mcreator.atrox.AtroxMod/]: BOOSSECONDPHASE
[04Apr2025 10:53:46.593] [Render thread/INFO] [net.minecraft.client.gui.components.ChatComponent/]: [System] [CHAT] [@: Killed 2 entities]
[04Apr2025 10:53:47.294] [Server thread/INFO] [net.minecraft.client.server.IntegratedServer/]: Saving and pausing game...
[04Apr2025 10:53:47.303] [Server thread/INFO] [net.minecraft.server.MinecraftServer/]: Saving chunks for level 'ServerLevel[New World]'/minecraft:overworld
[04Apr2025 10:53:47.306] [Server thread/INFO] [net.minecraft.server.MinecraftServer/]: Saving chunks for level 'ServerLevel[New World]'/minecraft:the_end
[04Apr2025 10:53:47.306] [Server thread/INFO] [net.minecraft.server.MinecraftServer/]: Saving chunks for level 'ServerLevel[New World]'/minecraft:the_nether
[04Apr2025 10:53:47.306] [Server thread/INFO] [net.minecraft.server.MinecraftServer/]: Saving chunks for level 'ServerLevel[New World]'/atrox:spookydimension
[04Apr2025 10:53:50.400] [Server thread/INFO] [net.minecraft.server.network.ServerGamePacketListenerImpl/]: Dev lost connection: Disconnected
[04Apr2025 10:53:50.400] [Server thread/INFO] [net.minecraft.server.MinecraftServer/]: Dev left the game
[04Apr2025 10:53:50.430] [Server thread/INFO] [net.minecraft.server.network.ServerGamePacketListenerImpl/]: Stopping singleplayer server as player logged out
[04Apr2025 10:53:50.444] [Server thread/INFO] [net.minecraft.server.MinecraftServer/]: Stopping server
[04Apr2025 10:53:50.444] [Server thread/INFO] [net.minecraft.server.MinecraftServer/]: Saving players
[04Apr2025 10:53:50.444] [Server thread/INFO] [net.minecraft.server.MinecraftServer/]: Saving worlds
[04Apr2025 10:53:50.766] [Server thread/INFO] [net.minecraft.server.MinecraftServer/]: Saving chunks for level 'ServerLevel[New World]'/minecraft:overworld
[04Apr2025 10:53:52.559] [Server thread/INFO] [net.minecraft.server.MinecraftServer/]: Saving chunks for level 'ServerLevel[New World]'/minecraft:the_end
[04Apr2025 10:53:52.559] [Server thread/INFO] [net.minecraft.server.MinecraftServer/]: Saving chunks for level 'ServerLevel[New World]'/minecraft:the_nether
[04Apr2025 10:53:52.560] [Server thread/INFO] [net.minecraft.server.MinecraftServer/]: Saving chunks for level 'ServerLevel[New World]'/atrox:spookydimension
[04Apr2025 10:53:52.577] [Server thread/INFO] [net.minecraft.server.MinecraftServer/]: ThreadedAnvilChunkStorage (New World (11)): All chunks are saved
[04Apr2025 10:53:52.577] [Server thread/INFO] [net.minecraft.server.MinecraftServer/]: ThreadedAnvilChunkStorage (DIM1): All chunks are saved
[04Apr2025 10:53:52.577] [Server thread/INFO] [net.minecraft.server.MinecraftServer/]: ThreadedAnvilChunkStorage (DIM-1): All chunks are saved
[04Apr2025 10:53:52.577] [Server thread/INFO] [net.minecraft.server.MinecraftServer/]: ThreadedAnvilChunkStorage (spookydimension): All chunks are saved
[04Apr2025 10:53:52.577] [Server thread/INFO] [net.minecraft.server.MinecraftServer/]: ThreadedAnvilChunkStorage: All dimensions are saved
[04Apr2025 10:54:04.912] [Render thread/INFO] [net.minecraftforge.registries.GameData/REGISTRIES]: Injecting existing registry data into this CLIENT instance
[04Apr2025 10:54:05.457] [Worker-Main-4/ERROR] [net.minecraft.tags.TagLoader/]: Couldn't load tag curios:charm as it is missing following references: atrox:ghostbauble (from main)
[04Apr2025 10:54:05.626] [Render thread/INFO] [net.minecraft.world.item.crafting.RecipeManager/]: Loaded 7 recipes
[04Apr2025 10:54:05.626] [Render thread/ERROR] [net.minecraft.server.ServerAdvancementManager/]: Parsing error loading custom advancement atrox:ghostbaubleequipped: Expected item to be an item, was unknown string 'atrox:ghostbauble'
[04Apr2025 10:54:05.647] [Render thread/INFO] [net.minecraft.advancements.AdvancementList/]: Loaded 1278 advancements
[04Apr2025 10:54:52.263] [Worker-Main-14/ERROR] [net.minecraft.tags.TagLoader/]: Couldn't load tag curios:charm as it is missing following references: atrox:ghostbauble (from main)
[04Apr2025 10:54:52.419] [Render thread/INFO] [net.minecraft.world.item.crafting.RecipeManager/]: Loaded 7 recipes
[04Apr2025 10:54:52.419] [Render thread/ERROR] [net.minecraft.server.ServerAdvancementManager/]: Parsing error loading custom advancement atrox:ghostbaubleequipped: Expected item to be an item, was unknown string 'atrox:ghostbauble'
[04Apr2025 10:54:52.434] [Render thread/INFO] [net.minecraft.advancements.AdvancementList/]: Loaded 1278 advancements
[04Apr2025 10:55:34.845] [Render thread/INFO] [net.minecraftforge.registries.GameData/REGISTRIES]: Injecting existing registry data into this CLIENT instance
[04Apr2025 10:55:35.324] [Worker-Main-1/ERROR] [net.minecraft.tags.TagLoader/]: Couldn't load tag curios:charm as it is missing following references: atrox:ghostbauble (from main)
[04Apr2025 10:55:35.480] [Render thread/INFO] [net.minecraft.world.item.crafting.RecipeManager/]: Loaded 7 recipes
[04Apr2025 10:55:35.480] [Render thread/ERROR] [net.minecraft.server.ServerAdvancementManager/]: Parsing error loading custom advancement atrox:ghostbaubleequipped: Expected item to be an item, was unknown string 'atrox:ghostbauble'
[04Apr2025 10:55:35.493] [Render thread/INFO] [net.minecraft.advancements.AdvancementList/]: Loaded 1278 advancements
[04Apr2025 10:55:36.434] [Render thread/INFO] [net.minecraftforge.registries.GameData/REGISTRIES]: Injecting existing registry data into this CLIENT instance
[04Apr2025 10:55:36.900] [Worker-Main-9/ERROR] [net.minecraft.tags.TagLoader/]: Couldn't load tag curios:charm as it is missing following references: atrox:ghostbauble (from main)
[04Apr2025 10:55:37.068] [Render thread/INFO] [net.minecraft.world.item.crafting.RecipeManager/]: Loaded 7 recipes
[04Apr2025 10:55:37.068] [Render thread/ERROR] [net.minecraft.server.ServerAdvancementManager/]: Parsing error loading custom advancement atrox:ghostbaubleequipped: Expected item to be an item, was unknown string 'atrox:ghostbauble'
[04Apr2025 10:55:37.083] [Render thread/INFO] [net.minecraft.advancements.AdvancementList/]: Loaded 1278 advancements
[04Apr2025 10:55:37.385] [Server thread/INFO] [net.minecraft.client.server.IntegratedServer/]: Starting integrated minecraft server version 1.20.1
[04Apr2025 10:55:37.385] [Server thread/INFO] [net.minecraft.server.MinecraftServer/]: Generating keypair
[04Apr2025 10:55:37.447] [Server thread/INFO] [net.minecraft.server.MinecraftServer/]: Preparing start region for dimension minecraft:overworld
[04Apr2025 10:55:38.336] [Render thread/INFO] [net.minecraft.server.level.progress.LoggerChunkProgressListener/]: Preparing spawn area: 0%
[04Apr2025 10:55:38.353] [Render thread/INFO] [net.minecraft.server.level.progress.LoggerChunkProgressListener/]: Preparing spawn area: 0%
[04Apr2025 10:55:38.475] [Render thread/INFO] [net.minecraft.server.level.progress.LoggerChunkProgressListener/]: Preparing spawn area: 2%
[04Apr2025 10:55:38.861] [Server thread/INFO] [net.minecraftforge.server.permission.PermissionAPI/]: Successfully initialized permission handler forge:default_handler
[04Apr2025 10:55:38.863] [Render thread/INFO] [net.minecraft.server.level.progress.LoggerChunkProgressListener/]: Time elapsed: 1400 ms
[04Apr2025 10:55:38.923] [Server thread/INFO] [net.minecraft.client.server.IntegratedServer/]: Changing view distance to 12, from 10
[04Apr2025 10:55:38.924] [Server thread/INFO] [net.minecraft.client.server.IntegratedServer/]: Changing simulation distance to 12, from 0
[04Apr2025 10:55:39.167] [Netty Local Client IO #1/INFO] [net.minecraftforge.network.NetworkHooks/]: Connected to a modded server.
[04Apr2025 10:55:39.185] [Server thread/INFO] [net.minecraft.server.players.PlayerList/]: Dev[local:E:654024f5] logged in with entity id 2781 at (-7.51348891218428, -42.0, -30.97303937329454)
[04Apr2025 10:55:39.191] [Server thread/INFO] [net.minecraft.server.MinecraftServer/]: Dev joined the game
[04Apr2025 10:55:39.376] [Render thread/INFO] [net.minecraft.advancements.AdvancementList/]: Loaded 14 advancements
[04Apr2025 10:55:45.880] [Server thread/INFO] [net.minecraft.server.MinecraftServer/]: [Dev: Gamerule doMobSpawning is now set to: false]
[04Apr2025 10:55:45.881] [Render thread/INFO] [net.minecraft.client.gui.components.ChatComponent/]: [System] [CHAT] Gamerule doMobSpawning is now set to: false
[04Apr2025 10:55:52.833] [Server thread/INFO] [net.minecraft.world.entity.npc.Villager/]: Villager Villager['Wizard'/2519, l='ServerLevel[New World]', x=-12.51, y=-40.00, z=-1.51] died, message: 'Wizard was killed'
[04Apr2025 10:55:52.833] [Server thread/INFO] [net.mcreator.atrox.AtroxMod/]: BOOSSECONDPHASE
[04Apr2025 10:55:52.834] [Server thread/INFO] [net.mcreator.atrox.AtroxMod/]: BOOSSECONDPHASE
[04Apr2025 10:55:52.834] [Render thread/INFO] [net.minecraft.world.entity.npc.Villager/]: Villager Villager['Wizard'/2519, l='ClientLevel', x=-12.51, y=-40.00, z=-1.51] died, message: 'Wizard died'
[04Apr2025 10:55:52.834] [Render thread/INFO] [net.mcreator.atrox.AtroxMod/]: BOOSSECONDPHASE
[04Apr2025 10:55:52.834] [Server thread/INFO] [net.mcreator.atrox.AtroxMod/]: BOOSSECONDPHASE
[04Apr2025 10:55:52.834] [Render thread/INFO] [net.mcreator.atrox.AtroxMod/]: BOOSSECONDPHASE
[04Apr2025 10:55:52.834] [Server thread/INFO] [net.mcreator.atrox.AtroxMod/]: BOOSSECONDPHASE
[04Apr2025 10:55:52.834] [Server thread/INFO] [net.mcreator.atrox.AtroxMod/]: BOOSSECONDPHASE
[04Apr2025 10:55:52.834] [Server thread/INFO] [net.mcreator.atrox.AtroxMod/]: BOOSSECONDPHASE
[04Apr2025 10:55:52.835] [Server thread/INFO] [net.mcreator.atrox.AtroxMod/]: BOOSSECONDPHASE
[04Apr2025 10:55:52.835] [Server thread/INFO] [net.mcreator.atrox.AtroxMod/]: BOOSSECONDPHASE
[04Apr2025 10:55:52.835] [Render thread/INFO] [net.mcreator.atrox.AtroxMod/]: BOOSSECONDPHASE
[04Apr2025 10:55:52.835] [Render thread/INFO] [net.mcreator.atrox.AtroxMod/]: BOOSSECONDPHASE
[04Apr2025 10:55:52.835] [Server thread/INFO] [net.mcreator.atrox.AtroxMod/]: BOOSSECONDPHASE
[04Apr2025 10:55:52.835] [Render thread/INFO] [net.mcreator.atrox.AtroxMod/]: BOOSSECONDPHASE
[04Apr2025 10:55:52.835] [Render thread/INFO] [net.mcreator.atrox.AtroxMod/]: BOOSSECONDPHASE
[04Apr2025 10:55:52.835] [Server thread/INFO] [net.mcreator.atrox.AtroxMod/]: BOOSSECONDPHASE
[04Apr2025 10:55:52.835] [Render thread/INFO] [net.mcreator.atrox.AtroxMod/]: BOOSSECONDPHASE
[04Apr2025 10:55:52.835] [Render thread/INFO] [net.mcreator.atrox.AtroxMod/]: BOOSSECONDPHASE
[04Apr2025 10:55:52.835] [Server thread/INFO] [net.mcreator.atrox.AtroxMod/]: BOOSSECONDPHASE
[04Apr2025 10:55:52.835] [Render thread/INFO] [net.mcreator.atrox.AtroxMod/]: BOOSSECONDPHASE
[04Apr2025 10:55:52.835] [Render thread/INFO] [net.mcreator.atrox.AtroxMod/]: BOOSSECONDPHASE
[04Apr2025 10:55:52.835] [Server thread/INFO] [net.mcreator.atrox.AtroxMod/]: BOOSSECONDPHASE
[04Apr2025 10:55:52.835] [Server thread/INFO] [net.mcreator.atrox.AtroxMod/]: BOOSSECONDPHASE
[04Apr2025 10:55:52.836] [Server thread/INFO] [net.mcreator.atrox.AtroxMod/]: BOOSSECONDPHASE
[04Apr2025 10:55:52.836] [Server thread/INFO] [net.mcreator.atrox.AtroxMod/]: BOOSSECONDPHASE
[04Apr2025 10:55:52.836] [Server thread/INFO] [net.mcreator.atrox.AtroxMod/]: BOOSSECONDPHASE
[04Apr2025 10:55:52.836] [Render thread/INFO] [net.mcreator.atrox.AtroxMod/]: BOOSSECONDPHASE
[04Apr2025 10:55:52.836] [Render thread/INFO] [net.mcreator.atrox.AtroxMod/]: BOOSSECONDPHASE
[04Apr2025 10:55:52.836] [Render thread/INFO] [net.mcreator.atrox.AtroxMod/]: BOOSSECONDPHASE
[04Apr2025 10:55:52.836] [Render thread/INFO] [net.mcreator.atrox.AtroxMod/]: BOOSSECONDPHASE
[04Apr2025 10:55:52.837] [Server thread/INFO] [net.mcreator.atrox.AtroxMod/]: BOOSSECONDPHASE
[04Apr2025 10:55:52.837] [Server thread/INFO] [net.minecraft.world.entity.npc.Villager/]: Villager Villager['Farmer'/2743, l='ServerLevel[New World]', x=141.50, y=-42.00, z=-10.69] died, message: 'Farmer was killed'
[04Apr2025 10:55:52.837] [Render thread/INFO] [net.mcreator.atrox.AtroxMod/]: BOOSSECONDPHASE
[04Apr2025 10:55:52.837] [Server thread/INFO] [net.mcreator.atrox.AtroxMod/]: BOOSSECONDPHASE
[04Apr2025 10:55:52.837] [Server thread/INFO] [net.minecraft.world.entity.npc.Villager/]: Villager Villager['Farmer'/2744, l='ServerLevel[New World]', x=142.21, y=-41.00, z=-15.44] died, message: 'Farmer was killed'
[04Apr2025 10:55:52.837] [Server thread/INFO] [net.mcreator.atrox.AtroxMod/]: BOOSSECONDPHASE
[04Apr2025 10:55:52.837] [Server thread/INFO] [net.mcreator.atrox.AtroxMod/]: BOOSSECONDPHASE
[04Apr2025 10:55:52.838] [Server thread/INFO] [net.mcreator.atrox.AtroxMod/]: BOOSSECONDPHASE
[04Apr2025 10:55:52.838] [Server thread/INFO] [net.minecraft.world.entity.npc.Villager/]: Villager Villager['Villager'/2764, l='ServerLevel[New World]', x=171.96, y=-42.00, z=60.96] died, message: 'Villager was killed'
[04Apr2025 10:55:52.838] [Server thread/INFO] [net.mcreator.atrox.AtroxMod/]: BOOSSECONDPHASE
[04Apr2025 10:55:52.838] [Render thread/INFO] [net.minecraft.world.entity.npc.Villager/]: Villager Villager['Farmer'/2743, l='ClientLevel', x=141.50, y=-42.00, z=-11.03] died, message: 'Farmer died'
[04Apr2025 10:55:52.838] [Render thread/INFO] [net.mcreator.atrox.AtroxMod/]: BOOSSECONDPHASE
[04Apr2025 10:55:52.838] [Server thread/INFO] [net.minecraft.world.entity.npc.Villager/]: Villager Villager['Villager'/2765, l='ServerLevel[New World]', x=172.75, y=-42.00, z=60.97] died, message: 'Villager was killed'
[04Apr2025 10:55:52.838] [Render thread/INFO] [net.minecraft.world.entity.npc.Villager/]: Villager Villager['Farmer'/2744, l='ClientLevel', x=142.13, y=-41.00, z=-15.41] died, message: 'Farmer died'
[04Apr2025 10:55:52.838] [Render thread/INFO] [net.mcreator.atrox.AtroxMod/]: BOOSSECONDPHASE
[04Apr2025 10:55:52.838] [Server thread/INFO] [net.mcreator.atrox.AtroxMod/]: BOOSSECONDPHASE
[04Apr2025 10:55:52.838] [Server thread/INFO] [net.minecraft.world.entity.npc.Villager/]: Villager Villager['Villager'/2766, l='ServerLevel[New World]', x=167.82, y=-40.00, z=42.55] died, message: 'Villager was killed'
[04Apr2025 10:55:52.838] [Server thread/INFO] [net.mcreator.atrox.AtroxMod/]: BOOSSECONDPHASE
[04Apr2025 10:55:52.838] [Server thread/INFO] [net.mcreator.atrox.AtroxMod/]: BOOSSECONDPHASE
[04Apr2025 10:55:52.839] [Server thread/INFO] [net.minecraft.world.entity.npc.Villager/]: Villager Villager['Farmer'/2768, l='ServerLevel[New World]', x=183.31, y=-41.06, z=21.46] died, message: 'Farmer was killed'
[04Apr2025 10:55:52.839] [Server thread/INFO] [net.mcreator.atrox.AtroxMod/]: BOOSSECONDPHASE
[04Apr2025 10:55:52.839] [Server thread/INFO] [net.minecraft.world.entity.npc.Villager/]: Villager Villager['Farmer'/2769, l='ServerLevel[New World]', x=181.79, y=-40.00, z=30.72] died, message: 'Farmer was killed'
[04Apr2025 10:55:52.839] [Server thread/INFO] [net.mcreator.atrox.AtroxMod/]: BOOSSECONDPHASE
[04Apr2025 10:55:52.839] [Server thread/INFO] [net.mcreator.atrox.AtroxMod/]: BOOSSECONDPHASE
[04Apr2025 10:55:52.839] [Server thread/INFO] [net.mcreator.atrox.AtroxMod/]: BOOSSECONDPHASE
[04Apr2025 10:55:52.839] [Server thread/INFO] [net.mcreator.atrox.AtroxMod/]: BOOSSECONDPHASE
[04Apr2025 10:55:52.839] [Server thread/INFO] [net.mcreator.atrox.AtroxMod/]: BOOSSECONDPHASE
[04Apr2025 10:55:52.839] [Server thread/INFO] [net.mcreator.atrox.AtroxMod/]: BOOSSECONDPHASE
[04Apr2025 10:55:52.840] [Server thread/INFO] [net.mcreator.atrox.AtroxMod/]: BOOSSECONDPHASE
[04Apr2025 10:55:52.840] [Server thread/INFO] [net.mcreator.atrox.AtroxMod/]: BOOSSECONDPHASE
[04Apr2025 10:55:52.840] [Server thread/INFO] [net.mcreator.atrox.AtroxMod/]: BOOSSECONDPHASE
[04Apr2025 10:55:52.840] [Render thread/INFO] [net.mcreator.atrox.AtroxMod/]: BOOSSECONDPHASE
[04Apr2025 10:55:52.840] [Server thread/INFO] [net.mcreator.atrox.AtroxMod/]: BOOSSECONDPHASE
[04Apr2025 10:55:52.840] [Render thread/INFO] [net.mcreator.atrox.AtroxMod/]: BOOSSECONDPHASE
[04Apr2025 10:55:52.840] [Render thread/INFO] [net.mcreator.atrox.AtroxMod/]: BOOSSECONDPHASE
[04Apr2025 10:55:52.840] [Server thread/INFO] [net.mcreator.atrox.AtroxMod/]: BOOSSECONDPHASE
[04Apr2025 10:55:52.840] [Render thread/INFO] [net.mcreator.atrox.AtroxMod/]: BOOSSECONDPHASE
[04Apr2025 10:55:52.840] [Render thread/INFO] [net.mcreator.atrox.AtroxMod/]: BOOSSECONDPHASE
[04Apr2025 10:55:52.840] [Server thread/INFO] [net.mcreator.atrox.AtroxMod/]: BOOSSECONDPHASE
[04Apr2025 10:55:52.840] [Render thread/INFO] [net.mcreator.atrox.AtroxMod/]: BOOSSECONDPHASE
[04Apr2025 10:55:52.840] [Render thread/INFO] [net.mcreator.atrox.AtroxMod/]: BOOSSECONDPHASE
[04Apr2025 10:55:52.840] [Render thread/INFO] [net.mcreator.atrox.AtroxMod/]: BOOSSECONDPHASE
[04Apr2025 10:55:52.840] [Render thread/INFO] [net.mcreator.atrox.AtroxMod/]: BOOSSECONDPHASE
[04Apr2025 10:55:52.840] [Render thread/INFO] [net.mcreator.atrox.AtroxMod/]: BOOSSECONDPHASE
[04Apr2025 10:55:52.840] [Render thread/INFO] [net.mcreator.atrox.AtroxMod/]: BOOSSECONDPHASE
[04Apr2025 10:55:52.841] [Server thread/INFO] [net.mcreator.atrox.AtroxMod/]: BOOSSECONDPHASE
[04Apr2025 10:55:52.841] [Server thread/INFO] [net.minecraft.server.MinecraftServer/]: Dev was killed
[04Apr2025 10:55:52.843] [Render thread/INFO] [net.minecraft.client.gui.components.ChatComponent/]: [System] [CHAT] Dev was killed
[04Apr2025 10:55:52.843] [Server thread/INFO] [net.mcreator.atrox.AtroxMod/]: BOOSSECONDPHASE
[04Apr2025 10:55:52.844] [Server thread/INFO] [net.mcreator.atrox.AtroxMod/]: BOOSSECONDPHASE
[04Apr2025 10:55:52.844] [Server thread/INFO] [net.mcreator.atrox.AtroxMod/]: BOOSSECONDPHASE
[04Apr2025 10:55:52.844] [Server thread/INFO] [net.mcreator.atrox.AtroxMod/]: BOOSSECONDPHASE
[04Apr2025 10:55:52.844] [Server thread/INFO] [net.mcreator.atrox.AtroxMod/]: BOOSSECONDPHASE
[04Apr2025 10:55:52.844] [Server thread/INFO] [net.mcreator.atrox.AtroxMod/]: BOOSSECONDPHASE
[04Apr2025 10:55:52.844] [Server thread/INFO] [net.mcreator.atrox.AtroxMod/]: BOOSSECONDPHASE
[04Apr2025 10:55:52.844] [Server thread/INFO] [net.mcreator.atrox.AtroxMod/]: BOOSSECONDPHASE
[04Apr2025 10:55:52.844] [Server thread/INFO] [net.mcreator.atrox.AtroxMod/]: BOOSSECONDPHASE
[04Apr2025 10:55:52.844] [Server thread/INFO] [net.mcreator.atrox.AtroxMod/]: BOOSSECONDPHASE
[04Apr2025 10:55:52.845] [Server thread/INFO] [net.mcreator.atrox.AtroxMod/]: BOOSSECONDPHASE
[04Apr2025 10:55:52.845] [Server thread/INFO] [net.mcreator.atrox.AtroxMod/]: BOOSSECONDPHASE
[04Apr2025 10:55:52.845] [Server thread/INFO] [net.mcreator.atrox.AtroxMod/]: BOOSSECONDPHASE
[04Apr2025 10:55:52.845] [Server thread/INFO] [net.mcreator.atrox.AtroxMod/]: BOOSSECONDPHASE
[04Apr2025 10:55:52.845] [Server thread/INFO] [net.mcreator.atrox.AtroxMod/]: BOOSSECONDPHASE
[04Apr2025 10:55:52.845] [Server thread/INFO] [net.mcreator.atrox.AtroxMod/]: BOOSSECONDPHASE
[04Apr2025 10:55:52.845] [Server thread/INFO] [net.minecraft.server.MinecraftServer/]: [Dev: Killed 281 entities]
[04Apr2025 10:55:52.846] [Render thread/INFO] [net.mcreator.atrox.AtroxMod/]: BOOSSECONDPHASE
[04Apr2025 10:55:52.846] [Render thread/INFO] [net.mcreator.atrox.AtroxMod/]: BOOSSECONDPHASE
[04Apr2025 10:55:52.846] [Render thread/INFO] [net.mcreator.atrox.AtroxMod/]: BOOSSECONDPHASE
[04Apr2025 10:55:52.846] [Render thread/INFO] [net.mcreator.atrox.AtroxMod/]: BOOSSECONDPHASE
[04Apr2025 10:55:52.846] [Render thread/INFO] [net.mcreator.atrox.AtroxMod/]: BOOSSECONDPHASE
[04Apr2025 10:55:52.846] [Render thread/INFO] [net.mcreator.atrox.AtroxMod/]: BOOSSECONDPHASE
[04Apr2025 10:55:52.846] [Render thread/INFO] [net.mcreator.atrox.AtroxMod/]: BOOSSECONDPHASE
[04Apr2025 10:55:52.846] [Render thread/INFO] [net.mcreator.atrox.AtroxMod/]: BOOSSECONDPHASE
[04Apr2025 10:55:52.846] [Render thread/INFO] [net.mcreator.atrox.AtroxMod/]: BOOSSECONDPHASE
[04Apr2025 10:55:52.846] [Render thread/INFO] [net.mcreator.atrox.AtroxMod/]: BOOSSECONDPHASE
[04Apr2025 10:55:52.846] [Render thread/INFO] [net.mcreator.atrox.AtroxMod/]: BOOSSECONDPHASE
[04Apr2025 10:55:52.846] [Render thread/INFO] [net.mcreator.atrox.AtroxMod/]: BOOSSECONDPHASE
[04Apr2025 10:55:52.846] [Render thread/INFO] [net.mcreator.atrox.AtroxMod/]: BOOSSECONDPHASE
[04Apr2025 10:55:52.846] [Render thread/INFO] [net.mcreator.atrox.AtroxMod/]: BOOSSECONDPHASE
[04Apr2025 10:55:52.846] [Render thread/INFO] [net.mcreator.atrox.AtroxMod/]: BOOSSECONDPHASE
[04Apr2025 10:55:52.846] [Render thread/INFO] [net.mcreator.atrox.AtroxMod/]: BOOSSECONDPHASE
[04Apr2025 10:55:52.846] [Render thread/INFO] [net.minecraft.client.gui.components.ChatComponent/]: [System] [CHAT] Killed 281 entities
[04Apr2025 10:55:58.896] [Server thread/INFO] [net.mcreator.atrox.AtroxMod/]: BOOSSECONDPHASE
[04Apr2025 10:55:58.896] [Server thread/INFO] [net.mcreator.atrox.AtroxMod/]: BOOSSECONDPHASE
[04Apr2025 10:55:58.896] [Server thread/INFO] [net.mcreator.atrox.AtroxMod/]: BOOSSECONDPHASE
[04Apr2025 10:55:58.896] [Server thread/INFO] [net.mcreator.atrox.AtroxMod/]: BOOSSECONDPHASE
[04Apr2025 10:55:58.896] [Server thread/INFO] [net.mcreator.atrox.AtroxMod/]: BOOSSECONDPHASE
[04Apr2025 10:55:58.896] [Render thread/INFO] [net.mcreator.atrox.AtroxMod/]: BOOSSECONDPHASE
[04Apr2025 10:55:58.896] [Render thread/INFO] [net.mcreator.atrox.AtroxMod/]: BOOSSECONDPHASE
[04Apr2025 10:55:58.896] [Render thread/INFO] [net.mcreator.atrox.AtroxMod/]: BOOSSECONDPHASE
[04Apr2025 10:55:58.896] [Server thread/INFO] [net.mcreator.atrox.AtroxMod/]: BOOSSECONDPHASE
[04Apr2025 10:55:58.896] [Render thread/INFO] [net.mcreator.atrox.AtroxMod/]: BOOSSECONDPHASE
[04Apr2025 10:55:58.897] [Render thread/INFO] [net.mcreator.atrox.AtroxMod/]: BOOSSECONDPHASE
[04Apr2025 10:55:58.897] [Server thread/INFO] [net.mcreator.atrox.AtroxMod/]: BOOSSECONDPHASE
[04Apr2025 10:55:58.897] [Render thread/INFO] [net.mcreator.atrox.AtroxMod/]: BOOSSECONDPHASE
[04Apr2025 10:55:58.897] [Server thread/INFO] [net.mcreator.atrox.AtroxMod/]: BOOSSECONDPHASE
[04Apr2025 10:55:58.897] [Server thread/INFO] [net.mcreator.atrox.AtroxMod/]: BOOSSECONDPHASE
[04Apr2025 10:55:58.897] [Server thread/INFO] [net.mcreator.atrox.AtroxMod/]: BOOSSECONDPHASE
[04Apr2025 10:55:58.897] [Server thread/INFO] [net.mcreator.atrox.AtroxMod/]: BOOSSECONDPHASE
[04Apr2025 10:55:58.897] [Server thread/INFO] [net.mcreator.atrox.AtroxMod/]: BOOSSECONDPHASE
[04Apr2025 10:55:58.897] [Server thread/INFO] [net.mcreator.atrox.AtroxMod/]: BOOSSECONDPHASE
[04Apr2025 10:55:58.897] [Server thread/INFO] [net.mcreator.atrox.AtroxMod/]: BOOSSECONDPHASE
[04Apr2025 10:55:58.897] [Server thread/INFO] [net.mcreator.atrox.AtroxMod/]: BOOSSECONDPHASE
[04Apr2025 10:55:58.897] [Server thread/INFO] [net.mcreator.atrox.AtroxMod/]: BOOSSECONDPHASE
[04Apr2025 10:55:58.897] [Server thread/INFO] [net.mcreator.atrox.AtroxMod/]: BOOSSECONDPHASE
[04Apr2025 10:55:58.898] [Server thread/INFO] [net.mcreator.atrox.AtroxMod/]: BOOSSECONDPHASE
[04Apr2025 10:55:58.898] [Server thread/INFO] [net.mcreator.atrox.AtroxMod/]: BOOSSECONDPHASE
[04Apr2025 10:55:58.898] [Server thread/INFO] [net.mcreator.atrox.AtroxMod/]: BOOSSECONDPHASE
[04Apr2025 10:55:58.898] [Server thread/INFO] [net.mcreator.atrox.AtroxMod/]: BOOSSECONDPHASE
[04Apr2025 10:55:58.898] [Server thread/INFO] [net.mcreator.atrox.AtroxMod/]: BOOSSECONDPHASE
[04Apr2025 10:55:58.898] [Server thread/INFO] [net.mcreator.atrox.AtroxMod/]: BOOSSECONDPHASE
[04Apr2025 10:55:58.898] [Render thread/INFO] [net.mcreator.atrox.AtroxMod/]: BOOSSECONDPHASE
[04Apr2025 10:55:58.898] [Server thread/INFO] [net.mcreator.atrox.AtroxMod/]: BOOSSECONDPHASE
[04Apr2025 10:55:58.898] [Render thread/INFO] [net.mcreator.atrox.AtroxMod/]: BOOSSECONDPHASE
[04Apr2025 10:55:58.898] [Render thread/INFO] [net.mcreator.atrox.AtroxMod/]: BOOSSECONDPHASE
[04Apr2025 10:55:58.898] [Server thread/INFO] [net.mcreator.atrox.AtroxMod/]: BOOSSECONDPHASE
[04Apr2025 10:55:58.898] [Render thread/INFO] [net.mcreator.atrox.AtroxMod/]: BOOSSECONDPHASE
[04Apr2025 10:55:58.898] [Render thread/INFO] [net.mcreator.atrox.AtroxMod/]: BOOSSECONDPHASE
[04Apr2025 10:55:58.898] [Render thread/INFO] [net.mcreator.atrox.AtroxMod/]: BOOSSECONDPHASE
[04Apr2025 10:55:58.898] [Server thread/INFO] [net.mcreator.atrox.AtroxMod/]: BOOSSECONDPHASE
[04Apr2025 10:55:58.898] [Render thread/INFO] [net.mcreator.atrox.AtroxMod/]: BOOSSECONDPHASE
[04Apr2025 10:55:58.898] [Render thread/INFO] [net.mcreator.atrox.AtroxMod/]: BOOSSECONDPHASE
[04Apr2025 10:55:58.898] [Server thread/INFO] [net.mcreator.atrox.AtroxMod/]: BOOSSECONDPHASE
[04Apr2025 10:55:58.898] [Render thread/INFO] [net.mcreator.atrox.AtroxMod/]: BOOSSECONDPHASE
[04Apr2025 10:55:58.898] [Render thread/INFO] [net.mcreator.atrox.AtroxMod/]: BOOSSECONDPHASE
[04Apr2025 10:55:58.898] [Server thread/INFO] [net.mcreator.atrox.AtroxMod/]: BOOSSECONDPHASE
[04Apr2025 10:55:58.898] [Render thread/INFO] [net.mcreator.atrox.AtroxMod/]: BOOSSECONDPHASE
[04Apr2025 10:55:58.898] [Render thread/INFO] [net.mcreator.atrox.AtroxMod/]: BOOSSECONDPHASE
[04Apr2025 10:55:58.898] [Server thread/INFO] [net.mcreator.atrox.AtroxMod/]: BOOSSECONDPHASE
[04Apr2025 10:55:58.898] [Render thread/INFO] [net.mcreator.atrox.AtroxMod/]: BOOSSECONDPHASE
[04Apr2025 10:55:58.898] [Render thread/INFO] [net.mcreator.atrox.AtroxMod/]: BOOSSECONDPHASE
[04Apr2025 10:55:58.899] [Server thread/INFO] [net.mcreator.atrox.AtroxMod/]: BOOSSECONDPHASE
[04Apr2025 10:55:58.899] [Render thread/INFO] [net.mcreator.atrox.AtroxMod/]: BOOSSECONDPHASE
[04Apr2025 10:55:58.899] [Render thread/INFO] [net.mcreator.atrox.AtroxMod/]: BOOSSECONDPHASE
[04Apr2025 10:55:58.899] [Server thread/INFO] [net.mcreator.atrox.AtroxMod/]: BOOSSECONDPHASE
[04Apr2025 10:55:58.899] [Render thread/INFO] [net.mcreator.atrox.AtroxMod/]: BOOSSECONDPHASE
[04Apr2025 10:55:58.899] [Render thread/INFO] [net.mcreator.atrox.AtroxMod/]: BOOSSECONDPHASE
[04Apr2025 10:55:58.899] [Render thread/INFO] [net.mcreator.atrox.AtroxMod/]: BOOSSECONDPHASE
[04Apr2025 10:55:58.899] [Server thread/INFO] [net.mcreator.atrox.AtroxMod/]: BOOSSECONDPHASE
[04Apr2025 10:55:58.899] [Render thread/INFO] [net.mcreator.atrox.AtroxMod/]: BOOSSECONDPHASE
[04Apr2025 10:55:58.899] [Render thread/INFO] [net.mcreator.atrox.AtroxMod/]: BOOSSECONDPHASE
[04Apr2025 10:55:58.899] [Render thread/INFO] [net.mcreator.atrox.AtroxMod/]: BOOSSECONDPHASE
[04Apr2025 10:55:58.899] [Server thread/INFO] [net.mcreator.atrox.AtroxMod/]: BOOSSECONDPHASE
[04Apr2025 10:55:58.899] [Render thread/INFO] [net.mcreator.atrox.AtroxMod/]: BOOSSECONDPHASE
[04Apr2025 10:55:58.899] [Render thread/INFO] [net.mcreator.atrox.AtroxMod/]: BOOSSECONDPHASE
[04Apr2025 10:55:58.899] [Render thread/INFO] [net.mcreator.atrox.AtroxMod/]: BOOSSECONDPHASE
[04Apr2025 10:55:58.899] [Server thread/INFO] [net.mcreator.atrox.AtroxMod/]: BOOSSECONDPHASE
[04Apr2025 10:55:58.899] [Render thread/INFO] [net.mcreator.atrox.AtroxMod/]: BOOSSECONDPHASE
[04Apr2025 10:55:58.899] [Render thread/INFO] [net.mcreator.atrox.AtroxMod/]: BOOSSECONDPHASE
[04Apr2025 10:55:58.899] [Server thread/INFO] [net.mcreator.atrox.AtroxMod/]: BOOSSECONDPHASE
[04Apr2025 10:55:58.899] [Render thread/INFO] [net.mcreator.atrox.AtroxMod/]: BOOSSECONDPHASE
[04Apr2025 10:55:58.899] [Server thread/INFO] [net.mcreator.atrox.AtroxMod/]: BOOSSECONDPHASE
[04Apr2025 10:55:58.899] [Server thread/INFO] [net.mcreator.atrox.AtroxMod/]: BOOSSECONDPHASE
[04Apr2025 10:55:58.899] [Server thread/INFO] [net.mcreator.atrox.AtroxMod/]: BOOSSECONDPHASE
[04Apr2025 10:55:58.899] [Server thread/INFO] [net.mcreator.atrox.AtroxMod/]: BOOSSECONDPHASE
[04Apr2025 10:55:58.899] [Server thread/INFO] [net.mcreator.atrox.AtroxMod/]: BOOSSECONDPHASE
[04Apr2025 10:55:58.899] [Server thread/INFO] [net.mcreator.atrox.AtroxMod/]: BOOSSECONDPHASE
[04Apr2025 10:55:58.899] [Server thread/INFO] [net.mcreator.atrox.AtroxMod/]: BOOSSECONDPHASE
[04Apr2025 10:55:58.899] [Server thread/INFO] [net.mcreator.atrox.AtroxMod/]: BOOSSECONDPHASE
[04Apr2025 10:55:58.900] [Server thread/INFO] [net.mcreator.atrox.AtroxMod/]: BOOSSECONDPHASE
[04Apr2025 10:55:58.900] [Server thread/INFO] [net.mcreator.atrox.AtroxMod/]: BOOSSECONDPHASE
[04Apr2025 10:55:58.900] [Server thread/INFO] [net.mcreator.atrox.AtroxMod/]: BOOSSECONDPHASE
[04Apr2025 10:55:58.900] [Server thread/INFO] [net.mcreator.atrox.AtroxMod/]: BOOSSECONDPHASE
[04Apr2025 10:55:58.900] [Server thread/INFO] [net.mcreator.atrox.AtroxMod/]: BOOSSECONDPHASE
[04Apr2025 10:55:58.900] [Render thread/INFO] [net.mcreator.atrox.AtroxMod/]: BOOSSECONDPHASE
[04Apr2025 10:55:58.900] [Render thread/INFO] [net.mcreator.atrox.AtroxMod/]: BOOSSECONDPHASE
[04Apr2025 10:55:58.900] [Render thread/INFO] [net.mcreator.atrox.AtroxMod/]: BOOSSECONDPHASE
[04Apr2025 10:55:58.900] [Render thread/INFO] [net.mcreator.atrox.AtroxMod/]: BOOSSECONDPHASE
[04Apr2025 10:55:58.900] [Server thread/INFO] [net.mcreator.atrox.AtroxMod/]: BOOSSECONDPHASE
[04Apr2025 10:55:58.900] [Render thread/INFO] [net.mcreator.atrox.AtroxMod/]: BOOSSECONDPHASE
[04Apr2025 10:55:58.900] [Render thread/INFO] [net.mcreator.atrox.AtroxMod/]: BOOSSECONDPHASE
[04Apr2025 10:55:58.900] [Render thread/INFO] [net.mcreator.atrox.AtroxMod/]: BOOSSECONDPHASE
[04Apr2025 10:55:58.900] [Render thread/INFO] [net.mcreator.atrox.AtroxMod/]: BOOSSECONDPHASE
[04Apr2025 10:55:58.900] [Server thread/INFO] [net.minecraft.server.MinecraftServer/]: Dev was killed
[04Apr2025 10:55:58.900] [Render thread/INFO] [net.mcreator.atrox.AtroxMod/]: BOOSSECONDPHASE
[04Apr2025 10:55:58.900] [Render thread/INFO] [net.mcreator.atrox.AtroxMod/]: BOOSSECONDPHASE
[04Apr2025 10:55:58.900] [Render thread/INFO] [net.mcreator.atrox.AtroxMod/]: BOOSSECONDPHASE
[04Apr2025 10:55:58.900] [Render thread/INFO] [net.mcreator.atrox.AtroxMod/]: BOOSSECONDPHASE
[04Apr2025 10:55:58.900] [Render thread/INFO] [net.mcreator.atrox.AtroxMod/]: BOOSSECONDPHASE
[04Apr2025 10:55:58.900] [Render thread/INFO] [net.mcreator.atrox.AtroxMod/]: BOOSSECONDPHASE
[04Apr2025 10:55:58.900] [Server thread/INFO] [net.minecraft.server.MinecraftServer/]: [Dev: Killed 95 entities]
[04Apr2025 10:55:58.901] [Render thread/INFO] [net.minecraft.client.gui.components.ChatComponent/]: [System] [CHAT] Dev was killed
[04Apr2025 10:55:58.901] [Render thread/INFO] [net.minecraft.client.gui.components.ChatComponent/]: [System] [CHAT] Killed 95 entities
[04Apr2025 10:56:00.992] [Server thread/INFO] [net.mcreator.atrox.AtroxMod/]: BOOSSECONDPHASE
[04Apr2025 10:56:00.992] [Server thread/INFO] [net.mcreator.atrox.AtroxMod/]: BOOSSECONDPHASE
[04Apr2025 10:56:00.992] [Server thread/INFO] [net.mcreator.atrox.AtroxMod/]: BOOSSECONDPHASE
[04Apr2025 10:56:00.992] [Server thread/INFO] [net.mcreator.atrox.AtroxMod/]: BOOSSECONDPHASE
[04Apr2025 10:56:00.992] [Server thread/INFO] [net.mcreator.atrox.AtroxMod/]: BOOSSECONDPHASE
[04Apr2025 10:56:00.992] [Server thread/INFO] [net.mcreator.atrox.AtroxMod/]: BOOSSECONDPHASE
[04Apr2025 10:56:00.992] [Server thread/INFO] [net.mcreator.atrox.AtroxMod/]: BOOSSECONDPHASE
[04Apr2025 10:56:00.992] [Server thread/INFO] [net.mcreator.atrox.AtroxMod/]: BOOSSECONDPHASE
[04Apr2025 10:56:00.993] [Server thread/INFO] [net.mcreator.atrox.AtroxMod/]: BOOSSECONDPHASE
[04Apr2025 10:56:00.993] [Server thread/INFO] [net.mcreator.atrox.AtroxMod/]: BOOSSECONDPHASE
[04Apr2025 10:56:00.993] [Server thread/INFO] [net.mcreator.atrox.AtroxMod/]: BOOSSECONDPHASE
[04Apr2025 10:56:00.993] [Server thread/INFO] [net.mcreator.atrox.AtroxMod/]: BOOSSECONDPHASE
[04Apr2025 10:56:00.993] [Server thread/INFO] [net.mcreator.atrox.AtroxMod/]: BOOSSECONDPHASE
[04Apr2025 10:56:00.993] [Server thread/INFO] [net.mcreator.atrox.AtroxMod/]: BOOSSECONDPHASE
[04Apr2025 10:56:00.993] [Server thread/INFO] [net.mcreator.atrox.AtroxMod/]: BOOSSECONDPHASE
[04Apr2025 10:56:00.993] [Server thread/INFO] [net.mcreator.atrox.AtroxMod/]: BOOSSECONDPHASE
[04Apr2025 10:56:00.993] [Render thread/INFO] [net.mcreator.atrox.AtroxMod/]: BOOSSECONDPHASE
[04Apr2025 10:56:00.993] [Render thread/INFO] [net.mcreator.atrox.AtroxMod/]: BOOSSECONDPHASE
[04Apr2025 10:56:00.993] [Server thread/INFO] [net.mcreator.atrox.AtroxMod/]: BOOSSECONDPHASE
[04Apr2025 10:56:00.993] [Render thread/INFO] [net.mcreator.atrox.AtroxMod/]: BOOSSECONDPHASE
[04Apr2025 10:56:00.993] [Render thread/INFO] [net.mcreator.atrox.AtroxMod/]: BOOSSECONDPHASE
[04Apr2025 10:56:00.993] [Server thread/INFO] [net.mcreator.atrox.AtroxMod/]: BOOSSECONDPHASE
[04Apr2025 10:56:00.993] [Render thread/INFO] [net.mcreator.atrox.AtroxMod/]: BOOSSECONDPHASE
[04Apr2025 10:56:00.993] [Render thread/INFO] [net.mcreator.atrox.AtroxMod/]: BOOSSECONDPHASE
[04Apr2025 10:56:00.993] [Server thread/INFO] [net.mcreator.atrox.AtroxMod/]: BOOSSECONDPHASE
[04Apr2025 10:56:00.993] [Render thread/INFO] [net.mcreator.atrox.AtroxMod/]: BOOSSECONDPHASE
[04Apr2025 10:56:00.993] [Render thread/INFO] [net.mcreator.atrox.AtroxMod/]: BOOSSECONDPHASE
[04Apr2025 10:56:00.993] [Server thread/INFO] [net.mcreator.atrox.AtroxMod/]: BOOSSECONDPHASE
[04Apr2025 10:56:00.993] [Render thread/INFO] [net.mcreator.atrox.AtroxMod/]: BOOSSECONDPHASE
[04Apr2025 10:56:00.993] [Render thread/INFO] [net.mcreator.atrox.AtroxMod/]: BOOSSECONDPHASE
[04Apr2025 10:56:00.993] [Render thread/INFO] [net.mcreator.atrox.AtroxMod/]: BOOSSECONDPHASE
[04Apr2025 10:56:00.993] [Server thread/INFO] [net.mcreator.atrox.AtroxMod/]: BOOSSECONDPHASE
[04Apr2025 10:56:00.993] [Render thread/INFO] [net.mcreator.atrox.AtroxMod/]: BOOSSECONDPHASE
[04Apr2025 10:56:00.994] [Render thread/INFO] [net.mcreator.atrox.AtroxMod/]: BOOSSECONDPHASE
[04Apr2025 10:56:00.994] [Render thread/INFO] [net.mcreator.atrox.AtroxMod/]: BOOSSECONDPHASE
[04Apr2025 10:56:00.994] [Server thread/INFO] [net.mcreator.atrox.AtroxMod/]: BOOSSECONDPHASE
[04Apr2025 10:56:00.994] [Render thread/INFO] [net.mcreator.atrox.AtroxMod/]: BOOSSECONDPHASE
[04Apr2025 10:56:00.994] [Render thread/INFO] [net.mcreator.atrox.AtroxMod/]: BOOSSECONDPHASE
[04Apr2025 10:56:00.994] [Render thread/INFO] [net.mcreator.atrox.AtroxMod/]: BOOSSECONDPHASE
[04Apr2025 10:56:00.994] [Server thread/INFO] [net.mcreator.atrox.AtroxMod/]: BOOSSECONDPHASE
[04Apr2025 10:56:00.994] [Render thread/INFO] [net.mcreator.atrox.AtroxMod/]: BOOSSECONDPHASE
[04Apr2025 10:56:00.994] [Render thread/INFO] [net.mcreator.atrox.AtroxMod/]: BOOSSECONDPHASE
[04Apr2025 10:56:00.994] [Render thread/INFO] [net.mcreator.atrox.AtroxMod/]: BOOSSECONDPHASE
[04Apr2025 10:56:00.994] [Server thread/INFO] [net.mcreator.atrox.AtroxMod/]: BOOSSECONDPHASE
[04Apr2025 10:56:00.994] [Render thread/INFO] [net.mcreator.atrox.AtroxMod/]: BOOSSECONDPHASE
[04Apr2025 10:56:00.994] [Render thread/INFO] [net.mcreator.atrox.AtroxMod/]: BOOSSECONDPHASE
[04Apr2025 10:56:00.994] [Render thread/INFO] [net.mcreator.atrox.AtroxMod/]: BOOSSECONDPHASE
[04Apr2025 10:56:00.994] [Server thread/INFO] [net.mcreator.atrox.AtroxMod/]: BOOSSECONDPHASE
[04Apr2025 10:56:00.994] [Render thread/INFO] [net.mcreator.atrox.AtroxMod/]: BOOSSECONDPHASE
[04Apr2025 10:56:00.994] [Server thread/INFO] [net.mcreator.atrox.AtroxMod/]: BOOSSECONDPHASE
[04Apr2025 10:56:00.994] [Server thread/INFO] [net.mcreator.atrox.AtroxMod/]: BOOSSECONDPHASE
[04Apr2025 10:56:00.994] [Server thread/INFO] [net.mcreator.atrox.AtroxMod/]: BOOSSECONDPHASE
[04Apr2025 10:56:00.994] [Server thread/INFO] [net.mcreator.atrox.AtroxMod/]: BOOSSECONDPHASE
[04Apr2025 10:56:00.994] [Server thread/INFO] [net.mcreator.atrox.AtroxMod/]: BOOSSECONDPHASE
[04Apr2025 10:56:00.994] [Server thread/INFO] [net.mcreator.atrox.AtroxMod/]: BOOSSECONDPHASE
[04Apr2025 10:56:00.994] [Server thread/INFO] [net.mcreator.atrox.AtroxMod/]: BOOSSECONDPHASE
[04Apr2025 10:56:00.995] [Server thread/INFO] [net.mcreator.atrox.AtroxMod/]: BOOSSECONDPHASE
[04Apr2025 10:56:00.995] [Server thread/INFO] [net.mcreator.atrox.AtroxMod/]: BOOSSECONDPHASE
[04Apr2025 10:56:00.995] [Server thread/INFO] [net.mcreator.atrox.AtroxMod/]: BOOSSECONDPHASE
[04Apr2025 10:56:00.995] [Server thread/INFO] [net.mcreator.atrox.AtroxMod/]: BOOSSECONDPHASE
[04Apr2025 10:56:00.995] [Server thread/INFO] [net.mcreator.atrox.AtroxMod/]: BOOSSECONDPHASE
[04Apr2025 10:56:00.995] [Server thread/INFO] [net.mcreator.atrox.AtroxMod/]: BOOSSECONDPHASE
[04Apr2025 10:56:00.995] [Server thread/INFO] [net.mcreator.atrox.AtroxMod/]: BOOSSECONDPHASE
[04Apr2025 10:56:00.995] [Server thread/INFO] [net.mcreator.atrox.AtroxMod/]: BOOSSECONDPHASE
[04Apr2025 10:56:00.995] [Server thread/INFO] [net.mcreator.atrox.AtroxMod/]: BOOSSECONDPHASE
[04Apr2025 10:56:00.995] [Server thread/INFO] [net.mcreator.atrox.AtroxMod/]: BOOSSECONDPHASE
[04Apr2025 10:56:00.995] [Server thread/INFO] [net.mcreator.atrox.AtroxMod/]: BOOSSECONDPHASE
[04Apr2025 10:56:00.995] [Server thread/INFO] [net.mcreator.atrox.AtroxMod/]: BOOSSECONDPHASE
[04Apr2025 10:56:00.995] [Server thread/INFO] [net.mcreator.atrox.AtroxMod/]: BOOSSECONDPHASE
[04Apr2025 10:56:00.995] [Server thread/INFO] [net.mcreator.atrox.AtroxMod/]: BOOSSECONDPHASE
[04Apr2025 10:56:00.995] [Server thread/INFO] [net.mcreator.atrox.AtroxMod/]: BOOSSECONDPHASE
[04Apr2025 10:56:00.996] [Server thread/INFO] [net.mcreator.atrox.AtroxMod/]: BOOSSECONDPHASE
[04Apr2025 10:56:00.996] [Server thread/INFO] [net.mcreator.atrox.AtroxMod/]: BOOSSECONDPHASE
[04Apr2025 10:56:00.996] [Server thread/INFO] [net.mcreator.atrox.AtroxMod/]: BOOSSECONDPHASE
[04Apr2025 10:56:00.996] [Render thread/INFO] [net.mcreator.atrox.AtroxMod/]: BOOSSECONDPHASE
[04Apr2025 10:56:00.996] [Render thread/INFO] [net.mcreator.atrox.AtroxMod/]: BOOSSECONDPHASE
[04Apr2025 10:56:00.996] [Server thread/INFO] [net.mcreator.atrox.AtroxMod/]: BOOSSECONDPHASE
[04Apr2025 10:56:00.996] [Render thread/INFO] [net.mcreator.atrox.AtroxMod/]: BOOSSECONDPHASE
[04Apr2025 10:56:00.996] [Server thread/INFO] [net.mcreator.atrox.AtroxMod/]: BOOSSECONDPHASE
[04Apr2025 10:56:00.996] [Render thread/INFO] [net.mcreator.atrox.AtroxMod/]: BOOSSECONDPHASE
[04Apr2025 10:56:00.996] [Render thread/INFO] [net.mcreator.atrox.AtroxMod/]: BOOSSECONDPHASE
[04Apr2025 10:56:00.996] [Server thread/INFO] [net.mcreator.atrox.AtroxMod/]: BOOSSECONDPHASE
[04Apr2025 10:56:00.996] [Render thread/INFO] [net.mcreator.atrox.AtroxMod/]: BOOSSECONDPHASE
[04Apr2025 10:56:00.996] [Render thread/INFO] [net.mcreator.atrox.AtroxMod/]: BOOSSECONDPHASE
[04Apr2025 10:56:00.996] [Server thread/INFO] [net.mcreator.atrox.AtroxMod/]: BOOSSECONDPHASE
[04Apr2025 10:56:00.996] [Render thread/INFO] [net.mcreator.atrox.AtroxMod/]: BOOSSECONDPHASE
[04Apr2025 10:56:00.996] [Render thread/INFO] [net.mcreator.atrox.AtroxMod/]: BOOSSECONDPHASE
[04Apr2025 10:56:00.996] [Server thread/INFO] [net.mcreator.atrox.AtroxMod/]: BOOSSECONDPHASE
[04Apr2025 10:56:00.996] [Render thread/INFO] [net.mcreator.atrox.AtroxMod/]: BOOSSECONDPHASE
[04Apr2025 10:56:00.996] [Render thread/INFO] [net.mcreator.atrox.AtroxMod/]: BOOSSECONDPHASE
[04Apr2025 10:56:00.996] [Server thread/INFO] [net.mcreator.atrox.AtroxMod/]: BOOSSECONDPHASE
[04Apr2025 10:56:00.996] [Render thread/INFO] [net.mcreator.atrox.AtroxMod/]: BOOSSECONDPHASE
[04Apr2025 10:56:00.996] [Render thread/INFO] [net.mcreator.atrox.AtroxMod/]: BOOSSECONDPHASE
[04Apr2025 10:56:00.996] [Render thread/INFO] [net.mcreator.atrox.AtroxMod/]: BOOSSECONDPHASE
[04Apr2025 10:56:00.996] [Server thread/INFO] [net.mcreator.atrox.AtroxMod/]: BOOSSECONDPHASE
[04Apr2025 10:56:00.996] [Render thread/INFO] [net.mcreator.atrox.AtroxMod/]: BOOSSECONDPHASE
[04Apr2025 10:56:00.996] [Render thread/INFO] [net.mcreator.atrox.AtroxMod/]: BOOSSECONDPHASE
[04Apr2025 10:56:00.996] [Render thread/INFO] [net.mcreator.atrox.AtroxMod/]: BOOSSECONDPHASE
[04Apr2025 10:56:00.996] [Render thread/INFO] [net.mcreator.atrox.AtroxMod/]: BOOSSECONDPHASE
[04Apr2025 10:56:00.996] [Server thread/INFO] [net.minecraft.server.MinecraftServer/]: Dev was killed
[04Apr2025 10:56:00.996] [Render thread/INFO] [net.mcreator.atrox.AtroxMod/]: BOOSSECONDPHASE
[04Apr2025 10:56:00.997] [Render thread/INFO] [net.mcreator.atrox.AtroxMod/]: BOOSSECONDPHASE
[04Apr2025 10:56:00.997] [Render thread/INFO] [net.mcreator.atrox.AtroxMod/]: BOOSSECONDPHASE
[04Apr2025 10:56:00.997] [Render thread/INFO] [net.mcreator.atrox.AtroxMod/]: BOOSSECONDPHASE
[04Apr2025 10:56:00.997] [Render thread/INFO] [net.mcreator.atrox.AtroxMod/]: BOOSSECONDPHASE
[04Apr2025 10:56:00.997] [Server thread/INFO] [net.minecraft.server.MinecraftServer/]: [Dev: Killed 77 entities]
[04Apr2025 10:56:00.997] [Render thread/INFO] [net.mcreator.atrox.AtroxMod/]: BOOSSECONDPHASE
[04Apr2025 10:56:00.997] [Render thread/INFO] [net.mcreator.atrox.AtroxMod/]: BOOSSECONDPHASE
[04Apr2025 10:56:00.997] [Render thread/INFO] [net.mcreator.atrox.AtroxMod/]: BOOSSECONDPHASE
[04Apr2025 10:56:00.997] [Render thread/INFO] [net.mcreator.atrox.AtroxMod/]: BOOSSECONDPHASE
[04Apr2025 10:56:00.997] [Render thread/INFO] [net.mcreator.atrox.AtroxMod/]: BOOSSECONDPHASE
[04Apr2025 10:56:00.997] [Render thread/INFO] [net.mcreator.atrox.AtroxMod/]: BOOSSECONDPHASE
[04Apr2025 10:56:00.997] [Render thread/INFO] [net.mcreator.atrox.AtroxMod/]: BOOSSECONDPHASE
[04Apr2025 10:56:00.997] [Render thread/INFO] [net.mcreator.atrox.AtroxMod/]: BOOSSECONDPHASE
[04Apr2025 10:56:00.997] [Render thread/INFO] [net.mcreator.atrox.AtroxMod/]: BOOSSECONDPHASE
[04Apr2025 10:56:00.997] [Render thread/INFO] [net.minecraft.client.gui.components.ChatComponent/]: [System] [CHAT] Dev was killed
[04Apr2025 10:56:00.997] [Render thread/INFO] [net.minecraft.client.gui.components.ChatComponent/]: [System] [CHAT] Killed 77 entities
[04Apr2025 10:56:02.896] [Server thread/INFO] [net.mcreator.atrox.AtroxMod/]: BOOSSECONDPHASE
[04Apr2025 10:56:02.896] [Server thread/INFO] [net.minecraft.server.MinecraftServer/]: Dev was killed
[04Apr2025 10:56:02.896] [Server thread/INFO] [net.minecraft.server.MinecraftServer/]: [Dev: Killed 36 entities]
[04Apr2025 10:56:02.897] [Render thread/INFO] [net.minecraft.client.gui.components.ChatComponent/]: [System] [CHAT] Dev was killed
[04Apr2025 10:56:02.898] [Render thread/INFO] [net.minecraft.client.gui.components.ChatComponent/]: [System] [CHAT] Killed 36 entities
[04Apr2025 10:56:04.960] [Server thread/INFO] [net.mcreator.atrox.AtroxMod/]: BOOSSECONDPHASE
[04Apr2025 10:56:04.960] [Server thread/INFO] [net.minecraft.server.MinecraftServer/]: Dev was killed
[04Apr2025 10:56:04.960] [Server thread/INFO] [net.minecraft.server.MinecraftServer/]: [Dev: Killed Dev]
[04Apr2025 10:56:04.962] [Render thread/INFO] [net.minecraft.client.gui.components.ChatComponent/]: [System] [CHAT] Dev was killed
[04Apr2025 10:56:04.962] [Render thread/INFO] [net.minecraft.client.gui.components.ChatComponent/]: [System] [CHAT] Killed Dev
[04Apr2025 10:57:16.961] [Render thread/INFO] [net.minecraft.advancements.AdvancementList/]: Loaded 16 advancements
[04Apr2025 10:57:46.812] [Render thread/INFO] [net.minecraft.advancements.AdvancementList/]: Loaded 17 advancements
[04Apr2025 10:58:15.457] [Render thread/WARN] [net.minecraft.client.Minecraft/]: Picking on: [BLOCK] atrox:spookydimension_portal gave null item
[04Apr2025 10:58:15.807] [Render thread/WARN] [net.minecraft.client.Minecraft/]: Picking on: [BLOCK] atrox:spookydimension_portal gave null item
[04Apr2025 10:58:16.007] [Render thread/WARN] [net.minecraft.client.Minecraft/]: Picking on: [BLOCK] atrox:spookydimension_portal gave null item
[04Apr2025 10:58:16.157] [Render thread/WARN] [net.minecraft.client.Minecraft/]: Picking on: [BLOCK] atrox:spookydimension_portal gave null item
[04Apr2025 10:58:55.650] [Server thread/INFO] [net.minecraft.server.MinecraftServer/]: Dev has made the advancement [We Need to Go Deeper]
[04Apr2025 10:58:55.651] [Render thread/INFO] [net.minecraft.client.gui.components.ChatComponent/]: [System] [CHAT] Dev has made the advancement [We Need to Go Deeper]
[04Apr2025 10:58:55.702] [Render thread/INFO] [net.minecraft.advancements.AdvancementList/]: Loaded 36 advancements
[04Apr2025 10:58:55.710] [Render thread/INFO] [net.minecraft.advancements.AdvancementList/]: Loaded 36 advancements
[04Apr2025 10:59:03.601] [Render thread/WARN] [net.minecraft.client.multiplayer.ClientPacketListener/]: Received passengers for unknown entity
[04Apr2025 10:59:07.324] [Render thread/WARN] [net.minecraft.client.multiplayer.ClientPacketListener/]: Received passengers for unknown entity
[04Apr2025 10:59:17.520] [Server thread/WARN] [net.minecraft.world.level.chunk.ChunkAccess/]: Trying to mark a block for PostProcessing @ MutableBlockPos{x=19, y=59, z=-56}, but this operation is not supported.
[04Apr2025 10:59:17.520] [Server thread/WARN] [net.minecraft.world.level.chunk.ChunkAccess/]: Trying to mark a block for PostProcessing @ MutableBlockPos{x=19, y=60, z=-56}, but this operation is not supported.
[04Apr2025 10:59:17.520] [Server thread/WARN] [net.minecraft.world.level.chunk.ChunkAccess/]: Trying to mark a block for PostProcessing @ MutableBlockPos{x=19, y=57, z=-59}, but this operation is not supported.
[04Apr2025 10:59:17.520] [Server thread/WARN] [net.minecraft.world.level.chunk.ChunkAccess/]: Trying to mark a block for PostProcessing @ MutableBlockPos{x=19, y=58, z=-59}, but this operation is not supported.
[04Apr2025 10:59:17.520] [Server thread/WARN] [net.minecraft.world.level.chunk.ChunkAccess/]: Trying to mark a block for PostProcessing @ MutableBlockPos{x=19, y=59, z=-59}, but this operation is not supported.
[04Apr2025 10:59:17.520] [Server thread/WARN] [net.minecraft.world.level.chunk.ChunkAccess/]: Trying to mark a block for PostProcessing @ MutableBlockPos{x=19, y=60, z=-59}, but this operation is not supported.
[04Apr2025 10:59:17.520] [Server thread/WARN] [net.minecraft.world.level.chunk.ChunkAccess/]: Trying to mark a block for PostProcessing @ MutableBlockPos{x=23, y=59, z=-56}, but this operation is not supported.
[04Apr2025 10:59:17.520] [Server thread/WARN] [net.minecraft.world.level.chunk.ChunkAccess/]: Trying to mark a block for PostProcessing @ MutableBlockPos{x=23, y=60, z=-56}, but this operation is not supported.
[04Apr2025 10:59:17.520] [Server thread/WARN] [net.minecraft.world.level.chunk.ChunkAccess/]: Trying to mark a block for PostProcessing @ MutableBlockPos{x=23, y=57, z=-59}, but this operation is not supported.
[04Apr2025 10:59:17.520] [Server thread/WARN] [net.minecraft.world.level.chunk.ChunkAccess/]: Trying to mark a block for PostProcessing @ MutableBlockPos{x=23, y=58, z=-59}, but this operation is not supported.
[04Apr2025 10:59:17.520] [Server thread/WARN] [net.minecraft.world.level.chunk.ChunkAccess/]: Trying to mark a block for PostProcessing @ MutableBlockPos{x=23, y=59, z=-59}, but this operation is not supported.
[04Apr2025 10:59:17.520] [Server thread/WARN] [net.minecraft.world.level.chunk.ChunkAccess/]: Trying to mark a block for PostProcessing @ MutableBlockPos{x=23, y=60, z=-59}, but this operation is not supported.
[04Apr2025 10:59:17.521] [Server thread/WARN] [net.minecraft.world.level.chunk.ChunkAccess/]: Trying to mark a block for PostProcessing @ MutableBlockPos{x=19, y=59, z=-37}, but this operation is not supported.
[04Apr2025 10:59:17.521] [Server thread/WARN] [net.minecraft.world.level.chunk.ChunkAccess/]: Trying to mark a block for PostProcessing @ MutableBlockPos{x=19, y=60, z=-37}, but this operation is not supported.
[04Apr2025 10:59:17.521] [Server thread/WARN] [net.minecraft.world.level.chunk.ChunkAccess/]: Trying to mark a block for PostProcessing @ MutableBlockPos{x=19, y=57, z=-40}, but this operation is not supported.
[04Apr2025 10:59:17.521] [Server thread/WARN] [net.minecraft.world.level.chunk.ChunkAccess/]: Trying to mark a block for PostProcessing @ MutableBlockPos{x=19, y=58, z=-40}, but this operation is not supported.
[04Apr2025 10:59:17.521] [Server thread/WARN] [net.minecraft.world.level.chunk.ChunkAccess/]: Trying to mark a block for PostProcessing @ MutableBlockPos{x=19, y=59, z=-40}, but this operation is not supported.
[04Apr2025 10:59:17.521] [Server thread/WARN] [net.minecraft.world.level.chunk.ChunkAccess/]: Trying to mark a block for PostProcessing @ MutableBlockPos{x=19, y=60, z=-40}, but this operation is not supported.
[04Apr2025 10:59:17.521] [Server thread/WARN] [net.minecraft.world.level.chunk.ChunkAccess/]: Trying to mark a block for PostProcessing @ MutableBlockPos{x=23, y=59, z=-37}, but this operation is not supported.
[04Apr2025 10:59:17.521] [Server thread/WARN] [net.minecraft.world.level.chunk.ChunkAccess/]: Trying to mark a block for PostProcessing @ MutableBlockPos{x=23, y=60, z=-37}, but this operation is not supported.
[04Apr2025 10:59:17.521] [Server thread/WARN] [net.minecraft.world.level.chunk.ChunkAccess/]: Trying to mark a block for PostProcessing @ MutableBlockPos{x=23, y=57, z=-40}, but this operation is not supported.
[04Apr2025 10:59:17.521] [Server thread/WARN] [net.minecraft.world.level.chunk.ChunkAccess/]: Trying to mark a block for PostProcessing @ MutableBlockPos{x=23, y=58, z=-40}, but this operation is not supported.
[04Apr2025 10:59:17.521] [Server thread/WARN] [net.minecraft.world.level.chunk.ChunkAccess/]: Trying to mark a block for PostProcessing @ MutableBlockPos{x=23, y=59, z=-40}, but this operation is not supported.
[04Apr2025 10:59:17.521] [Server thread/WARN] [net.minecraft.world.level.chunk.ChunkAccess/]: Trying to mark a block for PostProcessing @ MutableBlockPos{x=23, y=60, z=-40}, but this operation is not supported.
[04Apr2025 10:59:17.522] [Server thread/WARN] [net.minecraft.world.level.chunk.ChunkAccess/]: Trying to mark a block for PostProcessing @ MutableBlockPos{x=19, y=57, z=-43}, but this operation is not supported.
[04Apr2025 10:59:17.522] [Server thread/WARN] [net.minecraft.world.level.chunk.ChunkAccess/]: Trying to mark a block for PostProcessing @ MutableBlockPos{x=19, y=58, z=-43}, but this operation is not supported.
[04Apr2025 10:59:17.522] [Server thread/WARN] [net.minecraft.world.level.chunk.ChunkAccess/]: Trying to mark a block for PostProcessing @ MutableBlockPos{x=19, y=59, z=-43}, but this operation is not supported.
[04Apr2025 10:59:17.522] [Server thread/WARN] [net.minecraft.world.level.chunk.ChunkAccess/]: Trying to mark a block for PostProcessing @ MutableBlockPos{x=19, y=60, z=-43}, but this operation is not supported.
[04Apr2025 10:59:17.522] [Server thread/WARN] [net.minecraft.world.level.chunk.ChunkAccess/]: Trying to mark a block for PostProcessing @ MutableBlockPos{x=19, y=59, z=-46}, but this operation is not supported.
[04Apr2025 10:59:17.522] [Server thread/WARN] [net.minecraft.world.level.chunk.ChunkAccess/]: Trying to mark a block for PostProcessing @ MutableBlockPos{x=19, y=60, z=-46}, but this operation is not supported.
[04Apr2025 10:59:17.522] [Server thread/WARN] [net.minecraft.world.level.chunk.ChunkAccess/]: Trying to mark a block for PostProcessing @ MutableBlockPos{x=23, y=57, z=-43}, but this operation is not supported.
[04Apr2025 10:59:17.522] [Server thread/WARN] [net.minecraft.world.level.chunk.ChunkAccess/]: Trying to mark a block for PostProcessing @ MutableBlockPos{x=23, y=58, z=-43}, but this operation is not supported.
[04Apr2025 10:59:17.522] [Server thread/WARN] [net.minecraft.world.level.chunk.ChunkAccess/]: Trying to mark a block for PostProcessing @ MutableBlockPos{x=23, y=59, z=-43}, but this operation is not supported.
[04Apr2025 10:59:17.522] [Server thread/WARN] [net.minecraft.world.level.chunk.ChunkAccess/]: Trying to mark a block for PostProcessing @ MutableBlockPos{x=23, y=60, z=-43}, but this operation is not supported.
[04Apr2025 10:59:17.522] [Server thread/WARN] [net.minecraft.world.level.chunk.ChunkAccess/]: Trying to mark a block for PostProcessing @ MutableBlockPos{x=23, y=59, z=-46}, but this operation is not supported.
[04Apr2025 10:59:17.522] [Server thread/WARN] [net.minecraft.world.level.chunk.ChunkAccess/]: Trying to mark a block for PostProcessing @ MutableBlockPos{x=23, y=60, z=-46}, but this operation is not supported.
[04Apr2025 10:59:17.524] [Server thread/WARN] [net.minecraft.world.level.chunk.ChunkAccess/]: Trying to mark a block for PostProcessing @ MutableBlockPos{x=-8, y=56, z=-18}, but this operation is not supported.
[04Apr2025 10:59:17.524] [Server thread/WARN] [net.minecraft.world.level.chunk.ChunkAccess/]: Trying to mark a block for PostProcessing @ MutableBlockPos{x=-8, y=56, z=-19}, but this operation is not supported.
[04Apr2025 10:59:17.524] [Server thread/WARN] [net.minecraft.world.level.chunk.ChunkAccess/]: Trying to mark a block for PostProcessing @ MutableBlockPos{x=-8, y=56, z=-20}, but this operation is not supported.
[04Apr2025 10:59:17.524] [Server thread/WARN] [net.minecraft.world.level.chunk.ChunkAccess/]: Trying to mark a block for PostProcessing @ MutableBlockPos{x=-8, y=57, z=-18}, but this operation is not supported.
[04Apr2025 10:59:17.524] [Server thread/WARN] [net.minecraft.world.level.chunk.ChunkAccess/]: Trying to mark a block for PostProcessing @ MutableBlockPos{x=-8, y=57, z=-19}, but this operation is not supported.
[04Apr2025 10:59:17.524] [Server thread/WARN] [net.minecraft.world.level.chunk.ChunkAccess/]: Trying to mark a block for PostProcessing @ MutableBlockPos{x=-8, y=57, z=-20}, but this operation is not supported.
[04Apr2025 10:59:17.524] [Server thread/WARN] [net.minecraft.world.level.chunk.ChunkAccess/]: Trying to mark a block for PostProcessing @ MutableBlockPos{x=-8, y=58, z=-18}, but this operation is not supported.
[04Apr2025 10:59:17.524] [Server thread/WARN] [net.minecraft.world.level.chunk.ChunkAccess/]: Trying to mark a block for PostProcessing @ MutableBlockPos{x=-8, y=58, z=-19}, but this operation is not supported.
[04Apr2025 10:59:17.524] [Server thread/WARN] [net.minecraft.world.level.chunk.ChunkAccess/]: Trying to mark a block for PostProcessing @ MutableBlockPos{x=-8, y=58, z=-20}, but this operation is not supported.
[04Apr2025 10:59:17.524] [Server thread/WARN] [net.minecraft.world.level.chunk.ChunkAccess/]: Trying to mark a block for PostProcessing @ MutableBlockPos{x=-2, y=56, z=-18}, but this operation is not supported.
[04Apr2025 10:59:17.524] [Server thread/WARN] [net.minecraft.world.level.chunk.ChunkAccess/]: Trying to mark a block for PostProcessing @ MutableBlockPos{x=-2, y=57, z=-18}, but this operation is not supported.
[04Apr2025 10:59:17.524] [Server thread/WARN] [net.minecraft.world.level.chunk.ChunkAccess/]: Trying to mark a block for PostProcessing @ MutableBlockPos{x=-2, y=58, z=-18}, but this operation is not supported.
[04Apr2025 10:59:17.524] [Server thread/WARN] [net.minecraft.world.level.chunk.ChunkAccess/]: Trying to mark a block for PostProcessing @ MutableBlockPos{x=-2, y=56, z=-20}, but this operation is not supported.
[04Apr2025 10:59:17.524] [Server thread/WARN] [net.minecraft.world.level.chunk.ChunkAccess/]: Trying to mark a block for PostProcessing @ MutableBlockPos{x=-2, y=57, z=-20}, but this operation is not supported.
[04Apr2025 10:59:17.524] [Server thread/WARN] [net.minecraft.world.level.chunk.ChunkAccess/]: Trying to mark a block for PostProcessing @ MutableBlockPos{x=-2, y=58, z=-20}, but this operation is not supported.
[04Apr2025 10:59:17.525] [Server thread/WARN] [net.minecraft.world.level.chunk.ChunkAccess/]: Trying to mark a block for PostProcessing @ MutableBlockPos{x=0, y=57, z=-21}, but this operation is not supported.
[04Apr2025 10:59:17.525] [Server thread/WARN] [net.minecraft.world.level.chunk.ChunkAccess/]: Trying to mark a block for PostProcessing @ MutableBlockPos{x=0, y=58, z=-21}, but this operation is not supported.
[04Apr2025 10:59:17.525] [Server thread/WARN] [net.minecraft.world.level.chunk.ChunkAccess/]: Trying to mark a block for PostProcessing @ MutableBlockPos{x=0, y=59, z=-21}, but this operation is not supported.
[04Apr2025 10:59:17.525] [Server thread/WARN] [net.minecraft.world.level.chunk.ChunkAccess/]: Trying to mark a block for PostProcessing @ MutableBlockPos{x=0, y=60, z=-21}, but this operation is not supported.
[04Apr2025 10:59:17.525] [Server thread/WARN] [net.minecraft.world.level.chunk.ChunkAccess/]: Trying to mark a block for PostProcessing @ MutableBlockPos{x=3, y=59, z=-21}, but this operation is not supported.
[04Apr2025 10:59:17.525] [Server thread/WARN] [net.minecraft.world.level.chunk.ChunkAccess/]: Trying to mark a block for PostProcessing @ MutableBlockPos{x=3, y=60, z=-21}, but this operation is not supported.
[04Apr2025 10:59:17.525] [Server thread/WARN] [net.minecraft.world.level.chunk.ChunkAccess/]: Trying to mark a block for PostProcessing @ MutableBlockPos{x=13, y=59, z=-21}, but this operation is not supported.
[04Apr2025 10:59:17.525] [Server thread/WARN] [net.minecraft.world.level.chunk.ChunkAccess/]: Trying to mark a block for PostProcessing @ MutableBlockPos{x=13, y=60, z=-21}, but this operation is not supported.
[04Apr2025 10:59:17.525] [Server thread/WARN] [net.minecraft.world.level.chunk.ChunkAccess/]: Trying to mark a block for PostProcessing @ MutableBlockPos{x=0, y=57, z=-17}, but this operation is not supported.
[04Apr2025 10:59:17.525] [Server thread/WARN] [net.minecraft.world.level.chunk.ChunkAccess/]: Trying to mark a block for PostProcessing @ MutableBlockPos{x=0, y=58, z=-17}, but this operation is not supported.
[04Apr2025 10:59:17.525] [Server thread/WARN] [net.minecraft.world.level.chunk.ChunkAccess/]: Trying to mark a block for PostProcessing @ MutableBlockPos{x=0, y=59, z=-17}, but this operation is not supported.
[04Apr2025 10:59:17.525] [Server thread/WARN] [net.minecraft.world.level.chunk.ChunkAccess/]: Trying to mark a block for PostProcessing @ MutableBlockPos{x=0, y=60, z=-17}, but this operation is not supported.
[04Apr2025 10:59:17.525] [Server thread/WARN] [net.minecraft.world.level.chunk.ChunkAccess/]: Trying to mark a block for PostProcessing @ MutableBlockPos{x=3, y=59, z=-17}, but this operation is not supported.
[04Apr2025 10:59:17.525] [Server thread/WARN] [net.minecraft.world.level.chunk.ChunkAccess/]: Trying to mark a block for PostProcessing @ MutableBlockPos{x=3, y=60, z=-17}, but this operation is not supported.
[04Apr2025 10:59:17.526] [Server thread/WARN] [net.minecraft.world.level.chunk.ChunkAccess/]: Trying to mark a block for PostProcessing @ MutableBlockPos{x=13, y=59, z=-17}, but this operation is not supported.
[04Apr2025 10:59:17.526] [Server thread/WARN] [net.minecraft.world.level.chunk.ChunkAccess/]: Trying to mark a block for PostProcessing @ MutableBlockPos{x=13, y=60, z=-17}, but this operation is not supported.
[04Apr2025 10:59:17.526] [Server thread/WARN] [net.minecraft.world.level.chunk.ChunkAccess/]: Trying to mark a block for PostProcessing @ MutableBlockPos{x=16, y=57, z=-21}, but this operation is not supported.
[04Apr2025 10:59:17.526] [Server thread/WARN] [net.minecraft.world.level.chunk.ChunkAccess/]: Trying to mark a block for PostProcessing @ MutableBlockPos{x=16, y=58, z=-21}, but this operation is not supported.
[04Apr2025 10:59:17.526] [Server thread/WARN] [net.minecraft.world.level.chunk.ChunkAccess/]: Trying to mark a block for PostProcessing @ MutableBlockPos{x=16, y=59, z=-21}, but this operation is not supported.
[04Apr2025 10:59:17.526] [Server thread/WARN] [net.minecraft.world.level.chunk.ChunkAccess/]: Trying to mark a block for PostProcessing @ MutableBlockPos{x=16, y=60, z=-21}, but this operation is not supported.
[04Apr2025 10:59:17.526] [Server thread/WARN] [net.minecraft.world.level.chunk.ChunkAccess/]: Trying to mark a block for PostProcessing @ MutableBlockPos{x=16, y=57, z=-17}, but this operation is not supported.
[04Apr2025 10:59:17.526] [Server thread/WARN] [net.minecraft.world.level.chunk.ChunkAccess/]: Trying to mark a block for PostProcessing @ MutableBlockPos{x=16, y=58, z=-17}, but this operation is not supported.
[04Apr2025 10:59:17.526] [Server thread/WARN] [net.minecraft.world.level.chunk.ChunkAccess/]: Trying to mark a block for PostProcessing @ MutableBlockPos{x=16, y=59, z=-17}, but this operation is not supported.
[04Apr2025 10:59:17.526] [Server thread/WARN] [net.minecraft.world.level.chunk.ChunkAccess/]: Trying to mark a block for PostProcessing @ MutableBlockPos{x=16, y=60, z=-17}, but this operation is not supported.
[04Apr2025 10:59:17.527] [Server thread/WARN] [net.minecraft.world.level.chunk.ChunkAccess/]: Trying to mark a block for PostProcessing @ MutableBlockPos{x=18, y=64, z=-20}, but this operation is not supported.
[04Apr2025 10:59:17.527] [Server thread/WARN] [net.minecraft.world.level.chunk.ChunkAccess/]: Trying to mark a block for PostProcessing @ MutableBlockPos{x=18, y=64, z=-19}, but this operation is not supported.
[04Apr2025 10:59:17.527] [Server thread/WARN] [net.minecraft.world.level.chunk.ChunkAccess/]: Trying to mark a block for PostProcessing @ MutableBlockPos{x=18, y=64, z=-18}, but this operation is not supported.
[04Apr2025 10:59:17.527] [Server thread/WARN] [net.minecraft.world.level.chunk.ChunkAccess/]: Trying to mark a block for PostProcessing @ MutableBlockPos{x=24, y=64, z=-20}, but this operation is not supported.
[04Apr2025 10:59:17.527] [Server thread/WARN] [net.minecraft.world.level.chunk.ChunkAccess/]: Trying to mark a block for PostProcessing @ MutableBlockPos{x=24, y=64, z=-19}, but this operation is not supported.
[04Apr2025 10:59:17.527] [Server thread/WARN] [net.minecraft.world.level.chunk.ChunkAccess/]: Trying to mark a block for PostProcessing @ MutableBlockPos{x=24, y=64, z=-18}, but this operation is not supported.
[04Apr2025 10:59:17.527] [Server thread/WARN] [net.minecraft.world.level.chunk.ChunkAccess/]: Trying to mark a block for PostProcessing @ MutableBlockPos{x=20, y=64, z=-22}, but this operation is not supported.
[04Apr2025 10:59:17.527] [Server thread/WARN] [net.minecraft.world.level.chunk.ChunkAccess/]: Trying to mark a block for PostProcessing @ MutableBlockPos{x=21, y=64, z=-22}, but this operation is not supported.
[04Apr2025 10:59:17.527] [Server thread/WARN] [net.minecraft.world.level.chunk.ChunkAccess/]: Trying to mark a block for PostProcessing @ MutableBlockPos{x=22, y=64, z=-22}, but this operation is not supported.
[04Apr2025 10:59:17.528] [Server thread/WARN] [net.minecraft.world.level.chunk.ChunkAccess/]: Trying to mark a block for PostProcessing @ MutableBlockPos{x=26, y=57, z=-21}, but this operation is not supported.
[04Apr2025 10:59:17.528] [Server thread/WARN] [net.minecraft.world.level.chunk.ChunkAccess/]: Trying to mark a block for PostProcessing @ MutableBlockPos{x=26, y=58, z=-21}, but this operation is not supported.
[04Apr2025 10:59:17.528] [Server thread/WARN] [net.minecraft.world.level.chunk.ChunkAccess/]: Trying to mark a block for PostProcessing @ MutableBlockPos{x=26, y=59, z=-21}, but this operation is not supported.
[04Apr2025 10:59:17.528] [Server thread/WARN] [net.minecraft.world.level.chunk.ChunkAccess/]: Trying to mark a block for PostProcessing @ MutableBlockPos{x=26, y=60, z=-21}, but this operation is not supported.
[04Apr2025 10:59:17.528] [Server thread/WARN] [net.minecraft.world.level.chunk.ChunkAccess/]: Trying to mark a block for PostProcessing @ MutableBlockPos{x=29, y=59, z=-21}, but this operation is not supported.
[04Apr2025 10:59:17.528] [Server thread/WARN] [net.minecraft.world.level.chunk.ChunkAccess/]: Trying to mark a block for PostProcessing @ MutableBlockPos{x=29, y=60, z=-21}, but this operation is not supported.
[04Apr2025 10:59:17.528] [Server thread/WARN] [net.minecraft.world.level.chunk.ChunkAccess/]: Trying to mark a block for PostProcessing @ MutableBlockPos{x=26, y=57, z=-17}, but this operation is not supported.
[04Apr2025 10:59:17.528] [Server thread/WARN] [net.minecraft.world.level.chunk.ChunkAccess/]: Trying to mark a block for PostProcessing @ MutableBlockPos{x=26, y=58, z=-17}, but this operation is not supported.
[04Apr2025 10:59:17.528] [Server thread/WARN] [net.minecraft.world.level.chunk.ChunkAccess/]: Trying to mark a block for PostProcessing @ MutableBlockPos{x=26, y=59, z=-17}, but this operation is not supported.
[04Apr2025 10:59:17.528] [Server thread/WARN] [net.minecraft.world.level.chunk.ChunkAccess/]: Trying to mark a block for PostProcessing @ MutableBlockPos{x=26, y=60, z=-17}, but this operation is not supported.
[04Apr2025 10:59:17.528] [Server thread/WARN] [net.minecraft.world.level.chunk.ChunkAccess/]: Trying to mark a block for PostProcessing @ MutableBlockPos{x=29, y=59, z=-17}, but this operation is not supported.
[04Apr2025 10:59:17.528] [Server thread/WARN] [net.minecraft.world.level.chunk.ChunkAccess/]: Trying to mark a block for PostProcessing @ MutableBlockPos{x=29, y=60, z=-17}, but this operation is not supported.
[04Apr2025 10:59:17.529] [Server thread/WARN] [net.minecraft.world.level.chunk.ChunkAccess/]: Trying to mark a block for PostProcessing @ MutableBlockPos{x=19, y=57, z=-24}, but this operation is not supported.
[04Apr2025 10:59:17.529] [Server thread/WARN] [net.minecraft.world.level.chunk.ChunkAccess/]: Trying to mark a block for PostProcessing @ MutableBlockPos{x=19, y=58, z=-24}, but this operation is not supported.
[04Apr2025 10:59:17.529] [Server thread/WARN] [net.minecraft.world.level.chunk.ChunkAccess/]: Trying to mark a block for PostProcessing @ MutableBlockPos{x=19, y=59, z=-24}, but this operation is not supported.
[04Apr2025 10:59:17.529] [Server thread/WARN] [net.minecraft.world.level.chunk.ChunkAccess/]: Trying to mark a block for PostProcessing @ MutableBlockPos{x=19, y=60, z=-24}, but this operation is not supported.
[04Apr2025 10:59:17.529] [Server thread/WARN] [net.minecraft.world.level.chunk.ChunkAccess/]: Trying to mark a block for PostProcessing @ MutableBlockPos{x=19, y=59, z=-27}, but this operation is not supported.
[04Apr2025 10:59:17.529] [Server thread/WARN] [net.minecraft.world.level.chunk.ChunkAccess/]: Trying to mark a block for PostProcessing @ MutableBlockPos{x=19, y=60, z=-27}, but this operation is not supported.
[04Apr2025 10:59:17.529] [Server thread/WARN] [net.minecraft.world.level.chunk.ChunkAccess/]: Trying to mark a block for PostProcessing @ MutableBlockPos{x=23, y=57, z=-24}, but this operation is not supported.
[04Apr2025 10:59:17.529] [Server thread/WARN] [net.minecraft.world.level.chunk.ChunkAccess/]: Trying to mark a block for PostProcessing @ MutableBlockPos{x=23, y=58, z=-24}, but this operation is not supported.
[04Apr2025 10:59:17.529] [Server thread/WARN] [net.minecraft.world.level.chunk.ChunkAccess/]: Trying to mark a block for PostProcessing @ MutableBlockPos{x=23, y=59, z=-24}, but this operation is not supported.
[04Apr2025 10:59:17.529] [Server thread/WARN] [net.minecraft.world.level.chunk.ChunkAccess/]: Trying to mark a block for PostProcessing @ MutableBlockPos{x=23, y=60, z=-24}, but this operation is not supported.
[04Apr2025 10:59:17.529] [Server thread/WARN] [net.minecraft.world.level.chunk.ChunkAccess/]: Trying to mark a block for PostProcessing @ MutableBlockPos{x=23, y=59, z=-27}, but this operation is not supported.
[04Apr2025 10:59:17.529] [Server thread/WARN] [net.minecraft.world.level.chunk.ChunkAccess/]: Trying to mark a block for PostProcessing @ MutableBlockPos{x=23, y=60, z=-27}, but this operation is not supported.
[04Apr2025 10:59:17.530] [Server thread/WARN] [net.minecraft.world.level.chunk.ChunkAccess/]: Trying to mark a block for PostProcessing @ MutableBlockPos{x=39, y=59, z=-21}, but this operation is not supported.
[04Apr2025 10:59:17.530] [Server thread/WARN] [net.minecraft.world.level.chunk.ChunkAccess/]: Trying to mark a block for PostProcessing @ MutableBlockPos{x=39, y=60, z=-21}, but this operation is not supported.
[04Apr2025 10:59:17.530] [Server thread/WARN] [net.minecraft.world.level.chunk.ChunkAccess/]: Trying to mark a block for PostProcessing @ MutableBlockPos{x=42, y=57, z=-21}, but this operation is not supported.
[04Apr2025 10:59:17.530] [Server thread/WARN] [net.minecraft.world.level.chunk.ChunkAccess/]: Trying to mark a block for PostProcessing @ MutableBlockPos{x=42, y=58, z=-21}, but this operation is not supported.
[04Apr2025 10:59:17.530] [Server thread/WARN] [net.minecraft.world.level.chunk.ChunkAccess/]: Trying to mark a block for PostProcessing @ MutableBlockPos{x=42, y=59, z=-21}, but this operation is not supported.
[04Apr2025 10:59:17.530] [Server thread/WARN] [net.minecraft.world.level.chunk.ChunkAccess/]: Trying to mark a block for PostProcessing @ MutableBlockPos{x=42, y=60, z=-21}, but this operation is not supported.
[04Apr2025 10:59:17.530] [Server thread/WARN] [net.minecraft.world.level.chunk.ChunkAccess/]: Trying to mark a block for PostProcessing @ MutableBlockPos{x=39, y=59, z=-17}, but this operation is not supported.
[04Apr2025 10:59:17.530] [Server thread/WARN] [net.minecraft.world.level.chunk.ChunkAccess/]: Trying to mark a block for PostProcessing @ MutableBlockPos{x=39, y=60, z=-17}, but this operation is not supported.
[04Apr2025 10:59:17.530] [Server thread/WARN] [net.minecraft.world.level.chunk.ChunkAccess/]: Trying to mark a block for PostProcessing @ MutableBlockPos{x=42, y=57, z=-17}, but this operation is not supported.
[04Apr2025 10:59:17.530] [Server thread/WARN] [net.minecraft.world.level.chunk.ChunkAccess/]: Trying to mark a block for PostProcessing @ MutableBlockPos{x=42, y=58, z=-17}, but this operation is not supported.
[04Apr2025 10:59:17.530] [Server thread/WARN] [net.minecraft.world.level.chunk.ChunkAccess/]: Trying to mark a block for PostProcessing @ MutableBlockPos{x=42, y=59, z=-17}, but this operation is not supported.
[04Apr2025 10:59:17.530] [Server thread/WARN] [net.minecraft.world.level.chunk.ChunkAccess/]: Trying to mark a block for PostProcessing @ MutableBlockPos{x=42, y=60, z=-17}, but this operation is not supported.
[04Apr2025 10:59:17.530] [Server thread/WARN] [net.minecraft.world.level.chunk.ChunkAccess/]: Trying to mark a block for PostProcessing @ MutableBlockPos{x=45, y=57, z=-21}, but this operation is not supported.
[04Apr2025 10:59:17.530] [Server thread/WARN] [net.minecraft.world.level.chunk.ChunkAccess/]: Trying to mark a block for PostProcessing @ MutableBlockPos{x=45, y=58, z=-21}, but this operation is not supported.
[04Apr2025 10:59:17.530] [Server thread/WARN] [net.minecraft.world.level.chunk.ChunkAccess/]: Trying to mark a block for PostProcessing @ MutableBlockPos{x=45, y=59, z=-21}, but this operation is not supported.
[04Apr2025 10:59:17.530] [Server thread/WARN] [net.minecraft.world.level.chunk.ChunkAccess/]: Trying to mark a block for PostProcessing @ MutableBlockPos{x=45, y=60, z=-21}, but this operation is not supported.
[04Apr2025 10:59:17.530] [Server thread/WARN] [net.minecraft.world.level.chunk.ChunkAccess/]: Trying to mark a block for PostProcessing @ MutableBlockPos{x=45, y=57, z=-17}, but this operation is not supported.
[04Apr2025 10:59:17.530] [Server thread/WARN] [net.minecraft.world.level.chunk.ChunkAccess/]: Trying to mark a block for PostProcessing @ MutableBlockPos{x=45, y=58, z=-17}, but this operation is not supported.
[04Apr2025 10:59:17.530] [Server thread/WARN] [net.minecraft.world.level.chunk.ChunkAccess/]: Trying to mark a block for PostProcessing @ MutableBlockPos{x=45, y=59, z=-17}, but this operation is not supported.
[04Apr2025 10:59:17.530] [Server thread/WARN] [net.minecraft.world.level.chunk.ChunkAccess/]: Trying to mark a block for PostProcessing @ MutableBlockPos{x=45, y=60, z=-17}, but this operation is not supported.
[04Apr2025 10:59:17.531] [Server thread/WARN] [net.minecraft.world.level.chunk.ChunkAccess/]: Trying to mark a block for PostProcessing @ MutableBlockPos{x=48, y=59, z=-21}, but this operation is not supported.
[04Apr2025 10:59:17.531] [Server thread/WARN] [net.minecraft.world.level.chunk.ChunkAccess/]: Trying to mark a block for PostProcessing @ MutableBlockPos{x=48, y=60, z=-21}, but this operation is not supported.
[04Apr2025 10:59:17.531] [Server thread/WARN] [net.minecraft.world.level.chunk.ChunkAccess/]: Trying to mark a block for PostProcessing @ MutableBlockPos{x=58, y=59, z=-21}, but this operation is not supported.
[04Apr2025 10:59:17.531] [Server thread/WARN] [net.minecraft.world.level.chunk.ChunkAccess/]: Trying to mark a block for PostProcessing @ MutableBlockPos{x=58, y=60, z=-21}, but this operation is not supported.
[04Apr2025 10:59:17.531] [Server thread/WARN] [net.minecraft.world.level.chunk.ChunkAccess/]: Trying to mark a block for PostProcessing @ MutableBlockPos{x=61, y=57, z=-21}, but this operation is not supported.
[04Apr2025 10:59:17.531] [Server thread/WARN] [net.minecraft.world.level.chunk.ChunkAccess/]: Trying to mark a block for PostProcessing @ MutableBlockPos{x=61, y=58, z=-21}, but this operation is not supported.
[04Apr2025 10:59:17.531] [Server thread/WARN] [net.minecraft.world.level.chunk.ChunkAccess/]: Trying to mark a block for PostProcessing @ MutableBlockPos{x=61, y=59, z=-21}, but this operation is not supported.
[04Apr2025 10:59:17.531] [Server thread/WARN] [net.minecraft.world.level.chunk.ChunkAccess/]: Trying to mark a block for PostProcessing @ MutableBlockPos{x=61, y=60, z=-21}, but this operation is not supported.
[04Apr2025 10:59:17.531] [Server thread/WARN] [net.minecraft.world.level.chunk.ChunkAccess/]: Trying to mark a block for PostProcessing @ MutableBlockPos{x=48, y=59, z=-17}, but this operation is not supported.
[04Apr2025 10:59:17.531] [Server thread/WARN] [net.minecraft.world.level.chunk.ChunkAccess/]: Trying to mark a block for PostProcessing @ MutableBlockPos{x=48, y=60, z=-17}, but this operation is not supported.
[04Apr2025 10:59:17.531] [Server thread/WARN] [net.minecraft.world.level.chunk.ChunkAccess/]: Trying to mark a block for PostProcessing @ MutableBlockPos{x=58, y=59, z=-17}, but this operation is not supported.
[04Apr2025 10:59:17.531] [Server thread/WARN] [net.minecraft.world.level.chunk.ChunkAccess/]: Trying to mark a block for PostProcessing @ MutableBlockPos{x=58, y=60, z=-17}, but this operation is not supported.
[04Apr2025 10:59:17.531] [Server thread/WARN] [net.minecraft.world.level.chunk.ChunkAccess/]: Trying to mark a block for PostProcessing @ MutableBlockPos{x=61, y=57, z=-17}, but this operation is not supported.
[04Apr2025 10:59:17.531] [Server thread/WARN] [net.minecraft.world.level.chunk.ChunkAccess/]: Trying to mark a block for PostProcessing @ MutableBlockPos{x=61, y=58, z=-17}, but this operation is not supported.
[04Apr2025 10:59:17.532] [Server thread/WARN] [net.minecraft.world.level.chunk.ChunkAccess/]: Trying to mark a block for PostProcessing @ MutableBlockPos{x=61, y=59, z=-17}, but this operation is not supported.
[04Apr2025 10:59:17.532] [Server thread/WARN] [net.minecraft.world.level.chunk.ChunkAccess/]: Trying to mark a block for PostProcessing @ MutableBlockPos{x=61, y=60, z=-17}, but this operation is not supported.
[04Apr2025 10:59:17.534] [Server thread/WARN] [net.minecraft.world.level.chunk.ChunkAccess/]: Trying to mark a block for PostProcessing @ MutableBlockPos{x=-68, y=60, z=-8}, but this operation is not supported.
[04Apr2025 10:59:17.534] [Server thread/WARN] [net.minecraft.world.level.chunk.ChunkAccess/]: Trying to mark a block for PostProcessing @ MutableBlockPos{x=-68, y=61, z=-8}, but this operation is not supported.
[04Apr2025 10:59:17.534] [Server thread/WARN] [net.minecraft.world.level.chunk.ChunkAccess/]: Trying to mark a block for PostProcessing @ MutableBlockPos{x=-67, y=63, z=-8}, but this operation is not supported.
[04Apr2025 10:59:17.534] [Server thread/WARN] [net.minecraft.world.level.chunk.ChunkAccess/]: Trying to mark a block for PostProcessing @ MutableBlockPos{x=-66, y=60, z=-8}, but this operation is not supported.
[04Apr2025 10:59:17.534] [Server thread/WARN] [net.minecraft.world.level.chunk.ChunkAccess/]: Trying to mark a block for PostProcessing @ MutableBlockPos{x=-66, y=61, z=-8}, but this operation is not supported.
[04Apr2025 10:59:17.534] [Server thread/WARN] [net.minecraft.world.level.chunk.ChunkAccess/]: Trying to mark a block for PostProcessing @ MutableBlockPos{x=-65, y=63, z=-8}, but this operation is not supported.
[04Apr2025 10:59:17.534] [Server thread/WARN] [net.minecraft.world.level.chunk.ChunkAccess/]: Trying to mark a block for PostProcessing @ MutableBlockPos{x=-69, y=60, z=-1}, but this operation is not supported.
[04Apr2025 10:59:17.534] [Server thread/WARN] [net.minecraft.world.level.chunk.ChunkAccess/]: Trying to mark a block for PostProcessing @ MutableBlockPos{x=-69, y=61, z=-1}, but this operation is not supported.
[04Apr2025 10:59:17.534] [Server thread/WARN] [net.minecraft.world.level.chunk.ChunkAccess/]: Trying to mark a block for PostProcessing @ MutableBlockPos{x=-69, y=63, z=-2}, but this operation is not supported.
[04Apr2025 10:59:17.534] [Server thread/WARN] [net.minecraft.world.level.chunk.ChunkAccess/]: Trying to mark a block for PostProcessing @ MutableBlockPos{x=-69, y=60, z=-3}, but this operation is not supported.
[04Apr2025 10:59:17.534] [Server thread/WARN] [net.minecraft.world.level.chunk.ChunkAccess/]: Trying to mark a block for PostProcessing @ MutableBlockPos{x=-69, y=61, z=-3}, but this operation is not supported.
[04Apr2025 10:59:17.534] [Server thread/WARN] [net.minecraft.world.level.chunk.ChunkAccess/]: Trying to mark a block for PostProcessing @ MutableBlockPos{x=-69, y=63, z=-4}, but this operation is not supported.
[04Apr2025 10:59:17.534] [Server thread/WARN] [net.minecraft.world.level.chunk.ChunkAccess/]: Trying to mark a block for PostProcessing @ MutableBlockPos{x=-69, y=60, z=-5}, but this operation is not supported.
[04Apr2025 10:59:17.534] [Server thread/WARN] [net.minecraft.world.level.chunk.ChunkAccess/]: Trying to mark a block for PostProcessing @ MutableBlockPos{x=-69, y=61, z=-5}, but this operation is not supported.
[04Apr2025 10:59:17.534] [Server thread/WARN] [net.minecraft.world.level.chunk.ChunkAccess/]: Trying to mark a block for PostProcessing @ MutableBlockPos{x=-69, y=63, z=-6}, but this operation is not supported.
[04Apr2025 10:59:17.535] [Server thread/WARN] [net.minecraft.world.level.chunk.ChunkAccess/]: Trying to mark a block for PostProcessing @ MutableBlockPos{x=-69, y=60, z=-7}, but this operation is not supported.
[04Apr2025 10:59:17.535] [Server thread/WARN] [net.minecraft.world.level.chunk.ChunkAccess/]: Trying to mark a block for PostProcessing @ MutableBlockPos{x=-69, y=61, z=-7}, but this operation is not supported.
[04Apr2025 10:59:17.535] [Server thread/WARN] [net.minecraft.world.level.chunk.ChunkAccess/]: Trying to mark a block for PostProcessing @ MutableBlockPos{x=-69, y=63, z=-8}, but this operation is not supported.
[04Apr2025 10:59:17.535] [Server thread/WARN] [net.minecraft.world.level.chunk.ChunkAccess/]: Trying to mark a block for PostProcessing @ MutableBlockPos{x=-68, y=57, z=-1}, but this operation is not supported.
[04Apr2025 10:59:17.535] [Server thread/WARN] [net.minecraft.world.level.chunk.ChunkAccess/]: Trying to mark a block for PostProcessing @ MutableBlockPos{x=-68, y=58, z=-1}, but this operation is not supported.
[04Apr2025 10:59:17.535] [Server thread/WARN] [net.minecraft.world.level.chunk.ChunkAccess/]: Trying to mark a block for PostProcessing @ MutableBlockPos{x=-68, y=57, z=-3}, but this operation is not supported.
[04Apr2025 10:59:17.535] [Server thread/WARN] [net.minecraft.world.level.chunk.ChunkAccess/]: Trying to mark a block for PostProcessing @ MutableBlockPos{x=-68, y=58, z=-3}, but this operation is not supported.
[04Apr2025 10:59:17.535] [Server thread/WARN] [net.minecraft.world.level.chunk.ChunkAccess/]: Trying to mark a block for PostProcessing @ MutableBlockPos{x=-68, y=57, z=-5}, but this operation is not supported.
[04Apr2025 10:59:17.535] [Server thread/WARN] [net.minecraft.world.level.chunk.ChunkAccess/]: Trying to mark a block for PostProcessing @ MutableBlockPos{x=-68, y=58, z=-5}, but this operation is not supported.
[04Apr2025 10:59:17.535] [Server thread/WARN] [net.minecraft.world.level.chunk.ChunkAccess/]: Trying to mark a block for PostProcessing @ MutableBlockPos{x=-65, y=56, z=-10}, but this operation is not supported.
[04Apr2025 10:59:17.535] [Server thread/WARN] [net.minecraft.world.level.chunk.ChunkAccess/]: Trying to mark a block for PostProcessing @ MutableBlockPos{x=-65, y=57, z=-10}, but this operation is not supported.
[04Apr2025 10:59:17.535] [Server thread/WARN] [net.minecraft.world.level.chunk.ChunkAccess/]: Trying to mark a block for PostProcessing @ MutableBlockPos{x=-65, y=56, z=-12}, but this operation is not supported.
[04Apr2025 10:59:17.535] [Server thread/WARN] [net.minecraft.world.level.chunk.ChunkAccess/]: Trying to mark a block for PostProcessing @ MutableBlockPos{x=-65, y=57, z=-12}, but this operation is not supported.
[04Apr2025 10:59:17.538] [Server thread/WARN] [net.minecraft.world.level.chunk.ChunkAccess/]: Trying to mark a block for PostProcessing @ MutableBlockPos{x=-64, y=60, z=-8}, but this operation is not supported.
[04Apr2025 10:59:17.538] [Server thread/WARN] [net.minecraft.world.level.chunk.ChunkAccess/]: Trying to mark a block for PostProcessing @ MutableBlockPos{x=-64, y=61, z=-8}, but this operation is not supported.
[04Apr2025 10:59:17.538] [Server thread/WARN] [net.minecraft.world.level.chunk.ChunkAccess/]: Trying to mark a block for PostProcessing @ MutableBlockPos{x=-57, y=60, z=-1}, but this operation is not supported.
[04Apr2025 10:59:17.538] [Server thread/WARN] [net.minecraft.world.level.chunk.ChunkAccess/]: Trying to mark a block for PostProcessing @ MutableBlockPos{x=-57, y=61, z=-1}, but this operation is not supported.
[04Apr2025 10:59:17.538] [Server thread/WARN] [net.minecraft.world.level.chunk.ChunkAccess/]: Trying to mark a block for PostProcessing @ MutableBlockPos{x=-63, y=63, z=-8}, but this operation is not supported.
[04Apr2025 10:59:17.538] [Server thread/WARN] [net.minecraft.world.level.chunk.ChunkAccess/]: Trying to mark a block for PostProcessing @ MutableBlockPos{x=-57, y=63, z=-2}, but this operation is not supported.
[04Apr2025 10:59:17.538] [Server thread/WARN] [net.minecraft.world.level.chunk.ChunkAccess/]: Trying to mark a block for PostProcessing @ MutableBlockPos{x=-62, y=60, z=-8}, but this operation is not supported.
[04Apr2025 10:59:17.538] [Server thread/WARN] [net.minecraft.world.level.chunk.ChunkAccess/]: Trying to mark a block for PostProcessing @ MutableBlockPos{x=-62, y=61, z=-8}, but this operation is not supported.
[04Apr2025 10:59:17.538] [Server thread/WARN] [net.minecraft.world.level.chunk.ChunkAccess/]: Trying to mark a block for PostProcessing @ MutableBlockPos{x=-57, y=60, z=-3}, but this operation is not supported.
[04Apr2025 10:59:17.538] [Server thread/WARN] [net.minecraft.world.level.chunk.ChunkAccess/]: Trying to mark a block for PostProcessing @ MutableBlockPos{x=-57, y=61, z=-3}, but this operation is not supported.
[04Apr2025 10:59:17.538] [Server thread/WARN] [net.minecraft.world.level.chunk.ChunkAccess/]: Trying to mark a block for PostProcessing @ MutableBlockPos{x=-61, y=63, z=-8}, but this operation is not supported.
[04Apr2025 10:59:17.538] [Server thread/WARN] [net.minecraft.world.level.chunk.ChunkAccess/]: Trying to mark a block for PostProcessing @ MutableBlockPos{x=-57, y=63, z=-4}, but this operation is not supported.
[04Apr2025 10:59:17.538] [Server thread/WARN] [net.minecraft.world.level.chunk.ChunkAccess/]: Trying to mark a block for PostProcessing @ MutableBlockPos{x=-60, y=60, z=-8}, but this operation is not supported.
[04Apr2025 10:59:17.539] [Server thread/WARN] [net.minecraft.world.level.chunk.ChunkAccess/]: Trying to mark a block for PostProcessing @ MutableBlockPos{x=-60, y=61, z=-8}, but this operation is not supported.
[04Apr2025 10:59:17.539] [Server thread/WARN] [net.minecraft.world.level.chunk.ChunkAccess/]: Trying to mark a block for PostProcessing @ MutableBlockPos{x=-57, y=60, z=-5}, but this operation is not supported.
[04Apr2025 10:59:17.539] [Server thread/WARN] [net.minecraft.world.level.chunk.ChunkAccess/]: Trying to mark a block for PostProcessing @ MutableBlockPos{x=-57, y=61, z=-5}, but this operation is not supported.
[04Apr2025 10:59:17.539] [Server thread/WARN] [net.minecraft.world.level.chunk.ChunkAccess/]: Trying to mark a block for PostProcessing @ MutableBlockPos{x=-59, y=63, z=-8}, but this operation is not supported.
[04Apr2025 10:59:17.539] [Server thread/WARN] [net.minecraft.world.level.chunk.ChunkAccess/]: Trying to mark a block for PostProcessing @ MutableBlockPos{x=-57, y=63, z=-6}, but this operation is not supported.
[04Apr2025 10:59:17.539] [Server thread/WARN] [net.minecraft.world.level.chunk.ChunkAccess/]: Trying to mark a block for PostProcessing @ MutableBlockPos{x=-58, y=60, z=-8}, but this operation is not supported.
[04Apr2025 10:59:17.539] [Server thread/WARN] [net.minecraft.world.level.chunk.ChunkAccess/]: Trying to mark a block for PostProcessing @ MutableBlockPos{x=-58, y=61, z=-8}, but this operation is not supported.
[04Apr2025 10:59:17.539] [Server thread/WARN] [net.minecraft.world.level.chunk.ChunkAccess/]: Trying to mark a block for PostProcessing @ MutableBlockPos{x=-57, y=60, z=-7}, but this operation is not supported.
[04Apr2025 10:59:17.539] [Server thread/WARN] [net.minecraft.world.level.chunk.ChunkAccess/]: Trying to mark a block for PostProcessing @ MutableBlockPos{x=-57, y=61, z=-7}, but this operation is not supported.
[04Apr2025 10:59:17.539] [Server thread/WARN] [net.minecraft.world.level.chunk.ChunkAccess/]: Trying to mark a block for PostProcessing @ MutableBlockPos{x=-57, y=63, z=-8}, but this operation is not supported.
[04Apr2025 10:59:17.539] [Server thread/WARN] [net.minecraft.world.level.chunk.ChunkAccess/]: Trying to mark a block for PostProcessing @ MutableBlockPos{x=-58, y=57, z=-1}, but this operation is not supported.
[04Apr2025 10:59:17.539] [Server thread/WARN] [net.minecraft.world.level.chunk.ChunkAccess/]: Trying to mark a block for PostProcessing @ MutableBlockPos{x=-58, y=58, z=-1}, but this operation is not supported.
[04Apr2025 10:59:17.539] [Server thread/WARN] [net.minecraft.world.level.chunk.ChunkAccess/]: Trying to mark a block for PostProcessing @ MutableBlockPos{x=-58, y=57, z=-3}, but this operation is not supported.
[04Apr2025 10:59:17.539] [Server thread/WARN] [net.minecraft.world.level.chunk.ChunkAccess/]: Trying to mark a block for PostProcessing @ MutableBlockPos{x=-58, y=58, z=-3}, but this operation is not supported.
[04Apr2025 10:59:17.539] [Server thread/WARN] [net.minecraft.world.level.chunk.ChunkAccess/]: Trying to mark a block for PostProcessing @ MutableBlockPos{x=-58, y=57, z=-5}, but this operation is not supported.
[04Apr2025 10:59:17.539] [Server thread/WARN] [net.minecraft.world.level.chunk.ChunkAccess/]: Trying to mark a block for PostProcessing @ MutableBlockPos{x=-58, y=58, z=-5}, but this operation is not supported.
[04Apr2025 10:59:17.540] [Server thread/WARN] [net.minecraft.world.level.chunk.ChunkAccess/]: Trying to mark a block for PostProcessing @ MutableBlockPos{x=-64, y=56, z=-13}, but this operation is not supported.
[04Apr2025 10:59:17.540] [Server thread/WARN] [net.minecraft.world.level.chunk.ChunkAccess/]: Trying to mark a block for PostProcessing @ MutableBlockPos{x=-64, y=57, z=-13}, but this operation is not supported.
[04Apr2025 10:59:17.540] [Server thread/WARN] [net.minecraft.world.level.chunk.ChunkAccess/]: Trying to mark a block for PostProcessing @ MutableBlockPos{x=-62, y=56, z=-13}, but this operation is not supported.
[04Apr2025 10:59:17.540] [Server thread/WARN] [net.minecraft.world.level.chunk.ChunkAccess/]: Trying to mark a block for PostProcessing @ MutableBlockPos{x=-62, y=57, z=-13}, but this operation is not supported.
[04Apr2025 10:59:17.540] [Server thread/WARN] [net.minecraft.world.level.chunk.ChunkAccess/]: Trying to mark a block for PostProcessing @ MutableBlockPos{x=-59, y=56, z=-13}, but this operation is not supported.
[04Apr2025 10:59:17.540] [Server thread/WARN] [net.minecraft.world.level.chunk.ChunkAccess/]: Trying to mark a block for PostProcessing @ MutableBlockPos{x=-59, y=57, z=-13}, but this operation is not supported.
[04Apr2025 10:59:17.540] [Server thread/WARN] [net.minecraft.world.level.chunk.ChunkAccess/]: Trying to mark a block for PostProcessing @ MutableBlockPos{x=-57, y=56, z=-13}, but this operation is not supported.
[04Apr2025 10:59:17.540] [Server thread/WARN] [net.minecraft.world.level.chunk.ChunkAccess/]: Trying to mark a block for PostProcessing @ MutableBlockPos{x=-57, y=57, z=-13}, but this operation is not supported.
[04Apr2025 10:59:17.540] [Server thread/WARN] [net.minecraft.world.level.chunk.ChunkAccess/]: Trying to mark a block for PostProcessing @ MutableBlockPos{x=-56, y=56, z=-12}, but this operation is not supported.
[04Apr2025 10:59:17.540] [Server thread/WARN] [net.minecraft.world.level.chunk.ChunkAccess/]: Trying to mark a block for PostProcessing @ MutableBlockPos{x=-56, y=57, z=-12}, but this operation is not supported.
[04Apr2025 10:59:17.540] [Server thread/WARN] [net.minecraft.world.level.chunk.ChunkAccess/]: Trying to mark a block for PostProcessing @ MutableBlockPos{x=-56, y=56, z=-10}, but this operation is not supported.
[04Apr2025 10:59:17.540] [Server thread/WARN] [net.minecraft.world.level.chunk.ChunkAccess/]: Trying to mark a block for PostProcessing @ MutableBlockPos{x=-56, y=57, z=-10}, but this operation is not supported.
[04Apr2025 10:59:17.541] [Server thread/WARN] [net.minecraft.world.level.chunk.ChunkAccess/]: Trying to mark a block for PostProcessing @ MutableBlockPos{x=-7, y=53, z=-4}, but this operation is not supported.
[04Apr2025 10:59:17.541] [Server thread/WARN] [net.minecraft.world.level.chunk.ChunkAccess/]: Trying to mark a block for PostProcessing @ MutableBlockPos{x=-7, y=54, z=-4}, but this operation is not supported.
[04Apr2025 10:59:17.541] [Server thread/WARN] [net.minecraft.world.level.chunk.ChunkAccess/]: Trying to mark a block for PostProcessing @ MutableBlockPos{x=-7, y=51, z=-7}, but this operation is not supported.
[04Apr2025 10:59:17.541] [Server thread/WARN] [net.minecraft.world.level.chunk.ChunkAccess/]: Trying to mark a block for PostProcessing @ MutableBlockPos{x=-7, y=52, z=-7}, but this operation is not supported.
[04Apr2025 10:59:17.541] [Server thread/WARN] [net.minecraft.world.level.chunk.ChunkAccess/]: Trying to mark a block for PostProcessing @ MutableBlockPos{x=-7, y=53, z=-7}, but this operation is not supported.
[04Apr2025 10:59:17.541] [Server thread/WARN] [net.minecraft.world.level.chunk.ChunkAccess/]: Trying to mark a block for PostProcessing @ MutableBlockPos{x=-7, y=54, z=-7}, but this operation is not supported.
[04Apr2025 10:59:17.541] [Server thread/WARN] [net.minecraft.world.level.chunk.ChunkAccess/]: Trying to mark a block for PostProcessing @ MutableBlockPos{x=-3, y=53, z=-4}, but this operation is not supported.
[04Apr2025 10:59:17.541] [Server thread/WARN] [net.minecraft.world.level.chunk.ChunkAccess/]: Trying to mark a block for PostProcessing @ MutableBlockPos{x=-3, y=54, z=-4}, but this operation is not supported.
[04Apr2025 10:59:17.541] [Server thread/WARN] [net.minecraft.world.level.chunk.ChunkAccess/]: Trying to mark a block for PostProcessing @ MutableBlockPos{x=-3, y=51, z=-7}, but this operation is not supported.
[04Apr2025 10:59:17.541] [Server thread/WARN] [net.minecraft.world.level.chunk.ChunkAccess/]: Trying to mark a block for PostProcessing @ MutableBlockPos{x=-3, y=52, z=-7}, but this operation is not supported.
[04Apr2025 10:59:17.541] [Server thread/WARN] [net.minecraft.world.level.chunk.ChunkAccess/]: Trying to mark a block for PostProcessing @ MutableBlockPos{x=-3, y=53, z=-7}, but this operation is not supported.
[04Apr2025 10:59:17.541] [Server thread/WARN] [net.minecraft.world.level.chunk.ChunkAccess/]: Trying to mark a block for PostProcessing @ MutableBlockPos{x=-3, y=54, z=-7}, but this operation is not supported.
[04Apr2025 10:59:17.542] [Server thread/WARN] [net.minecraft.world.level.chunk.ChunkAccess/]: Trying to mark a block for PostProcessing @ MutableBlockPos{x=-14, y=53, z=-4}, but this operation is not supported.
[04Apr2025 10:59:17.542] [Server thread/WARN] [net.minecraft.world.level.chunk.ChunkAccess/]: Trying to mark a block for PostProcessing @ MutableBlockPos{x=-14, y=54, z=-4}, but this operation is not supported.
[04Apr2025 10:59:17.542] [Server thread/WARN] [net.minecraft.world.level.chunk.ChunkAccess/]: Trying to mark a block for PostProcessing @ MutableBlockPos{x=-14, y=51, z=-7}, but this operation is not supported.
[04Apr2025 10:59:17.542] [Server thread/WARN] [net.minecraft.world.level.chunk.ChunkAccess/]: Trying to mark a block for PostProcessing @ MutableBlockPos{x=-14, y=52, z=-7}, but this operation is not supported.
[04Apr2025 10:59:17.542] [Server thread/WARN] [net.minecraft.world.level.chunk.ChunkAccess/]: Trying to mark a block for PostProcessing @ MutableBlockPos{x=-14, y=53, z=-7}, but this operation is not supported.
[04Apr2025 10:59:17.542] [Server thread/WARN] [net.minecraft.world.level.chunk.ChunkAccess/]: Trying to mark a block for PostProcessing @ MutableBlockPos{x=-14, y=54, z=-7}, but this operation is not supported.
[04Apr2025 10:59:17.542] [Server thread/WARN] [net.minecraft.world.level.chunk.ChunkAccess/]: Trying to mark a block for PostProcessing @ MutableBlockPos{x=-10, y=53, z=-4}, but this operation is not supported.
[04Apr2025 10:59:17.542] [Server thread/WARN] [net.minecraft.world.level.chunk.ChunkAccess/]: Trying to mark a block for PostProcessing @ MutableBlockPos{x=-10, y=54, z=-4}, but this operation is not supported.
[04Apr2025 10:59:17.542] [Server thread/WARN] [net.minecraft.world.level.chunk.ChunkAccess/]: Trying to mark a block for PostProcessing @ MutableBlockPos{x=-10, y=51, z=-7}, but this operation is not supported.
[04Apr2025 10:59:17.542] [Server thread/WARN] [net.minecraft.world.level.chunk.ChunkAccess/]: Trying to mark a block for PostProcessing @ MutableBlockPos{x=-10, y=52, z=-7}, but this operation is not supported.
[04Apr2025 10:59:17.542] [Server thread/WARN] [net.minecraft.world.level.chunk.ChunkAccess/]: Trying to mark a block for PostProcessing @ MutableBlockPos{x=-10, y=53, z=-7}, but this operation is not supported.
[04Apr2025 10:59:17.542] [Server thread/WARN] [net.minecraft.world.level.chunk.ChunkAccess/]: Trying to mark a block for PostProcessing @ MutableBlockPos{x=-10, y=54, z=-7}, but this operation is not supported.
[04Apr2025 10:59:17.544] [Server thread/WARN] [net.minecraft.world.level.chunk.ChunkAccess/]: Trying to mark a block for PostProcessing @ MutableBlockPos{x=-6, y=58, z=-9}, but this operation is not supported.
[04Apr2025 10:59:17.544] [Server thread/WARN] [net.minecraft.world.level.chunk.ChunkAccess/]: Trying to mark a block for PostProcessing @ MutableBlockPos{x=-5, y=58, z=-9}, but this operation is not supported.
[04Apr2025 10:59:17.544] [Server thread/WARN] [net.minecraft.world.level.chunk.ChunkAccess/]: Trying to mark a block for PostProcessing @ MutableBlockPos{x=-4, y=58, z=-9}, but this operation is not supported.
[04Apr2025 10:59:17.544] [Server thread/WARN] [net.minecraft.world.level.chunk.ChunkAccess/]: Trying to mark a block for PostProcessing @ MutableBlockPos{x=-6, y=58, z=-15}, but this operation is not supported.
[04Apr2025 10:59:17.544] [Server thread/WARN] [net.minecraft.world.level.chunk.ChunkAccess/]: Trying to mark a block for PostProcessing @ MutableBlockPos{x=-5, y=58, z=-15}, but this operation is not supported.
[04Apr2025 10:59:17.544] [Server thread/WARN] [net.minecraft.world.level.chunk.ChunkAccess/]: Trying to mark a block for PostProcessing @ MutableBlockPos{x=-4, y=58, z=-15}, but this operation is not supported.
[04Apr2025 10:59:17.544] [Server thread/WARN] [net.minecraft.world.level.chunk.ChunkAccess/]: Trying to mark a block for PostProcessing @ MutableBlockPos{x=-8, y=58, z=-11}, but this operation is not supported.
[04Apr2025 10:59:17.544] [Server thread/WARN] [net.minecraft.world.level.chunk.ChunkAccess/]: Trying to mark a block for PostProcessing @ MutableBlockPos{x=-8, y=58, z=-12}, but this operation is not supported.
[04Apr2025 10:59:17.544] [Server thread/WARN] [net.minecraft.world.level.chunk.ChunkAccess/]: Trying to mark a block for PostProcessing @ MutableBlockPos{x=-8, y=58, z=-13}, but this operation is not supported.
[04Apr2025 10:59:17.544] [Server thread/WARN] [net.minecraft.world.level.chunk.ChunkAccess/]: Trying to mark a block for PostProcessing @ MutableBlockPos{x=-2, y=58, z=-11}, but this operation is not supported.
[04Apr2025 10:59:17.544] [Server thread/WARN] [net.minecraft.world.level.chunk.ChunkAccess/]: Trying to mark a block for PostProcessing @ MutableBlockPos{x=-2, y=58, z=-12}, but this operation is not supported.
[04Apr2025 10:59:17.544] [Server thread/WARN] [net.minecraft.world.level.chunk.ChunkAccess/]: Trying to mark a block for PostProcessing @ MutableBlockPos{x=-2, y=58, z=-13}, but this operation is not supported.
[04Apr2025 10:59:17.546] [Server thread/WARN] [net.minecraft.world.level.chunk.ChunkAccess/]: Trying to mark a block for PostProcessing @ MutableBlockPos{x=-15, y=56, z=-11}, but this operation is not supported.
[04Apr2025 10:59:17.546] [Server thread/WARN] [net.minecraft.world.level.chunk.ChunkAccess/]: Trying to mark a block for PostProcessing @ MutableBlockPos{x=-15, y=56, z=-12}, but this operation is not supported.
[04Apr2025 10:59:17.546] [Server thread/WARN] [net.minecraft.world.level.chunk.ChunkAccess/]: Trying to mark a block for PostProcessing @ MutableBlockPos{x=-15, y=56, z=-13}, but this operation is not supported.
[04Apr2025 10:59:17.546] [Server thread/WARN] [net.minecraft.world.level.chunk.ChunkAccess/]: Trying to mark a block for PostProcessing @ MutableBlockPos{x=-15, y=57, z=-11}, but this operation is not supported.
[04Apr2025 10:59:17.546] [Server thread/WARN] [net.minecraft.world.level.chunk.ChunkAccess/]: Trying to mark a block for PostProcessing @ MutableBlockPos{x=-15, y=57, z=-12}, but this operation is not supported.
[04Apr2025 10:59:17.546] [Server thread/WARN] [net.minecraft.world.level.chunk.ChunkAccess/]: Trying to mark a block for PostProcessing @ MutableBlockPos{x=-15, y=57, z=-13}, but this operation is not supported.
[04Apr2025 10:59:17.546] [Server thread/WARN] [net.minecraft.world.level.chunk.ChunkAccess/]: Trying to mark a block for PostProcessing @ MutableBlockPos{x=-15, y=58, z=-11}, but this operation is not supported.
[04Apr2025 10:59:17.546] [Server thread/WARN] [net.minecraft.world.level.chunk.ChunkAccess/]: Trying to mark a block for PostProcessing @ MutableBlockPos{x=-15, y=58, z=-12}, but this operation is not supported.
[04Apr2025 10:59:17.546] [Server thread/WARN] [net.minecraft.world.level.chunk.ChunkAccess/]: Trying to mark a block for PostProcessing @ MutableBlockPos{x=-15, y=58, z=-13}, but this operation is not supported.
[04Apr2025 10:59:17.546] [Server thread/WARN] [net.minecraft.world.level.chunk.ChunkAccess/]: Trying to mark a block for PostProcessing @ MutableBlockPos{x=-9, y=56, z=-11}, but this operation is not supported.
[04Apr2025 10:59:17.546] [Server thread/WARN] [net.minecraft.world.level.chunk.ChunkAccess/]: Trying to mark a block for PostProcessing @ MutableBlockPos{x=-9, y=57, z=-11}, but this operation is not supported.
[04Apr2025 10:59:17.546] [Server thread/WARN] [net.minecraft.world.level.chunk.ChunkAccess/]: Trying to mark a block for PostProcessing @ MutableBlockPos{x=-9, y=58, z=-11}, but this operation is not supported.
[04Apr2025 10:59:17.546] [Server thread/WARN] [net.minecraft.world.level.chunk.ChunkAccess/]: Trying to mark a block for PostProcessing @ MutableBlockPos{x=-9, y=56, z=-13}, but this operation is not supported.
[04Apr2025 10:59:17.546] [Server thread/WARN] [net.minecraft.world.level.chunk.ChunkAccess/]: Trying to mark a block for PostProcessing @ MutableBlockPos{x=-9, y=57, z=-13}, but this operation is not supported.
[04Apr2025 10:59:17.546] [Server thread/WARN] [net.minecraft.world.level.chunk.ChunkAccess/]: Trying to mark a block for PostProcessing @ MutableBlockPos{x=-9, y=58, z=-13}, but this operation is not supported.
[04Apr2025 10:59:17.546] [Server thread/WARN] [net.minecraft.world.level.chunk.ChunkAccess/]: Trying to mark a block for PostProcessing @ MutableBlockPos{x=-13, y=58, z=-9}, but this operation is not supported.
[04Apr2025 10:59:17.547] [Server thread/WARN] [net.minecraft.world.level.chunk.ChunkAccess/]: Trying to mark a block for PostProcessing @ MutableBlockPos{x=-12, y=58, z=-9}, but this operation is not supported.
[04Apr2025 10:59:17.547] [Server thread/WARN] [net.minecraft.world.level.chunk.ChunkAccess/]: Trying to mark a block for PostProcessing @ MutableBlockPos{x=-11, y=58, z=-9}, but this operation is not supported.
[04Apr2025 10:59:17.547] [Server thread/WARN] [net.minecraft.world.level.chunk.ChunkAccess/]: Trying to mark a block for PostProcessing @ MutableBlockPos{x=-6, y=58, z=-16}, but this operation is not supported.
[04Apr2025 10:59:17.547] [Server thread/WARN] [net.minecraft.world.level.chunk.ChunkAccess/]: Trying to mark a block for PostProcessing @ MutableBlockPos{x=-5, y=58, z=-16}, but this operation is not supported.
[04Apr2025 10:59:17.547] [Server thread/WARN] [net.minecraft.world.level.chunk.ChunkAccess/]: Trying to mark a block for PostProcessing @ MutableBlockPos{x=-4, y=58, z=-16}, but this operation is not supported.
[04Apr2025 10:59:17.548] [Server thread/WARN] [net.minecraft.world.level.chunk.ChunkAccess/]: Trying to mark a block for PostProcessing @ MutableBlockPos{x=0, y=51, z=-14}, but this operation is not supported.
[04Apr2025 10:59:17.548] [Server thread/WARN] [net.minecraft.world.level.chunk.ChunkAccess/]: Trying to mark a block for PostProcessing @ MutableBlockPos{x=0, y=52, z=-14}, but this operation is not supported.
[04Apr2025 10:59:17.548] [Server thread/WARN] [net.minecraft.world.level.chunk.ChunkAccess/]: Trying to mark a block for PostProcessing @ MutableBlockPos{x=0, y=53, z=-14}, but this operation is not supported.
[04Apr2025 10:59:17.548] [Server thread/WARN] [net.minecraft.world.level.chunk.ChunkAccess/]: Trying to mark a block for PostProcessing @ MutableBlockPos{x=0, y=54, z=-14}, but this operation is not supported.
[04Apr2025 10:59:17.548] [Server thread/WARN] [net.minecraft.world.level.chunk.ChunkAccess/]: Trying to mark a block for PostProcessing @ MutableBlockPos{x=3, y=53, z=-14}, but this operation is not supported.
[04Apr2025 10:59:17.548] [Server thread/WARN] [net.minecraft.world.level.chunk.ChunkAccess/]: Trying to mark a block for PostProcessing @ MutableBlockPos{x=3, y=54, z=-14}, but this operation is not supported.
[04Apr2025 10:59:17.548] [Server thread/WARN] [net.minecraft.world.level.chunk.ChunkAccess/]: Trying to mark a block for PostProcessing @ MutableBlockPos{x=13, y=53, z=-14}, but this operation is not supported.
[04Apr2025 10:59:17.548] [Server thread/WARN] [net.minecraft.world.level.chunk.ChunkAccess/]: Trying to mark a block for PostProcessing @ MutableBlockPos{x=13, y=54, z=-14}, but this operation is not supported.
[04Apr2025 10:59:17.549] [Server thread/WARN] [net.minecraft.world.level.chunk.ChunkAccess/]: Trying to mark a block for PostProcessing @ MutableBlockPos{x=0, y=51, z=-10}, but this operation is not supported.
[04Apr2025 10:59:17.549] [Server thread/WARN] [net.minecraft.world.level.chunk.ChunkAccess/]: Trying to mark a block for PostProcessing @ MutableBlockPos{x=0, y=52, z=-10}, but this operation is not supported.
[04Apr2025 10:59:17.549] [Server thread/WARN] [net.minecraft.world.level.chunk.ChunkAccess/]: Trying to mark a block for PostProcessing @ MutableBlockPos{x=0, y=53, z=-10}, but this operation is not supported.
[04Apr2025 10:59:17.549] [Server thread/WARN] [net.minecraft.world.level.chunk.ChunkAccess/]: Trying to mark a block for PostProcessing @ MutableBlockPos{x=0, y=54, z=-10}, but this operation is not supported.
[04Apr2025 10:59:17.549] [Server thread/WARN] [net.minecraft.world.level.chunk.ChunkAccess/]: Trying to mark a block for PostProcessing @ MutableBlockPos{x=3, y=53, z=-10}, but this operation is not supported.
[04Apr2025 10:59:17.549] [Server thread/WARN] [net.minecraft.world.level.chunk.ChunkAccess/]: Trying to mark a block for PostProcessing @ MutableBlockPos{x=3, y=54, z=-10}, but this operation is not supported.
[04Apr2025 10:59:17.549] [Server thread/WARN] [net.minecraft.world.level.chunk.ChunkAccess/]: Trying to mark a block for PostProcessing @ MutableBlockPos{x=13, y=53, z=-10}, but this operation is not supported.
[04Apr2025 10:59:17.549] [Server thread/WARN] [net.minecraft.world.level.chunk.ChunkAccess/]: Trying to mark a block for PostProcessing @ MutableBlockPos{x=13, y=54, z=-10}, but this operation is not supported.
[04Apr2025 10:59:17.549] [Server thread/WARN] [net.minecraft.world.level.chunk.ChunkAccess/]: Trying to mark a block for PostProcessing @ MutableBlockPos{x=16, y=51, z=-14}, but this operation is not supported.
[04Apr2025 10:59:17.549] [Server thread/WARN] [net.minecraft.world.level.chunk.ChunkAccess/]: Trying to mark a block for PostProcessing @ MutableBlockPos{x=16, y=52, z=-14}, but this operation is not supported.
[04Apr2025 10:59:17.549] [Server thread/WARN] [net.minecraft.world.level.chunk.ChunkAccess/]: Trying to mark a block for PostProcessing @ MutableBlockPos{x=16, y=53, z=-14}, but this operation is not supported.
[04Apr2025 10:59:17.549] [Server thread/WARN] [net.minecraft.world.level.chunk.ChunkAccess/]: Trying to mark a block for PostProcessing @ MutableBlockPos{x=16, y=54, z=-14}, but this operation is not supported.
[04Apr2025 10:59:17.549] [Server thread/WARN] [net.minecraft.world.level.chunk.ChunkAccess/]: Trying to mark a block for PostProcessing @ MutableBlockPos{x=16, y=51, z=-10}, but this operation is not supported.
[04Apr2025 10:59:17.549] [Server thread/WARN] [net.minecraft.world.level.chunk.ChunkAccess/]: Trying to mark a block for PostProcessing @ MutableBlockPos{x=16, y=52, z=-10}, but this operation is not supported.
[04Apr2025 10:59:17.549] [Server thread/WARN] [net.minecraft.world.level.chunk.ChunkAccess/]: Trying to mark a block for PostProcessing @ MutableBlockPos{x=16, y=53, z=-10}, but this operation is not supported.
[04Apr2025 10:59:17.549] [Server thread/WARN] [net.minecraft.world.level.chunk.ChunkAccess/]: Trying to mark a block for PostProcessing @ MutableBlockPos{x=16, y=54, z=-10}, but this operation is not supported.
[04Apr2025 10:59:17.550] [Server thread/WARN] [net.minecraft.world.level.chunk.ChunkAccess/]: Trying to mark a block for PostProcessing @ MutableBlockPos{x=20, y=64, z=-16}, but this operation is not supported.
[04Apr2025 10:59:17.550] [Server thread/WARN] [net.minecraft.world.level.chunk.ChunkAccess/]: Trying to mark a block for PostProcessing @ MutableBlockPos{x=21, y=64, z=-16}, but this operation is not supported.
[04Apr2025 10:59:17.550] [Server thread/WARN] [net.minecraft.world.level.chunk.ChunkAccess/]: Trying to mark a block for PostProcessing @ MutableBlockPos{x=22, y=64, z=-16}, but this operation is not supported.
[04Apr2025 10:59:17.550] [Server thread/WARN] [net.minecraft.world.level.chunk.ChunkAccess/]: Trying to mark a block for PostProcessing @ MutableBlockPos{x=19, y=51, z=-14}, but this operation is not supported.
[04Apr2025 10:59:17.551] [Server thread/WARN] [net.minecraft.world.level.chunk.ChunkAccess/]: Trying to mark a block for PostProcessing @ MutableBlockPos{x=19, y=52, z=-14}, but this operation is not supported.
[04Apr2025 10:59:17.551] [Server thread/WARN] [net.minecraft.world.level.chunk.ChunkAccess/]: Trying to mark a block for PostProcessing @ MutableBlockPos{x=19, y=53, z=-14}, but this operation is not supported.
[04Apr2025 10:59:17.551] [Server thread/WARN] [net.minecraft.world.level.chunk.ChunkAccess/]: Trying to mark a block for PostProcessing @ MutableBlockPos{x=19, y=54, z=-14}, but this operation is not supported.
[04Apr2025 10:59:17.551] [Server thread/WARN] [net.minecraft.world.level.chunk.ChunkAccess/]: Trying to mark a block for PostProcessing @ MutableBlockPos{x=22, y=53, z=-14}, but this operation is not supported.
[04Apr2025 10:59:17.551] [Server thread/WARN] [net.minecraft.world.level.chunk.ChunkAccess/]: Trying to mark a block for PostProcessing @ MutableBlockPos{x=22, y=54, z=-14}, but this operation is not supported.
[04Apr2025 10:59:17.551] [Server thread/WARN] [net.minecraft.world.level.chunk.ChunkAccess/]: Trying to mark a block for PostProcessing @ MutableBlockPos{x=19, y=51, z=-10}, but this operation is not supported.
[04Apr2025 10:59:17.551] [Server thread/WARN] [net.minecraft.world.level.chunk.ChunkAccess/]: Trying to mark a block for PostProcessing @ MutableBlockPos{x=19, y=52, z=-10}, but this operation is not supported.
[04Apr2025 10:59:17.551] [Server thread/WARN] [net.minecraft.world.level.chunk.ChunkAccess/]: Trying to mark a block for PostProcessing @ MutableBlockPos{x=19, y=53, z=-10}, but this operation is not supported.
[04Apr2025 10:59:17.551] [Server thread/WARN] [net.minecraft.world.level.chunk.ChunkAccess/]: Trying to mark a block for PostProcessing @ MutableBlockPos{x=19, y=54, z=-10}, but this operation is not supported.
[04Apr2025 10:59:17.551] [Server thread/WARN] [net.minecraft.world.level.chunk.ChunkAccess/]: Trying to mark a block for PostProcessing @ MutableBlockPos{x=22, y=53, z=-10}, but this operation is not supported.
[04Apr2025 10:59:17.551] [Server thread/WARN] [net.minecraft.world.level.chunk.ChunkAccess/]: Trying to mark a block for PostProcessing @ MutableBlockPos{x=22, y=54, z=-10}, but this operation is not supported.
[04Apr2025 10:59:17.551] [Server thread/WARN] [net.minecraft.world.level.chunk.ChunkAccess/]: Trying to mark a block for PostProcessing @ MutableBlockPos{x=32, y=53, z=-14}, but this operation is not supported.
[04Apr2025 10:59:17.551] [Server thread/WARN] [net.minecraft.world.level.chunk.ChunkAccess/]: Trying to mark a block for PostProcessing @ MutableBlockPos{x=32, y=54, z=-14}, but this operation is not supported.
[04Apr2025 10:59:17.551] [Server thread/WARN] [net.minecraft.world.level.chunk.ChunkAccess/]: Trying to mark a block for PostProcessing @ MutableBlockPos{x=35, y=51, z=-14}, but this operation is not supported.
[04Apr2025 10:59:17.551] [Server thread/WARN] [net.minecraft.world.level.chunk.ChunkAccess/]: Trying to mark a block for PostProcessing @ MutableBlockPos{x=35, y=52, z=-14}, but this operation is not supported.
[04Apr2025 10:59:17.551] [Server thread/WARN] [net.minecraft.world.level.chunk.ChunkAccess/]: Trying to mark a block for PostProcessing @ MutableBlockPos{x=35, y=53, z=-14}, but this operation is not supported.
[04Apr2025 10:59:17.551] [Server thread/WARN] [net.minecraft.world.level.chunk.ChunkAccess/]: Trying to mark a block for PostProcessing @ MutableBlockPos{x=35, y=54, z=-14}, but this operation is not supported.
[04Apr2025 10:59:17.551] [Server thread/WARN] [net.minecraft.world.level.chunk.ChunkAccess/]: Trying to mark a block for PostProcessing @ MutableBlockPos{x=32, y=53, z=-10}, but this operation is not supported.
[04Apr2025 10:59:17.552] [Server thread/WARN] [net.minecraft.world.level.chunk.ChunkAccess/]: Trying to mark a block for PostProcessing @ MutableBlockPos{x=32, y=54, z=-10}, but this operation is not supported.
[04Apr2025 10:59:17.552] [Server thread/WARN] [net.minecraft.world.level.chunk.ChunkAccess/]: Trying to mark a block for PostProcessing @ MutableBlockPos{x=35, y=51, z=-10}, but this operation is not supported.
[04Apr2025 10:59:17.552] [Server thread/WARN] [net.minecraft.world.level.chunk.ChunkAccess/]: Trying to mark a block for PostProcessing @ MutableBlockPos{x=35, y=52, z=-10}, but this operation is not supported.
[04Apr2025 10:59:17.552] [Server thread/WARN] [net.minecraft.world.level.chunk.ChunkAccess/]: Trying to mark a block for PostProcessing @ MutableBlockPos{x=35, y=53, z=-10}, but this operation is not supported.
[04Apr2025 10:59:17.552] [Server thread/WARN] [net.minecraft.world.level.chunk.ChunkAccess/]: Trying to mark a block for PostProcessing @ MutableBlockPos{x=35, y=54, z=-10}, but this operation is not supported.
[04Apr2025 10:59:17.552] [Server thread/WARN] [net.minecraft.world.level.chunk.ChunkAccess/]: Trying to mark a block for PostProcessing @ MutableBlockPos{x=38, y=51, z=-14}, but this operation is not supported.
[04Apr2025 10:59:17.552] [Server thread/WARN] [net.minecraft.world.level.chunk.ChunkAccess/]: Trying to mark a block for PostProcessing @ MutableBlockPos{x=38, y=52, z=-14}, but this operation is not supported.
[04Apr2025 10:59:17.552] [Server thread/WARN] [net.minecraft.world.level.chunk.ChunkAccess/]: Trying to mark a block for PostProcessing @ MutableBlockPos{x=38, y=53, z=-14}, but this operation is not supported.
[04Apr2025 10:59:17.552] [Server thread/WARN] [net.minecraft.world.level.chunk.ChunkAccess/]: Trying to mark a block for PostProcessing @ MutableBlockPos{x=38, y=54, z=-14}, but this operation is not supported.
[04Apr2025 10:59:17.552] [Server thread/WARN] [net.minecraft.world.level.chunk.ChunkAccess/]: Trying to mark a block for PostProcessing @ MutableBlockPos{x=41, y=53, z=-14}, but this operation is not supported.
[04Apr2025 10:59:17.552] [Server thread/WARN] [net.minecraft.world.level.chunk.ChunkAccess/]: Trying to mark a block for PostProcessing @ MutableBlockPos{x=41, y=54, z=-14}, but this operation is not supported.
[04Apr2025 10:59:17.552] [Server thread/WARN] [net.minecraft.world.level.chunk.ChunkAccess/]: Trying to mark a block for PostProcessing @ MutableBlockPos{x=38, y=51, z=-10}, but this operation is not supported.
[04Apr2025 10:59:17.552] [Server thread/WARN] [net.minecraft.world.level.chunk.ChunkAccess/]: Trying to mark a block for PostProcessing @ MutableBlockPos{x=38, y=52, z=-10}, but this operation is not supported.
[04Apr2025 10:59:17.552] [Server thread/WARN] [net.minecraft.world.level.chunk.ChunkAccess/]: Trying to mark a block for PostProcessing @ MutableBlockPos{x=38, y=53, z=-10}, but this operation is not supported.
[04Apr2025 10:59:17.553] [Server thread/WARN] [net.minecraft.world.level.chunk.ChunkAccess/]: Trying to mark a block for PostProcessing @ MutableBlockPos{x=38, y=54, z=-10}, but this operation is not supported.
[04Apr2025 10:59:17.553] [Server thread/WARN] [net.minecraft.world.level.chunk.ChunkAccess/]: Trying to mark a block for PostProcessing @ MutableBlockPos{x=41, y=53, z=-10}, but this operation is not supported.
[04Apr2025 10:59:17.553] [Server thread/WARN] [net.minecraft.world.level.chunk.ChunkAccess/]: Trying to mark a block for PostProcessing @ MutableBlockPos{x=41, y=54, z=-10}, but this operation is not supported.
[04Apr2025 10:59:17.553] [Server thread/WARN] [net.minecraft.world.level.chunk.ChunkAccess/]: Trying to mark a block for PostProcessing @ MutableBlockPos{x=51, y=53, z=-14}, but this operation is not supported.
[04Apr2025 10:59:17.553] [Server thread/WARN] [net.minecraft.world.level.chunk.ChunkAccess/]: Trying to mark a block for PostProcessing @ MutableBlockPos{x=51, y=54, z=-14}, but this operation is not supported.
[04Apr2025 10:59:17.553] [Server thread/WARN] [net.minecraft.world.level.chunk.ChunkAccess/]: Trying to mark a block for PostProcessing @ MutableBlockPos{x=54, y=51, z=-14}, but this operation is not supported.
[04Apr2025 10:59:17.553] [Server thread/WARN] [net.minecraft.world.level.chunk.ChunkAccess/]: Trying to mark a block for PostProcessing @ MutableBlockPos{x=54, y=52, z=-14}, but this operation is not supported.
[04Apr2025 10:59:17.553] [Server thread/WARN] [net.minecraft.world.level.chunk.ChunkAccess/]: Trying to mark a block for PostProcessing @ MutableBlockPos{x=54, y=53, z=-14}, but this operation is not supported.
[04Apr2025 10:59:17.553] [Server thread/WARN] [net.minecraft.world.level.chunk.ChunkAccess/]: Trying to mark a block for PostProcessing @ MutableBlockPos{x=54, y=54, z=-14}, but this operation is not supported.
[04Apr2025 10:59:17.553] [Server thread/WARN] [net.minecraft.world.level.chunk.ChunkAccess/]: Trying to mark a block for PostProcessing @ MutableBlockPos{x=51, y=53, z=-10}, but this operation is not supported.
[04Apr2025 10:59:17.553] [Server thread/WARN] [net.minecraft.world.level.chunk.ChunkAccess/]: Trying to mark a block for PostProcessing @ MutableBlockPos{x=51, y=54, z=-10}, but this operation is not supported.
[04Apr2025 10:59:17.554] [Server thread/WARN] [net.minecraft.world.level.chunk.ChunkAccess/]: Trying to mark a block for PostProcessing @ MutableBlockPos{x=54, y=51, z=-10}, but this operation is not supported.
[04Apr2025 10:59:17.554] [Server thread/WARN] [net.minecraft.world.level.chunk.ChunkAccess/]: Trying to mark a block for PostProcessing @ MutableBlockPos{x=54, y=52, z=-10}, but this operation is not supported.
[04Apr2025 10:59:17.554] [Server thread/WARN] [net.minecraft.world.level.chunk.ChunkAccess/]: Trying to mark a block for PostProcessing @ MutableBlockPos{x=54, y=53, z=-10}, but this operation is not supported.
[04Apr2025 10:59:17.554] [Server thread/WARN] [net.minecraft.world.level.chunk.ChunkAccess/]: Trying to mark a block for PostProcessing @ MutableBlockPos{x=54, y=54, z=-10}, but this operation is not supported.
[04Apr2025 10:59:17.554] [Server thread/WARN] [net.minecraft.world.level.chunk.ChunkAccess/]: Trying to mark a block for PostProcessing @ MutableBlockPos{x=57, y=51, z=-14}, but this operation is not supported.
[04Apr2025 10:59:17.554] [Server thread/WARN] [net.minecraft.world.level.chunk.ChunkAccess/]: Trying to mark a block for PostProcessing @ MutableBlockPos{x=57, y=52, z=-14}, but this operation is not supported.
[04Apr2025 10:59:17.554] [Server thread/WARN] [net.minecraft.world.level.chunk.ChunkAccess/]: Trying to mark a block for PostProcessing @ MutableBlockPos{x=57, y=53, z=-14}, but this operation is not supported.
[04Apr2025 10:59:17.555] [Server thread/WARN] [net.minecraft.world.level.chunk.ChunkAccess/]: Trying to mark a block for PostProcessing @ MutableBlockPos{x=57, y=54, z=-14}, but this operation is not supported.
[04Apr2025 10:59:17.555] [Server thread/WARN] [net.minecraft.world.level.chunk.ChunkAccess/]: Trying to mark a block for PostProcessing @ MutableBlockPos{x=60, y=53, z=-14}, but this operation is not supported.
[04Apr2025 10:59:17.555] [Server thread/WARN] [net.minecraft.world.level.chunk.ChunkAccess/]: Trying to mark a block for PostProcessing @ MutableBlockPos{x=60, y=54, z=-14}, but this operation is not supported.
[04Apr2025 10:59:17.555] [Server thread/WARN] [net.minecraft.world.level.chunk.ChunkAccess/]: Trying to mark a block for PostProcessing @ MutableBlockPos{x=57, y=51, z=-10}, but this operation is not supported.
[04Apr2025 10:59:17.555] [Server thread/WARN] [net.minecraft.world.level.chunk.ChunkAccess/]: Trying to mark a block for PostProcessing @ MutableBlockPos{x=57, y=52, z=-10}, but this operation is not supported.
[04Apr2025 10:59:17.555] [Server thread/WARN] [net.minecraft.world.level.chunk.ChunkAccess/]: Trying to mark a block for PostProcessing @ MutableBlockPos{x=57, y=53, z=-10}, but this operation is not supported.
[04Apr2025 10:59:17.555] [Server thread/WARN] [net.minecraft.world.level.chunk.ChunkAccess/]: Trying to mark a block for PostProcessing @ MutableBlockPos{x=57, y=54, z=-10}, but this operation is not supported.
[04Apr2025 10:59:17.555] [Server thread/WARN] [net.minecraft.world.level.chunk.ChunkAccess/]: Trying to mark a block for PostProcessing @ MutableBlockPos{x=60, y=53, z=-10}, but this operation is not supported.
[04Apr2025 10:59:17.555] [Server thread/WARN] [net.minecraft.world.level.chunk.ChunkAccess/]: Trying to mark a block for PostProcessing @ MutableBlockPos{x=60, y=54, z=-10}, but this operation is not supported.
[04Apr2025 10:59:17.556] [Server thread/WARN] [net.minecraft.world.level.chunk.ChunkAccess/]: Trying to mark a block for PostProcessing @ MutableBlockPos{x=70, y=53, z=-14}, but this operation is not supported.
[04Apr2025 10:59:17.556] [Server thread/WARN] [net.minecraft.world.level.chunk.ChunkAccess/]: Trying to mark a block for PostProcessing @ MutableBlockPos{x=70, y=54, z=-14}, but this operation is not supported.
[04Apr2025 10:59:17.556] [Server thread/WARN] [net.minecraft.world.level.chunk.ChunkAccess/]: Trying to mark a block for PostProcessing @ MutableBlockPos{x=73, y=51, z=-14}, but this operation is not supported.
[04Apr2025 10:59:17.556] [Server thread/WARN] [net.minecraft.world.level.chunk.ChunkAccess/]: Trying to mark a block for PostProcessing @ MutableBlockPos{x=73, y=52, z=-14}, but this operation is not supported.
[04Apr2025 10:59:17.556] [Server thread/WARN] [net.minecraft.world.level.chunk.ChunkAccess/]: Trying to mark a block for PostProcessing @ MutableBlockPos{x=73, y=53, z=-14}, but this operation is not supported.
[04Apr2025 10:59:17.556] [Server thread/WARN] [net.minecraft.world.level.chunk.ChunkAccess/]: Trying to mark a block for PostProcessing @ MutableBlockPos{x=73, y=54, z=-14}, but this operation is not supported.
[04Apr2025 10:59:17.556] [Server thread/WARN] [net.minecraft.world.level.chunk.ChunkAccess/]: Trying to mark a block for PostProcessing @ MutableBlockPos{x=70, y=53, z=-10}, but this operation is not supported.
[04Apr2025 10:59:17.556] [Server thread/WARN] [net.minecraft.world.level.chunk.ChunkAccess/]: Trying to mark a block for PostProcessing @ MutableBlockPos{x=70, y=54, z=-10}, but this operation is not supported.
[04Apr2025 10:59:17.556] [Server thread/WARN] [net.minecraft.world.level.chunk.ChunkAccess/]: Trying to mark a block for PostProcessing @ MutableBlockPos{x=73, y=51, z=-10}, but this operation is not supported.
[04Apr2025 10:59:17.556] [Server thread/WARN] [net.minecraft.world.level.chunk.ChunkAccess/]: Trying to mark a block for PostProcessing @ MutableBlockPos{x=73, y=52, z=-10}, but this operation is not supported.
[04Apr2025 10:59:17.556] [Server thread/WARN] [net.minecraft.world.level.chunk.ChunkAccess/]: Trying to mark a block for PostProcessing @ MutableBlockPos{x=73, y=53, z=-10}, but this operation is not supported.
[04Apr2025 10:59:17.556] [Server thread/WARN] [net.minecraft.world.level.chunk.ChunkAccess/]: Trying to mark a block for PostProcessing @ MutableBlockPos{x=73, y=54, z=-10}, but this operation is not supported.
[04Apr2025 10:59:17.557] [Server thread/WARN] [net.minecraft.world.level.chunk.ChunkAccess/]: Trying to mark a block for PostProcessing @ MutableBlockPos{x=-115, y=53, z=12}, but this operation is not supported.
[04Apr2025 10:59:17.557] [Server thread/WARN] [net.minecraft.world.level.chunk.ChunkAccess/]: Trying to mark a block for PostProcessing @ MutableBlockPos{x=-115, y=54, z=12}, but this operation is not supported.
[04Apr2025 10:59:17.558] [Server thread/WARN] [net.minecraft.world.level.chunk.ChunkAccess/]: Trying to mark a block for PostProcessing @ MutableBlockPos{x=-125, y=53, z=12}, but this operation is not supported.
[04Apr2025 10:59:17.558] [Server thread/WARN] [net.minecraft.world.level.chunk.ChunkAccess/]: Trying to mark a block for PostProcessing @ MutableBlockPos{x=-125, y=54, z=12}, but this operation is not supported.
[04Apr2025 10:59:17.558] [Server thread/WARN] [net.minecraft.world.level.chunk.ChunkAccess/]: Trying to mark a block for PostProcessing @ MutableBlockPos{x=-128, y=51, z=12}, but this operation is not supported.
[04Apr2025 10:59:17.558] [Server thread/WARN] [net.minecraft.world.level.chunk.ChunkAccess/]: Trying to mark a block for PostProcessing @ MutableBlockPos{x=-128, y=52, z=12}, but this operation is not supported.
[04Apr2025 10:59:17.558] [Server thread/WARN] [net.minecraft.world.level.chunk.ChunkAccess/]: Trying to mark a block for PostProcessing @ MutableBlockPos{x=-128, y=53, z=12}, but this operation is not supported.
[04Apr2025 10:59:17.558] [Server thread/WARN] [net.minecraft.world.level.chunk.ChunkAccess/]: Trying to mark a block for PostProcessing @ MutableBlockPos{x=-128, y=54, z=12}, but this operation is not supported.
[04Apr2025 10:59:17.559] [Server thread/WARN] [net.minecraft.world.level.chunk.ChunkAccess/]: Trying to mark a block for PostProcessing @ MutableBlockPos{x=-106, y=53, z=12}, but this operation is not supported.
[04Apr2025 10:59:17.559] [Server thread/WARN] [net.minecraft.world.level.chunk.ChunkAccess/]: Trying to mark a block for PostProcessing @ MutableBlockPos{x=-106, y=54, z=12}, but this operation is not supported.
[04Apr2025 10:59:17.559] [Server thread/WARN] [net.minecraft.world.level.chunk.ChunkAccess/]: Trying to mark a block for PostProcessing @ MutableBlockPos{x=-109, y=51, z=12}, but this operation is not supported.
[04Apr2025 10:59:17.559] [Server thread/WARN] [net.minecraft.world.level.chunk.ChunkAccess/]: Trying to mark a block for PostProcessing @ MutableBlockPos{x=-109, y=52, z=12}, but this operation is not supported.
[04Apr2025 10:59:17.559] [Server thread/WARN] [net.minecraft.world.level.chunk.ChunkAccess/]: Trying to mark a block for PostProcessing @ MutableBlockPos{x=-109, y=53, z=12}, but this operation is not supported.
[04Apr2025 10:59:17.559] [Server thread/WARN] [net.minecraft.world.level.chunk.ChunkAccess/]: Trying to mark a block for PostProcessing @ MutableBlockPos{x=-109, y=54, z=12}, but this operation is not supported.
[04Apr2025 10:59:17.559] [Server thread/WARN] [net.minecraft.world.level.chunk.ChunkAccess/]: Trying to mark a block for PostProcessing @ MutableBlockPos{x=-112, y=51, z=12}, but this operation is not supported.
[04Apr2025 10:59:17.559] [Server thread/WARN] [net.minecraft.world.level.chunk.ChunkAccess/]: Trying to mark a block for PostProcessing @ MutableBlockPos{x=-112, y=52, z=12}, but this operation is not supported.
[04Apr2025 10:59:17.559] [Server thread/WARN] [net.minecraft.world.level.chunk.ChunkAccess/]: Trying to mark a block for PostProcessing @ MutableBlockPos{x=-112, y=53, z=12}, but this operation is not supported.
[04Apr2025 10:59:17.559] [Server thread/WARN] [net.minecraft.world.level.chunk.ChunkAccess/]: Trying to mark a block for PostProcessing @ MutableBlockPos{x=-112, y=54, z=12}, but this operation is not supported.
[04Apr2025 10:59:17.560] [Server thread/WARN] [net.minecraft.world.level.chunk.ChunkAccess/]: Trying to mark a block for PostProcessing @ MutableBlockPos{x=-87, y=53, z=12}, but this operation is not supported.
[04Apr2025 10:59:17.560] [Server thread/WARN] [net.minecraft.world.level.chunk.ChunkAccess/]: Trying to mark a block for PostProcessing @ MutableBlockPos{x=-87, y=54, z=12}, but this operation is not supported.
[04Apr2025 10:59:17.560] [Server thread/WARN] [net.minecraft.world.level.chunk.ChunkAccess/]: Trying to mark a block for PostProcessing @ MutableBlockPos{x=-90, y=51, z=12}, but this operation is not supported.
[04Apr2025 10:59:17.560] [Server thread/WARN] [net.minecraft.world.level.chunk.ChunkAccess/]: Trying to mark a block for PostProcessing @ MutableBlockPos{x=-90, y=52, z=12}, but this operation is not supported.
[04Apr2025 10:59:17.560] [Server thread/WARN] [net.minecraft.world.level.chunk.ChunkAccess/]: Trying to mark a block for PostProcessing @ MutableBlockPos{x=-90, y=53, z=12}, but this operation is not supported.
[04Apr2025 10:59:17.560] [Server thread/WARN] [net.minecraft.world.level.chunk.ChunkAccess/]: Trying to mark a block for PostProcessing @ MutableBlockPos{x=-90, y=54, z=12}, but this operation is not supported.
[04Apr2025 10:59:17.560] [Server thread/WARN] [net.minecraft.world.level.chunk.ChunkAccess/]: Trying to mark a block for PostProcessing @ MutableBlockPos{x=-93, y=51, z=12}, but this operation is not supported.
[04Apr2025 10:59:17.560] [Server thread/WARN] [net.minecraft.world.level.chunk.ChunkAccess/]: Trying to mark a block for PostProcessing @ MutableBlockPos{x=-93, y=52, z=12}, but this operation is not supported.
[04Apr2025 10:59:17.560] [Server thread/WARN] [net.minecraft.world.level.chunk.ChunkAccess/]: Trying to mark a block for PostProcessing @ MutableBlockPos{x=-93, y=53, z=12}, but this operation is not supported.
[04Apr2025 10:59:17.560] [Server thread/WARN] [net.minecraft.world.level.chunk.ChunkAccess/]: Trying to mark a block for PostProcessing @ MutableBlockPos{x=-93, y=54, z=12}, but this operation is not supported.
[04Apr2025 10:59:17.560] [Server thread/WARN] [net.minecraft.world.level.chunk.ChunkAccess/]: Trying to mark a block for PostProcessing @ MutableBlockPos{x=-96, y=53, z=12}, but this operation is not supported.
[04Apr2025 10:59:17.560] [Server thread/WARN] [net.minecraft.world.level.chunk.ChunkAccess/]: Trying to mark a block for PostProcessing @ MutableBlockPos{x=-96, y=54, z=12}, but this operation is not supported.
[04Apr2025 10:59:17.561] [Server thread/WARN] [net.minecraft.world.level.chunk.ChunkAccess/]: Trying to mark a block for PostProcessing @ MutableBlockPos{x=-74, y=51, z=12}, but this operation is not supported.
[04Apr2025 10:59:17.561] [Server thread/WARN] [net.minecraft.world.level.chunk.ChunkAccess/]: Trying to mark a block for PostProcessing @ MutableBlockPos{x=-74, y=52, z=12}, but this operation is not supported.
[04Apr2025 10:59:17.561] [Server thread/WARN] [net.minecraft.world.level.chunk.ChunkAccess/]: Trying to mark a block for PostProcessing @ MutableBlockPos{x=-74, y=53, z=12}, but this operation is not supported.
[04Apr2025 10:59:17.561] [Server thread/WARN] [net.minecraft.world.level.chunk.ChunkAccess/]: Trying to mark a block for PostProcessing @ MutableBlockPos{x=-74, y=54, z=12}, but this operation is not supported.
[04Apr2025 10:59:17.561] [Server thread/WARN] [net.minecraft.world.level.chunk.ChunkAccess/]: Trying to mark a block for PostProcessing @ MutableBlockPos{x=-77, y=53, z=12}, but this operation is not supported.
[04Apr2025 10:59:17.561] [Server thread/WARN] [net.minecraft.world.level.chunk.ChunkAccess/]: Trying to mark a block for PostProcessing @ MutableBlockPos{x=-77, y=54, z=12}, but this operation is not supported.
[04Apr2025 10:59:17.563] [Server thread/WARN] [net.minecraft.world.level.chunk.ChunkAccess/]: Trying to mark a block for PostProcessing @ MutableBlockPos{x=-68, y=60, z=4}, but this operation is not supported.
[04Apr2025 10:59:17.563] [Server thread/WARN] [net.minecraft.world.level.chunk.ChunkAccess/]: Trying to mark a block for PostProcessing @ MutableBlockPos{x=-68, y=61, z=4}, but this operation is not supported.
[04Apr2025 10:59:17.563] [Server thread/WARN] [net.minecraft.world.level.chunk.ChunkAccess/]: Trying to mark a block for PostProcessing @ MutableBlockPos{x=-69, y=60, z=3}, but this operation is not supported.
[04Apr2025 10:59:17.563] [Server thread/WARN] [net.minecraft.world.level.chunk.ChunkAccess/]: Trying to mark a block for PostProcessing @ MutableBlockPos{x=-69, y=61, z=3}, but this operation is not supported.
[04Apr2025 10:59:17.563] [Server thread/WARN] [net.minecraft.world.level.chunk.ChunkAccess/]: Trying to mark a block for PostProcessing @ MutableBlockPos{x=-67, y=63, z=4}, but this operation is not supported.
[04Apr2025 10:59:17.563] [Server thread/WARN] [net.minecraft.world.level.chunk.ChunkAccess/]: Trying to mark a block for PostProcessing @ MutableBlockPos{x=-69, y=63, z=2}, but this operation is not supported.
[04Apr2025 10:59:17.563] [Server thread/WARN] [net.minecraft.world.level.chunk.ChunkAccess/]: Trying to mark a block for PostProcessing @ MutableBlockPos{x=-66, y=60, z=4}, but this operation is not supported.
[04Apr2025 10:59:17.563] [Server thread/WARN] [net.minecraft.world.level.chunk.ChunkAccess/]: Trying to mark a block for PostProcessing @ MutableBlockPos{x=-66, y=61, z=4}, but this operation is not supported.
[04Apr2025 10:59:17.563] [Server thread/WARN] [net.minecraft.world.level.chunk.ChunkAccess/]: Trying to mark a block for PostProcessing @ MutableBlockPos{x=-69, y=60, z=1}, but this operation is not supported.
[04Apr2025 10:59:17.563] [Server thread/WARN] [net.minecraft.world.level.chunk.ChunkAccess/]: Trying to mark a block for PostProcessing @ MutableBlockPos{x=-69, y=61, z=1}, but this operation is not supported.
[04Apr2025 10:59:17.563] [Server thread/WARN] [net.minecraft.world.level.chunk.ChunkAccess/]: Trying to mark a block for PostProcessing @ MutableBlockPos{x=-65, y=63, z=4}, but this operation is not supported.
[04Apr2025 10:59:17.563] [Server thread/WARN] [net.minecraft.world.level.chunk.ChunkAccess/]: Trying to mark a block for PostProcessing @ MutableBlockPos{x=-69, y=63, z=0}, but this operation is not supported.
[04Apr2025 10:59:17.563] [Server thread/WARN] [net.minecraft.world.level.chunk.ChunkAccess/]: Trying to mark a block for PostProcessing @ MutableBlockPos{x=-69, y=63, z=4}, but this operation is not supported.
[04Apr2025 10:59:17.563] [Server thread/WARN] [net.minecraft.world.level.chunk.ChunkAccess/]: Trying to mark a block for PostProcessing @ MutableBlockPos{x=-68, y=57, z=1}, but this operation is not supported.
[04Apr2025 10:59:17.563] [Server thread/WARN] [net.minecraft.world.level.chunk.ChunkAccess/]: Trying to mark a block for PostProcessing @ MutableBlockPos{x=-68, y=58, z=1}, but this operation is not supported.
[04Apr2025 10:59:17.564] [Server thread/WARN] [net.minecraft.world.level.chunk.ChunkAccess/]: Trying to mark a block for PostProcessing @ MutableBlockPos{x=-49, y=53, z=12}, but this operation is not supported.
[04Apr2025 10:59:17.564] [Server thread/WARN] [net.minecraft.world.level.chunk.ChunkAccess/]: Trying to mark a block for PostProcessing @ MutableBlockPos{x=-49, y=54, z=12}, but this operation is not supported.
[04Apr2025 10:59:17.564] [Server thread/WARN] [net.minecraft.world.level.chunk.ChunkAccess/]: Trying to mark a block for PostProcessing @ MutableBlockPos{x=-52, y=51, z=12}, but this operation is not supported.
[04Apr2025 10:59:17.564] [Server thread/WARN] [net.minecraft.world.level.chunk.ChunkAccess/]: Trying to mark a block for PostProcessing @ MutableBlockPos{x=-52, y=52, z=12}, but this operation is not supported.
[04Apr2025 10:59:17.564] [Server thread/WARN] [net.minecraft.world.level.chunk.ChunkAccess/]: Trying to mark a block for PostProcessing @ MutableBlockPos{x=-52, y=53, z=12}, but this operation is not supported.
[04Apr2025 10:59:17.564] [Server thread/WARN] [net.minecraft.world.level.chunk.ChunkAccess/]: Trying to mark a block for PostProcessing @ MutableBlockPos{x=-52, y=54, z=12}, but this operation is not supported.
[04Apr2025 10:59:17.567] [Server thread/WARN] [net.minecraft.world.level.chunk.ChunkAccess/]: Trying to mark a block for PostProcessing @ MutableBlockPos{x=-64, y=58, z=4}, but this operation is not supported.
[04Apr2025 10:59:17.567] [Server thread/WARN] [net.minecraft.world.level.chunk.ChunkAccess/]: Trying to mark a block for PostProcessing @ MutableBlockPos{x=-63, y=58, z=4}, but this operation is not supported.
[04Apr2025 10:59:17.567] [Server thread/WARN] [net.minecraft.world.level.chunk.ChunkAccess/]: Trying to mark a block for PostProcessing @ MutableBlockPos{x=-62, y=58, z=4}, but this operation is not supported.
[04Apr2025 10:59:17.567] [Server thread/WARN] [net.minecraft.world.level.chunk.ChunkAccess/]: Trying to mark a block for PostProcessing @ MutableBlockPos{x=-57, y=60, z=3}, but this operation is not supported.
[04Apr2025 10:59:17.567] [Server thread/WARN] [net.minecraft.world.level.chunk.ChunkAccess/]: Trying to mark a block for PostProcessing @ MutableBlockPos{x=-57, y=61, z=3}, but this operation is not supported.
[04Apr2025 10:59:17.567] [Server thread/WARN] [net.minecraft.world.level.chunk.ChunkAccess/]: Trying to mark a block for PostProcessing @ MutableBlockPos{x=-57, y=63, z=2}, but this operation is not supported.
[04Apr2025 10:59:17.567] [Server thread/WARN] [net.minecraft.world.level.chunk.ChunkAccess/]: Trying to mark a block for PostProcessing @ MutableBlockPos{x=-57, y=60, z=1}, but this operation is not supported.
[04Apr2025 10:59:17.567] [Server thread/WARN] [net.minecraft.world.level.chunk.ChunkAccess/]: Trying to mark a block for PostProcessing @ MutableBlockPos{x=-57, y=61, z=1}, but this operation is not supported.
[04Apr2025 10:59:17.567] [Server thread/WARN] [net.minecraft.world.level.chunk.ChunkAccess/]: Trying to mark a block for PostProcessing @ MutableBlockPos{x=-57, y=63, z=0}, but this operation is not supported.
[04Apr2025 10:59:17.567] [Server thread/WARN] [net.minecraft.world.level.chunk.ChunkAccess/]: Trying to mark a block for PostProcessing @ MutableBlockPos{x=-64, y=60, z=4}, but this operation is not supported.
[04Apr2025 10:59:17.567] [Server thread/WARN] [net.minecraft.world.level.chunk.ChunkAccess/]: Trying to mark a block for PostProcessing @ MutableBlockPos{x=-64, y=61, z=4}, but this operation is not supported.
[04Apr2025 10:59:17.567] [Server thread/WARN] [net.minecraft.world.level.chunk.ChunkAccess/]: Trying to mark a block for PostProcessing @ MutableBlockPos{x=-63, y=63, z=4}, but this operation is not supported.
[04Apr2025 10:59:17.567] [Server thread/WARN] [net.minecraft.world.level.chunk.ChunkAccess/]: Trying to mark a block for PostProcessing @ MutableBlockPos{x=-62, y=60, z=4}, but this operation is not supported.
[04Apr2025 10:59:17.567] [Server thread/WARN] [net.minecraft.world.level.chunk.ChunkAccess/]: Trying to mark a block for PostProcessing @ MutableBlockPos{x=-62, y=61, z=4}, but this operation is not supported.
[04Apr2025 10:59:17.567] [Server thread/WARN] [net.minecraft.world.level.chunk.ChunkAccess/]: Trying to mark a block for PostProcessing @ MutableBlockPos{x=-61, y=63, z=4}, but this operation is not supported.
[04Apr2025 10:59:17.567] [Server thread/WARN] [net.minecraft.world.level.chunk.ChunkAccess/]: Trying to mark a block for PostProcessing @ MutableBlockPos{x=-60, y=60, z=4}, but this operation is not supported.
[04Apr2025 10:59:17.567] [Server thread/WARN] [net.minecraft.world.level.chunk.ChunkAccess/]: Trying to mark a block for PostProcessing @ MutableBlockPos{x=-60, y=61, z=4}, but this operation is not supported.
[04Apr2025 10:59:17.567] [Server thread/WARN] [net.minecraft.world.level.chunk.ChunkAccess/]: Trying to mark a block for PostProcessing @ MutableBlockPos{x=-59, y=63, z=4}, but this operation is not supported.
[04Apr2025 10:59:17.568] [Server thread/WARN] [net.minecraft.world.level.chunk.ChunkAccess/]: Trying to mark a block for PostProcessing @ MutableBlockPos{x=-58, y=60, z=4}, but this operation is not supported.
[04Apr2025 10:59:17.568] [Server thread/WARN] [net.minecraft.world.level.chunk.ChunkAccess/]: Trying to mark a block for PostProcessing @ MutableBlockPos{x=-58, y=61, z=4}, but this operation is not supported.
[04Apr2025 10:59:17.568] [Server thread/WARN] [net.minecraft.world.level.chunk.ChunkAccess/]: Trying to mark a block for PostProcessing @ MutableBlockPos{x=-57, y=63, z=4}, but this operation is not supported.
[04Apr2025 10:59:17.568] [Server thread/WARN] [net.minecraft.world.level.chunk.ChunkAccess/]: Trying to mark a block for PostProcessing @ MutableBlockPos{x=-58, y=57, z=1}, but this operation is not supported.
[04Apr2025 10:59:17.568] [Server thread/WARN] [net.minecraft.world.level.chunk.ChunkAccess/]: Trying to mark a block for PostProcessing @ MutableBlockPos{x=-58, y=58, z=1}, but this operation is not supported.
[04Apr2025 10:59:17.568] [Server thread/WARN] [net.minecraft.world.level.chunk.ChunkAccess/]: Trying to mark a block for PostProcessing @ MutableBlockPos{x=-33, y=51, z=12}, but this operation is not supported.
[04Apr2025 10:59:17.568] [Server thread/WARN] [net.minecraft.world.level.chunk.ChunkAccess/]: Trying to mark a block for PostProcessing @ MutableBlockPos{x=-33, y=52, z=12}, but this operation is not supported.
[04Apr2025 10:59:17.568] [Server thread/WARN] [net.minecraft.world.level.chunk.ChunkAccess/]: Trying to mark a block for PostProcessing @ MutableBlockPos{x=-33, y=53, z=12}, but this operation is not supported.
[04Apr2025 10:59:17.568] [Server thread/WARN] [net.minecraft.world.level.chunk.ChunkAccess/]: Trying to mark a block for PostProcessing @ MutableBlockPos{x=-33, y=54, z=12}, but this operation is not supported.
[04Apr2025 10:59:17.569] [Server thread/WARN] [net.minecraft.world.level.chunk.ChunkAccess/]: Trying to mark a block for PostProcessing @ MutableBlockPos{x=-36, y=51, z=12}, but this operation is not supported.
[04Apr2025 10:59:17.569] [Server thread/WARN] [net.minecraft.world.level.chunk.ChunkAccess/]: Trying to mark a block for PostProcessing @ MutableBlockPos{x=-36, y=52, z=12}, but this operation is not supported.
[04Apr2025 10:59:17.569] [Server thread/WARN] [net.minecraft.world.level.chunk.ChunkAccess/]: Trying to mark a block for PostProcessing @ MutableBlockPos{x=-36, y=53, z=12}, but this operation is not supported.
[04Apr2025 10:59:17.569] [Server thread/WARN] [net.minecraft.world.level.chunk.ChunkAccess/]: Trying to mark a block for PostProcessing @ MutableBlockPos{x=-36, y=54, z=12}, but this operation is not supported.
[04Apr2025 10:59:17.569] [Server thread/WARN] [net.minecraft.world.level.chunk.ChunkAccess/]: Trying to mark a block for PostProcessing @ MutableBlockPos{x=-39, y=53, z=12}, but this operation is not supported.
[04Apr2025 10:59:17.569] [Server thread/WARN] [net.minecraft.world.level.chunk.ChunkAccess/]: Trying to mark a block for PostProcessing @ MutableBlockPos{x=-39, y=54, z=12}, but this operation is not supported.
[04Apr2025 10:59:17.570] [Server thread/WARN] [net.minecraft.world.level.chunk.ChunkAccess/]: Trying to mark a block for PostProcessing @ MutableBlockPos{x=-17, y=51, z=12}, but this operation is not supported.
[04Apr2025 10:59:17.570] [Server thread/WARN] [net.minecraft.world.level.chunk.ChunkAccess/]: Trying to mark a block for PostProcessing @ MutableBlockPos{x=-17, y=52, z=12}, but this operation is not supported.
[04Apr2025 10:59:17.570] [Server thread/WARN] [net.minecraft.world.level.chunk.ChunkAccess/]: Trying to mark a block for PostProcessing @ MutableBlockPos{x=-17, y=53, z=12}, but this operation is not supported.
[04Apr2025 10:59:17.570] [Server thread/WARN] [net.minecraft.world.level.chunk.ChunkAccess/]: Trying to mark a block for PostProcessing @ MutableBlockPos{x=-17, y=54, z=12}, but this operation is not supported.
[04Apr2025 10:59:17.570] [Server thread/WARN] [net.minecraft.world.level.chunk.ChunkAccess/]: Trying to mark a block for PostProcessing @ MutableBlockPos{x=-20, y=53, z=12}, but this operation is not supported.
[04Apr2025 10:59:17.570] [Server thread/WARN] [net.minecraft.world.level.chunk.ChunkAccess/]: Trying to mark a block for PostProcessing @ MutableBlockPos{x=-20, y=54, z=12}, but this operation is not supported.
[04Apr2025 10:59:17.570] [Server thread/WARN] [net.minecraft.world.level.chunk.ChunkAccess/]: Trying to mark a block for PostProcessing @ MutableBlockPos{x=-30, y=53, z=12}, but this operation is not supported.
[04Apr2025 10:59:17.570] [Server thread/WARN] [net.minecraft.world.level.chunk.ChunkAccess/]: Trying to mark a block for PostProcessing @ MutableBlockPos{x=-30, y=54, z=12}, but this operation is not supported.
[04Apr2025 10:59:17.571] [Server thread/WARN] [net.minecraft.world.level.chunk.ChunkAccess/]: Trying to mark a block for PostProcessing @ MutableBlockPos{x=-6, y=58, z=11}, but this operation is not supported.
[04Apr2025 10:59:17.571] [Server thread/WARN] [net.minecraft.world.level.chunk.ChunkAccess/]: Trying to mark a block for PostProcessing @ MutableBlockPos{x=-5, y=58, z=11}, but this operation is not supported.
[04Apr2025 10:59:17.571] [Server thread/WARN] [net.minecraft.world.level.chunk.ChunkAccess/]: Trying to mark a block for PostProcessing @ MutableBlockPos{x=-4, y=58, z=11}, but this operation is not supported.
[04Apr2025 10:59:17.571] [Server thread/WARN] [net.minecraft.world.level.chunk.ChunkAccess/]: Trying to mark a block for PostProcessing @ MutableBlockPos{x=-8, y=58, z=15}, but this operation is not supported.
[04Apr2025 10:59:17.571] [Server thread/WARN] [net.minecraft.world.level.chunk.ChunkAccess/]: Trying to mark a block for PostProcessing @ MutableBlockPos{x=-8, y=58, z=14}, but this operation is not supported.
[04Apr2025 10:59:17.571] [Server thread/WARN] [net.minecraft.world.level.chunk.ChunkAccess/]: Trying to mark a block for PostProcessing @ MutableBlockPos{x=-8, y=58, z=13}, but this operation is not supported.
[04Apr2025 10:59:17.571] [Server thread/WARN] [net.minecraft.world.level.chunk.ChunkAccess/]: Trying to mark a block for PostProcessing @ MutableBlockPos{x=-2, y=58, z=15}, but this operation is not supported.
[04Apr2025 10:59:17.571] [Server thread/WARN] [net.minecraft.world.level.chunk.ChunkAccess/]: Trying to mark a block for PostProcessing @ MutableBlockPos{x=-2, y=58, z=14}, but this operation is not supported.
[04Apr2025 10:59:17.571] [Server thread/WARN] [net.minecraft.world.level.chunk.ChunkAccess/]: Trying to mark a block for PostProcessing @ MutableBlockPos{x=-2, y=58, z=13}, but this operation is not supported.
[04Apr2025 10:59:17.573] [Server thread/WARN] [net.minecraft.world.level.chunk.ChunkAccess/]: Trying to mark a block for PostProcessing @ MutableBlockPos{x=-7, y=51, z=9}, but this operation is not supported.
[04Apr2025 10:59:17.573] [Server thread/WARN] [net.minecraft.world.level.chunk.ChunkAccess/]: Trying to mark a block for PostProcessing @ MutableBlockPos{x=-7, y=52, z=9}, but this operation is not supported.
[04Apr2025 10:59:17.573] [Server thread/WARN] [net.minecraft.world.level.chunk.ChunkAccess/]: Trying to mark a block for PostProcessing @ MutableBlockPos{x=-7, y=53, z=9}, but this operation is not supported.
[04Apr2025 10:59:17.573] [Server thread/WARN] [net.minecraft.world.level.chunk.ChunkAccess/]: Trying to mark a block for PostProcessing @ MutableBlockPos{x=-7, y=54, z=9}, but this operation is not supported.
[04Apr2025 10:59:17.573] [Server thread/WARN] [net.minecraft.world.level.chunk.ChunkAccess/]: Trying to mark a block for PostProcessing @ MutableBlockPos{x=-7, y=53, z=6}, but this operation is not supported.
[04Apr2025 10:59:17.573] [Server thread/WARN] [net.minecraft.world.level.chunk.ChunkAccess/]: Trying to mark a block for PostProcessing @ MutableBlockPos{x=-7, y=54, z=6}, but this operation is not supported.
[04Apr2025 10:59:17.573] [Server thread/WARN] [net.minecraft.world.level.chunk.ChunkAccess/]: Trying to mark a block for PostProcessing @ MutableBlockPos{x=-3, y=51, z=9}, but this operation is not supported.
[04Apr2025 10:59:17.573] [Server thread/WARN] [net.minecraft.world.level.chunk.ChunkAccess/]: Trying to mark a block for PostProcessing @ MutableBlockPos{x=-3, y=52, z=9}, but this operation is not supported.
[04Apr2025 10:59:17.573] [Server thread/WARN] [net.minecraft.world.level.chunk.ChunkAccess/]: Trying to mark a block for PostProcessing @ MutableBlockPos{x=-3, y=53, z=9}, but this operation is not supported.
[04Apr2025 10:59:17.573] [Server thread/WARN] [net.minecraft.world.level.chunk.ChunkAccess/]: Trying to mark a block for PostProcessing @ MutableBlockPos{x=-3, y=54, z=9}, but this operation is not supported.
[04Apr2025 10:59:17.573] [Server thread/WARN] [net.minecraft.world.level.chunk.ChunkAccess/]: Trying to mark a block for PostProcessing @ MutableBlockPos{x=-3, y=53, z=6}, but this operation is not supported.
[04Apr2025 10:59:17.573] [Server thread/WARN] [net.minecraft.world.level.chunk.ChunkAccess/]: Trying to mark a block for PostProcessing @ MutableBlockPos{x=-3, y=54, z=6}, but this operation is not supported.
[04Apr2025 10:59:17.574] [Server thread/WARN] [net.minecraft.world.level.chunk.ChunkAccess/]: Trying to mark a block for PostProcessing @ MutableBlockPos{x=-9, y=58, z=13}, but this operation is not supported.
[04Apr2025 10:59:17.574] [Server thread/WARN] [net.minecraft.world.level.chunk.ChunkAccess/]: Trying to mark a block for PostProcessing @ MutableBlockPos{x=-9, y=58, z=14}, but this operation is not supported.
[04Apr2025 10:59:17.574] [Server thread/WARN] [net.minecraft.world.level.chunk.ChunkAccess/]: Trying to mark a block for PostProcessing @ MutableBlockPos{x=-9, y=58, z=15}, but this operation is not supported.
[04Apr2025 10:59:17.574] [Server thread/WARN] [net.minecraft.world.level.chunk.ChunkAccess/]: Trying to mark a block for PostProcessing @ MutableBlockPos{x=-15, y=58, z=13}, but this operation is not supported.
[04Apr2025 10:59:17.574] [Server thread/WARN] [net.minecraft.world.level.chunk.ChunkAccess/]: Trying to mark a block for PostProcessing @ MutableBlockPos{x=-15, y=58, z=14}, but this operation is not supported.
[04Apr2025 10:59:17.574] [Server thread/WARN] [net.minecraft.world.level.chunk.ChunkAccess/]: Trying to mark a block for PostProcessing @ MutableBlockPos{x=-15, y=58, z=15}, but this operation is not supported.
[04Apr2025 10:59:17.574] [Server thread/WARN] [net.minecraft.world.level.chunk.ChunkAccess/]: Trying to mark a block for PostProcessing @ MutableBlockPos{x=-11, y=58, z=11}, but this operation is not supported.
[04Apr2025 10:59:17.575] [Server thread/WARN] [net.minecraft.world.level.chunk.ChunkAccess/]: Trying to mark a block for PostProcessing @ MutableBlockPos{x=-12, y=58, z=11}, but this operation is not supported.
[04Apr2025 10:59:17.575] [Server thread/WARN] [net.minecraft.world.level.chunk.ChunkAccess/]: Trying to mark a block for PostProcessing @ MutableBlockPos{x=-13, y=58, z=11}, but this operation is not supported.
[04Apr2025 10:59:17.576] [Server thread/WARN] [net.minecraft.world.level.chunk.ChunkAccess/]: Trying to mark a block for PostProcessing @ MutableBlockPos{x=-14, y=51, z=9}, but this operation is not supported.
[04Apr2025 10:59:17.576] [Server thread/WARN] [net.minecraft.world.level.chunk.ChunkAccess/]: Trying to mark a block for PostProcessing @ MutableBlockPos{x=-14, y=52, z=9}, but this operation is not supported.
[04Apr2025 10:59:17.576] [Server thread/WARN] [net.minecraft.world.level.chunk.ChunkAccess/]: Trying to mark a block for PostProcessing @ MutableBlockPos{x=-14, y=53, z=9}, but this operation is not supported.
[04Apr2025 10:59:17.576] [Server thread/WARN] [net.minecraft.world.level.chunk.ChunkAccess/]: Trying to mark a block for PostProcessing @ MutableBlockPos{x=-14, y=54, z=9}, but this operation is not supported.
[04Apr2025 10:59:17.576] [Server thread/WARN] [net.minecraft.world.level.chunk.ChunkAccess/]: Trying to mark a block for PostProcessing @ MutableBlockPos{x=-14, y=53, z=6}, but this operation is not supported.
[04Apr2025 10:59:17.576] [Server thread/WARN] [net.minecraft.world.level.chunk.ChunkAccess/]: Trying to mark a block for PostProcessing @ MutableBlockPos{x=-14, y=54, z=6}, but this operation is not supported.
[04Apr2025 10:59:17.576] [Server thread/WARN] [net.minecraft.world.level.chunk.ChunkAccess/]: Trying to mark a block for PostProcessing @ MutableBlockPos{x=-10, y=51, z=9}, but this operation is not supported.
[04Apr2025 10:59:17.576] [Server thread/WARN] [net.minecraft.world.level.chunk.ChunkAccess/]: Trying to mark a block for PostProcessing @ MutableBlockPos{x=-10, y=52, z=9}, but this operation is not supported.
[04Apr2025 10:59:17.576] [Server thread/WARN] [net.minecraft.world.level.chunk.ChunkAccess/]: Trying to mark a block for PostProcessing @ MutableBlockPos{x=-10, y=53, z=9}, but this operation is not supported.
[04Apr2025 10:59:17.576] [Server thread/WARN] [net.minecraft.world.level.chunk.ChunkAccess/]: Trying to mark a block for PostProcessing @ MutableBlockPos{x=-10, y=54, z=9}, but this operation is not supported.
[04Apr2025 10:59:17.576] [Server thread/WARN] [net.minecraft.world.level.chunk.ChunkAccess/]: Trying to mark a block for PostProcessing @ MutableBlockPos{x=-10, y=53, z=6}, but this operation is not supported.
[04Apr2025 10:59:17.576] [Server thread/WARN] [net.minecraft.world.level.chunk.ChunkAccess/]: Trying to mark a block for PostProcessing @ MutableBlockPos{x=-10, y=54, z=6}, but this operation is not supported.
[04Apr2025 10:59:17.577] [Server thread/WARN] [net.minecraft.world.level.chunk.ChunkAccess/]: Trying to mark a block for PostProcessing @ MutableBlockPos{x=2, y=59, z=12}, but this operation is not supported.
[04Apr2025 10:59:17.577] [Server thread/WARN] [net.minecraft.world.level.chunk.ChunkAccess/]: Trying to mark a block for PostProcessing @ MutableBlockPos{x=2, y=59, z=11}, but this operation is not supported.
[04Apr2025 10:59:17.577] [Server thread/WARN] [net.minecraft.world.level.chunk.ChunkAccess/]: Trying to mark a block for PostProcessing @ MutableBlockPos{x=3, y=59, z=11}, but this operation is not supported.
[04Apr2025 10:59:17.577] [Server thread/WARN] [net.minecraft.world.level.chunk.ChunkAccess/]: Trying to mark a block for PostProcessing @ MutableBlockPos{x=4, y=59, z=11}, but this operation is not supported.
[04Apr2025 10:59:17.577] [Server thread/WARN] [net.minecraft.world.level.chunk.ChunkAccess/]: Trying to mark a block for PostProcessing @ MutableBlockPos{x=5, y=59, z=11}, but this operation is not supported.
[04Apr2025 10:59:17.577] [Server thread/WARN] [net.minecraft.world.level.chunk.ChunkAccess/]: Trying to mark a block for PostProcessing @ MutableBlockPos{x=6, y=59, z=11}, but this operation is not supported.
[04Apr2025 10:59:17.577] [Server thread/WARN] [net.minecraft.world.level.chunk.ChunkAccess/]: Trying to mark a block for PostProcessing @ MutableBlockPos{x=7, y=59, z=11}, but this operation is not supported.
[04Apr2025 10:59:17.577] [Server thread/WARN] [net.minecraft.world.level.chunk.ChunkAccess/]: Trying to mark a block for PostProcessing @ MutableBlockPos{x=7, y=59, z=12}, but this operation is not supported.
[04Apr2025 10:59:17.577] [Server thread/WARN] [net.minecraft.world.level.chunk.ChunkAccess/]: Trying to mark a block for PostProcessing @ MutableBlockPos{x=7, y=59, z=13}, but this operation is not supported.
[04Apr2025 10:59:17.577] [Server thread/WARN] [net.minecraft.world.level.chunk.ChunkAccess/]: Trying to mark a block for PostProcessing @ MutableBlockPos{x=7, y=59, z=14}, but this operation is not supported.
[04Apr2025 10:59:17.577] [Server thread/WARN] [net.minecraft.world.level.chunk.ChunkAccess/]: Trying to mark a block for PostProcessing @ MutableBlockPos{x=7, y=59, z=15}, but this operation is not supported.
[04Apr2025 10:59:17.577] [Server thread/WARN] [net.minecraft.world.level.chunk.ChunkAccess/]: Trying to mark a block for PostProcessing @ MutableBlockPos{x=7, y=60, z=12}, but this operation is not supported.
[04Apr2025 10:59:17.577] [Server thread/WARN] [net.minecraft.world.level.chunk.ChunkAccess/]: Trying to mark a block for PostProcessing @ MutableBlockPos{x=7, y=60, z=13}, but this operation is not supported.
[04Apr2025 10:59:17.577] [Server thread/WARN] [net.minecraft.world.level.chunk.ChunkAccess/]: Trying to mark a block for PostProcessing @ MutableBlockPos{x=7, y=60, z=14}, but this operation is not supported.
[04Apr2025 10:59:17.577] [Server thread/WARN] [net.minecraft.world.level.chunk.ChunkAccess/]: Trying to mark a block for PostProcessing @ MutableBlockPos{x=7, y=60, z=15}, but this operation is not supported.
[04Apr2025 10:59:17.578] [Server thread/WARN] [net.minecraft.world.level.chunk.ChunkAccess/]: Trying to mark a block for PostProcessing @ MutableBlockPos{x=7, y=61, z=13}, but this operation is not supported.
[04Apr2025 10:59:17.578] [Server thread/WARN] [net.minecraft.world.level.chunk.ChunkAccess/]: Trying to mark a block for PostProcessing @ MutableBlockPos{x=7, y=61, z=14}, but this operation is not supported.
[04Apr2025 10:59:17.578] [Server thread/WARN] [net.minecraft.world.level.chunk.ChunkAccess/]: Trying to mark a block for PostProcessing @ MutableBlockPos{x=7, y=61, z=15}, but this operation is not supported.
[04Apr2025 10:59:17.578] [Server thread/WARN] [net.minecraft.world.level.chunk.ChunkAccess/]: Trying to mark a block for PostProcessing @ MutableBlockPos{x=-115, y=53, z=16}, but this operation is not supported.
[04Apr2025 10:59:17.578] [Server thread/WARN] [net.minecraft.world.level.chunk.ChunkAccess/]: Trying to mark a block for PostProcessing @ MutableBlockPos{x=-115, y=54, z=16}, but this operation is not supported.
[04Apr2025 10:59:17.578] [Server thread/WARN] [net.minecraft.world.level.chunk.ChunkAccess/]: Trying to mark a block for PostProcessing @ MutableBlockPos{x=-125, y=53, z=16}, but this operation is not supported.
[04Apr2025 10:59:17.578] [Server thread/WARN] [net.minecraft.world.level.chunk.ChunkAccess/]: Trying to mark a block for PostProcessing @ MutableBlockPos{x=-125, y=54, z=16}, but this operation is not supported.
[04Apr2025 10:59:17.578] [Server thread/WARN] [net.minecraft.world.level.chunk.ChunkAccess/]: Trying to mark a block for PostProcessing @ MutableBlockPos{x=-128, y=51, z=16}, but this operation is not supported.
[04Apr2025 10:59:17.578] [Server thread/WARN] [net.minecraft.world.level.chunk.ChunkAccess/]: Trying to mark a block for PostProcessing @ MutableBlockPos{x=-128, y=52, z=16}, but this operation is not supported.
[04Apr2025 10:59:17.578] [Server thread/WARN] [net.minecraft.world.level.chunk.ChunkAccess/]: Trying to mark a block for PostProcessing @ MutableBlockPos{x=-128, y=53, z=16}, but this operation is not supported.
[04Apr2025 10:59:17.578] [Server thread/WARN] [net.minecraft.world.level.chunk.ChunkAccess/]: Trying to mark a block for PostProcessing @ MutableBlockPos{x=-128, y=54, z=16}, but this operation is not supported.
[04Apr2025 10:59:17.578] [Server thread/WARN] [net.minecraft.world.level.chunk.ChunkAccess/]: Trying to mark a block for PostProcessing @ MutableBlockPos{x=-106, y=53, z=16}, but this operation is not supported.
[04Apr2025 10:59:17.579] [Server thread/WARN] [net.minecraft.world.level.chunk.ChunkAccess/]: Trying to mark a block for PostProcessing @ MutableBlockPos{x=-106, y=54, z=16}, but this operation is not supported.
[04Apr2025 10:59:17.579] [Server thread/WARN] [net.minecraft.world.level.chunk.ChunkAccess/]: Trying to mark a block for PostProcessing @ MutableBlockPos{x=-109, y=51, z=16}, but this operation is not supported.
[04Apr2025 10:59:17.579] [Server thread/WARN] [net.minecraft.world.level.chunk.ChunkAccess/]: Trying to mark a block for PostProcessing @ MutableBlockPos{x=-109, y=52, z=16}, but this operation is not supported.
[04Apr2025 10:59:17.579] [Server thread/WARN] [net.minecraft.world.level.chunk.ChunkAccess/]: Trying to mark a block for PostProcessing @ MutableBlockPos{x=-109, y=53, z=16}, but this operation is not supported.
[04Apr2025 10:59:17.579] [Server thread/WARN] [net.minecraft.world.level.chunk.ChunkAccess/]: Trying to mark a block for PostProcessing @ MutableBlockPos{x=-109, y=54, z=16}, but this operation is not supported.
[04Apr2025 10:59:17.579] [Server thread/WARN] [net.minecraft.world.level.chunk.ChunkAccess/]: Trying to mark a block for PostProcessing @ MutableBlockPos{x=-112, y=51, z=16}, but this operation is not supported.
[04Apr2025 10:59:17.579] [Server thread/WARN] [net.minecraft.world.level.chunk.ChunkAccess/]: Trying to mark a block for PostProcessing @ MutableBlockPos{x=-112, y=52, z=16}, but this operation is not supported.
[04Apr2025 10:59:17.579] [Server thread/WARN] [net.minecraft.world.level.chunk.ChunkAccess/]: Trying to mark a block for PostProcessing @ MutableBlockPos{x=-112, y=53, z=16}, but this operation is not supported.
[04Apr2025 10:59:17.579] [Server thread/WARN] [net.minecraft.world.level.chunk.ChunkAccess/]: Trying to mark a block for PostProcessing @ MutableBlockPos{x=-112, y=54, z=16}, but this operation is not supported.
[04Apr2025 10:59:17.579] [Server thread/WARN] [net.minecraft.world.level.chunk.ChunkAccess/]: Trying to mark a block for PostProcessing @ MutableBlockPos{x=-87, y=53, z=16}, but this operation is not supported.
[04Apr2025 10:59:17.579] [Server thread/WARN] [net.minecraft.world.level.chunk.ChunkAccess/]: Trying to mark a block for PostProcessing @ MutableBlockPos{x=-87, y=54, z=16}, but this operation is not supported.
[04Apr2025 10:59:17.579] [Server thread/WARN] [net.minecraft.world.level.chunk.ChunkAccess/]: Trying to mark a block for PostProcessing @ MutableBlockPos{x=-90, y=51, z=16}, but this operation is not supported.
[04Apr2025 10:59:17.579] [Server thread/WARN] [net.minecraft.world.level.chunk.ChunkAccess/]: Trying to mark a block for PostProcessing @ MutableBlockPos{x=-90, y=52, z=16}, but this operation is not supported.
[04Apr2025 10:59:17.579] [Server thread/WARN] [net.minecraft.world.level.chunk.ChunkAccess/]: Trying to mark a block for PostProcessing @ MutableBlockPos{x=-90, y=53, z=16}, but this operation is not supported.
[04Apr2025 10:59:17.579] [Server thread/WARN] [net.minecraft.world.level.chunk.ChunkAccess/]: Trying to mark a block for PostProcessing @ MutableBlockPos{x=-90, y=54, z=16}, but this operation is not supported.
[04Apr2025 10:59:17.579] [Server thread/WARN] [net.minecraft.world.level.chunk.ChunkAccess/]: Trying to mark a block for PostProcessing @ MutableBlockPos{x=-93, y=51, z=16}, but this operation is not supported.
[04Apr2025 10:59:17.579] [Server thread/WARN] [net.minecraft.world.level.chunk.ChunkAccess/]: Trying to mark a block for PostProcessing @ MutableBlockPos{x=-93, y=52, z=16}, but this operation is not supported.
[04Apr2025 10:59:17.579] [Server thread/WARN] [net.minecraft.world.level.chunk.ChunkAccess/]: Trying to mark a block for PostProcessing @ MutableBlockPos{x=-93, y=53, z=16}, but this operation is not supported.
[04Apr2025 10:59:17.579] [Server thread/WARN] [net.minecraft.world.level.chunk.ChunkAccess/]: Trying to mark a block for PostProcessing @ MutableBlockPos{x=-93, y=54, z=16}, but this operation is not supported.
[04Apr2025 10:59:17.579] [Server thread/WARN] [net.minecraft.world.level.chunk.ChunkAccess/]: Trying to mark a block for PostProcessing @ MutableBlockPos{x=-96, y=53, z=16}, but this operation is not supported.
[04Apr2025 10:59:17.579] [Server thread/WARN] [net.minecraft.world.level.chunk.ChunkAccess/]: Trying to mark a block for PostProcessing @ MutableBlockPos{x=-96, y=54, z=16}, but this operation is not supported.
[04Apr2025 10:59:17.580] [Server thread/WARN] [net.minecraft.world.level.chunk.ChunkAccess/]: Trying to mark a block for PostProcessing @ MutableBlockPos{x=-74, y=51, z=16}, but this operation is not supported.
[04Apr2025 10:59:17.580] [Server thread/WARN] [net.minecraft.world.level.chunk.ChunkAccess/]: Trying to mark a block for PostProcessing @ MutableBlockPos{x=-74, y=52, z=16}, but this operation is not supported.
[04Apr2025 10:59:17.580] [Server thread/WARN] [net.minecraft.world.level.chunk.ChunkAccess/]: Trying to mark a block for PostProcessing @ MutableBlockPos{x=-74, y=53, z=16}, but this operation is not supported.
[04Apr2025 10:59:17.580] [Server thread/WARN] [net.minecraft.world.level.chunk.ChunkAccess/]: Trying to mark a block for PostProcessing @ MutableBlockPos{x=-74, y=54, z=16}, but this operation is not supported.
[04Apr2025 10:59:17.580] [Server thread/WARN] [net.minecraft.world.level.chunk.ChunkAccess/]: Trying to mark a block for PostProcessing @ MutableBlockPos{x=-77, y=53, z=16}, but this operation is not supported.
[04Apr2025 10:59:17.580] [Server thread/WARN] [net.minecraft.world.level.chunk.ChunkAccess/]: Trying to mark a block for PostProcessing @ MutableBlockPos{x=-77, y=54, z=16}, but this operation is not supported.
[04Apr2025 10:59:17.580] [Server thread/WARN] [net.minecraft.world.level.chunk.ChunkAccess/]: Trying to mark a block for PostProcessing @ MutableBlockPos{x=-65, y=51, z=25}, but this operation is not supported.
[04Apr2025 10:59:17.580] [Server thread/WARN] [net.minecraft.world.level.chunk.ChunkAccess/]: Trying to mark a block for PostProcessing @ MutableBlockPos{x=-65, y=52, z=25}, but this operation is not supported.
[04Apr2025 10:59:17.580] [Server thread/WARN] [net.minecraft.world.level.chunk.ChunkAccess/]: Trying to mark a block for PostProcessing @ MutableBlockPos{x=-65, y=53, z=25}, but this operation is not supported.
[04Apr2025 10:59:17.580] [Server thread/WARN] [net.minecraft.world.level.chunk.ChunkAccess/]: Trying to mark a block for PostProcessing @ MutableBlockPos{x=-65, y=54, z=25}, but this operation is not supported.
[04Apr2025 10:59:17.580] [Server thread/WARN] [net.minecraft.world.level.chunk.ChunkAccess/]: Trying to mark a block for PostProcessing @ MutableBlockPos{x=-65, y=53, z=28}, but this operation is not supported.
[04Apr2025 10:59:17.580] [Server thread/WARN] [net.minecraft.world.level.chunk.ChunkAccess/]: Trying to mark a block for PostProcessing @ MutableBlockPos{x=-65, y=54, z=28}, but this operation is not supported.
[04Apr2025 10:59:17.580] [Server thread/WARN] [net.minecraft.world.level.chunk.ChunkAccess/]: Trying to mark a block for PostProcessing @ MutableBlockPos{x=-49, y=53, z=16}, but this operation is not supported.
[04Apr2025 10:59:17.580] [Server thread/WARN] [net.minecraft.world.level.chunk.ChunkAccess/]: Trying to mark a block for PostProcessing @ MutableBlockPos{x=-49, y=54, z=16}, but this operation is not supported.
[04Apr2025 10:59:17.581] [Server thread/WARN] [net.minecraft.world.level.chunk.ChunkAccess/]: Trying to mark a block for PostProcessing @ MutableBlockPos{x=-52, y=51, z=16}, but this operation is not supported.
[04Apr2025 10:59:17.581] [Server thread/WARN] [net.minecraft.world.level.chunk.ChunkAccess/]: Trying to mark a block for PostProcessing @ MutableBlockPos{x=-52, y=52, z=16}, but this operation is not supported.
[04Apr2025 10:59:17.581] [Server thread/WARN] [net.minecraft.world.level.chunk.ChunkAccess/]: Trying to mark a block for PostProcessing @ MutableBlockPos{x=-52, y=53, z=16}, but this operation is not supported.
[04Apr2025 10:59:17.581] [Server thread/WARN] [net.minecraft.world.level.chunk.ChunkAccess/]: Trying to mark a block for PostProcessing @ MutableBlockPos{x=-52, y=54, z=16}, but this operation is not supported.
[04Apr2025 10:59:17.582] [Server thread/WARN] [net.minecraft.world.level.chunk.ChunkAccess/]: Trying to mark a block for PostProcessing @ MutableBlockPos{x=-61, y=51, z=25}, but this operation is not supported.
[04Apr2025 10:59:17.582] [Server thread/WARN] [net.minecraft.world.level.chunk.ChunkAccess/]: Trying to mark a block for PostProcessing @ MutableBlockPos{x=-61, y=52, z=25}, but this operation is not supported.
[04Apr2025 10:59:17.582] [Server thread/WARN] [net.minecraft.world.level.chunk.ChunkAccess/]: Trying to mark a block for PostProcessing @ MutableBlockPos{x=-61, y=53, z=25}, but this operation is not supported.
[04Apr2025 10:59:17.582] [Server thread/WARN] [net.minecraft.world.level.chunk.ChunkAccess/]: Trying to mark a block for PostProcessing @ MutableBlockPos{x=-61, y=54, z=25}, but this operation is not supported.
[04Apr2025 10:59:17.582] [Server thread/WARN] [net.minecraft.world.level.chunk.ChunkAccess/]: Trying to mark a block for PostProcessing @ MutableBlockPos{x=-61, y=53, z=28}, but this operation is not supported.
[04Apr2025 10:59:17.582] [Server thread/WARN] [net.minecraft.world.level.chunk.ChunkAccess/]: Trying to mark a block for PostProcessing @ MutableBlockPos{x=-61, y=54, z=28}, but this operation is not supported.
[04Apr2025 10:59:17.582] [Server thread/WARN] [net.minecraft.world.level.chunk.ChunkAccess/]: Trying to mark a block for PostProcessing @ MutableBlockPos{x=-33, y=51, z=16}, but this operation is not supported.
[04Apr2025 10:59:17.582] [Server thread/WARN] [net.minecraft.world.level.chunk.ChunkAccess/]: Trying to mark a block for PostProcessing @ MutableBlockPos{x=-33, y=52, z=16}, but this operation is not supported.
[04Apr2025 10:59:17.582] [Server thread/WARN] [net.minecraft.world.level.chunk.ChunkAccess/]: Trying to mark a block for PostProcessing @ MutableBlockPos{x=-33, y=53, z=16}, but this operation is not supported.
[04Apr2025 10:59:17.582] [Server thread/WARN] [net.minecraft.world.level.chunk.ChunkAccess/]: Trying to mark a block for PostProcessing @ MutableBlockPos{x=-33, y=54, z=16}, but this operation is not supported.
[04Apr2025 10:59:17.582] [Server thread/WARN] [net.minecraft.world.level.chunk.ChunkAccess/]: Trying to mark a block for PostProcessing @ MutableBlockPos{x=-36, y=51, z=16}, but this operation is not supported.
[04Apr2025 10:59:17.582] [Server thread/WARN] [net.minecraft.world.level.chunk.ChunkAccess/]: Trying to mark a block for PostProcessing @ MutableBlockPos{x=-36, y=52, z=16}, but this operation is not supported.
[04Apr2025 10:59:17.582] [Server thread/WARN] [net.minecraft.world.level.chunk.ChunkAccess/]: Trying to mark a block for PostProcessing @ MutableBlockPos{x=-36, y=53, z=16}, but this operation is not supported.
[04Apr2025 10:59:17.582] [Server thread/WARN] [net.minecraft.world.level.chunk.ChunkAccess/]: Trying to mark a block for PostProcessing @ MutableBlockPos{x=-36, y=54, z=16}, but this operation is not supported.
[04Apr2025 10:59:17.582] [Server thread/WARN] [net.minecraft.world.level.chunk.ChunkAccess/]: Trying to mark a block for PostProcessing @ MutableBlockPos{x=-39, y=53, z=16}, but this operation is not supported.
[04Apr2025 10:59:17.582] [Server thread/WARN] [net.minecraft.world.level.chunk.ChunkAccess/]: Trying to mark a block for PostProcessing @ MutableBlockPos{x=-39, y=54, z=16}, but this operation is not supported.
[04Apr2025 10:59:17.584] [Server thread/WARN] [net.minecraft.world.level.chunk.ChunkAccess/]: Trying to mark a block for PostProcessing @ MutableBlockPos{x=-17, y=56, z=24}, but this operation is not supported.
[04Apr2025 10:59:17.584] [Server thread/WARN] [net.minecraft.world.level.chunk.ChunkAccess/]: Trying to mark a block for PostProcessing @ MutableBlockPos{x=-18, y=56, z=24}, but this operation is not supported.
[04Apr2025 10:59:17.584] [Server thread/WARN] [net.minecraft.world.level.chunk.ChunkAccess/]: Trying to mark a block for PostProcessing @ MutableBlockPos{x=-19, y=56, z=24}, but this operation is not supported.
[04Apr2025 10:59:17.584] [Server thread/WARN] [net.minecraft.world.level.chunk.ChunkAccess/]: Trying to mark a block for PostProcessing @ MutableBlockPos{x=-17, y=57, z=24}, but this operation is not supported.
[04Apr2025 10:59:17.584] [Server thread/WARN] [net.minecraft.world.level.chunk.ChunkAccess/]: Trying to mark a block for PostProcessing @ MutableBlockPos{x=-18, y=57, z=24}, but this operation is not supported.
[04Apr2025 10:59:17.584] [Server thread/WARN] [net.minecraft.world.level.chunk.ChunkAccess/]: Trying to mark a block for PostProcessing @ MutableBlockPos{x=-19, y=57, z=24}, but this operation is not supported.
[04Apr2025 10:59:17.584] [Server thread/WARN] [net.minecraft.world.level.chunk.ChunkAccess/]: Trying to mark a block for PostProcessing @ MutableBlockPos{x=-17, y=58, z=24}, but this operation is not supported.
[04Apr2025 10:59:17.584] [Server thread/WARN] [net.minecraft.world.level.chunk.ChunkAccess/]: Trying to mark a block for PostProcessing @ MutableBlockPos{x=-18, y=58, z=24}, but this operation is not supported.
[04Apr2025 10:59:17.584] [Server thread/WARN] [net.minecraft.world.level.chunk.ChunkAccess/]: Trying to mark a block for PostProcessing @ MutableBlockPos{x=-19, y=58, z=24}, but this operation is not supported.
[04Apr2025 10:59:17.584] [Server thread/WARN] [net.minecraft.world.level.chunk.ChunkAccess/]: Trying to mark a block for PostProcessing @ MutableBlockPos{x=-17, y=56, z=30}, but this operation is not supported.
[04Apr2025 10:59:17.584] [Server thread/WARN] [net.minecraft.world.level.chunk.ChunkAccess/]: Trying to mark a block for PostProcessing @ MutableBlockPos{x=-17, y=57, z=30}, but this operation is not supported.
[04Apr2025 10:59:17.584] [Server thread/WARN] [net.minecraft.world.level.chunk.ChunkAccess/]: Trying to mark a block for PostProcessing @ MutableBlockPos{x=-17, y=58, z=30}, but this operation is not supported.
[04Apr2025 10:59:17.584] [Server thread/WARN] [net.minecraft.world.level.chunk.ChunkAccess/]: Trying to mark a block for PostProcessing @ MutableBlockPos{x=-19, y=56, z=30}, but this operation is not supported.
[04Apr2025 10:59:17.584] [Server thread/WARN] [net.minecraft.world.level.chunk.ChunkAccess/]: Trying to mark a block for PostProcessing @ MutableBlockPos{x=-19, y=57, z=30}, but this operation is not supported.
[04Apr2025 10:59:17.584] [Server thread/WARN] [net.minecraft.world.level.chunk.ChunkAccess/]: Trying to mark a block for PostProcessing @ MutableBlockPos{x=-19, y=58, z=30}, but this operation is not supported.
[04Apr2025 10:59:17.586] [Server thread/WARN] [net.minecraft.world.level.chunk.ChunkAccess/]: Trying to mark a block for PostProcessing @ MutableBlockPos{x=-17, y=51, z=16}, but this operation is not supported.
[04Apr2025 10:59:17.586] [Server thread/WARN] [net.minecraft.world.level.chunk.ChunkAccess/]: Trying to mark a block for PostProcessing @ MutableBlockPos{x=-17, y=52, z=16}, but this operation is not supported.
[04Apr2025 10:59:17.586] [Server thread/WARN] [net.minecraft.world.level.chunk.ChunkAccess/]: Trying to mark a block for PostProcessing @ MutableBlockPos{x=-17, y=53, z=16}, but this operation is not supported.
[04Apr2025 10:59:17.586] [Server thread/WARN] [net.minecraft.world.level.chunk.ChunkAccess/]: Trying to mark a block for PostProcessing @ MutableBlockPos{x=-17, y=54, z=16}, but this operation is not supported.
[04Apr2025 10:59:17.586] [Server thread/WARN] [net.minecraft.world.level.chunk.ChunkAccess/]: Trying to mark a block for PostProcessing @ MutableBlockPos{x=-20, y=53, z=16}, but this operation is not supported.
[04Apr2025 10:59:17.586] [Server thread/WARN] [net.minecraft.world.level.chunk.ChunkAccess/]: Trying to mark a block for PostProcessing @ MutableBlockPos{x=-20, y=54, z=16}, but this operation is not supported.
[04Apr2025 10:59:17.586] [Server thread/WARN] [net.minecraft.world.level.chunk.ChunkAccess/]: Trying to mark a block for PostProcessing @ MutableBlockPos{x=-30, y=53, z=16}, but this operation is not supported.
[04Apr2025 10:59:17.586] [Server thread/WARN] [net.minecraft.world.level.chunk.ChunkAccess/]: Trying to mark a block for PostProcessing @ MutableBlockPos{x=-30, y=54, z=16}, but this operation is not supported.
[04Apr2025 10:59:17.590] [Server thread/WARN] [net.minecraft.world.level.chunk.ChunkAccess/]: Trying to mark a block for PostProcessing @ MutableBlockPos{x=-6, y=58, z=17}, but this operation is not supported.
[04Apr2025 10:59:17.590] [Server thread/WARN] [net.minecraft.world.level.chunk.ChunkAccess/]: Trying to mark a block for PostProcessing @ MutableBlockPos{x=-5, y=58, z=17}, but this operation is not supported.
[04Apr2025 10:59:17.590] [Server thread/WARN] [net.minecraft.world.level.chunk.ChunkAccess/]: Trying to mark a block for PostProcessing @ MutableBlockPos{x=-4, y=58, z=17}, but this operation is not supported.
[04Apr2025 10:59:17.591] [Server thread/WARN] [net.minecraft.world.level.chunk.ChunkAccess/]: Trying to mark a block for PostProcessing @ MutableBlockPos{x=-15, y=58, z=26}, but this operation is not supported.
[04Apr2025 10:59:17.591] [Server thread/WARN] [net.minecraft.world.level.chunk.ChunkAccess/]: Trying to mark a block for PostProcessing @ MutableBlockPos{x=-15, y=58, z=27}, but this operation is not supported.
[04Apr2025 10:59:17.591] [Server thread/WARN] [net.minecraft.world.level.chunk.ChunkAccess/]: Trying to mark a block for PostProcessing @ MutableBlockPos{x=-15, y=58, z=28}, but this operation is not supported.
[04Apr2025 10:59:17.592] [Server thread/WARN] [net.minecraft.world.level.chunk.ChunkAccess/]: Trying to mark a block for PostProcessing @ MutableBlockPos{x=-11, y=58, z=17}, but this operation is not supported.
[04Apr2025 10:59:17.592] [Server thread/WARN] [net.minecraft.world.level.chunk.ChunkAccess/]: Trying to mark a block for PostProcessing @ MutableBlockPos{x=-12, y=58, z=17}, but this operation is not supported.
[04Apr2025 10:59:17.592] [Server thread/WARN] [net.minecraft.world.level.chunk.ChunkAccess/]: Trying to mark a block for PostProcessing @ MutableBlockPos{x=-13, y=58, z=17}, but this operation is not supported.
[04Apr2025 10:59:17.596] [Server thread/WARN] [net.minecraft.world.level.chunk.ChunkAccess/]: Trying to mark a block for PostProcessing @ MutableBlockPos{x=6, y=51, z=25}, but this operation is not supported.
[04Apr2025 10:59:17.596] [Server thread/WARN] [net.minecraft.world.level.chunk.ChunkAccess/]: Trying to mark a block for PostProcessing @ MutableBlockPos{x=6, y=52, z=25}, but this operation is not supported.
[04Apr2025 10:59:17.596] [Server thread/WARN] [net.minecraft.world.level.chunk.ChunkAccess/]: Trying to mark a block for PostProcessing @ MutableBlockPos{x=6, y=53, z=25}, but this operation is not supported.
[04Apr2025 10:59:17.596] [Server thread/WARN] [net.minecraft.world.level.chunk.ChunkAccess/]: Trying to mark a block for PostProcessing @ MutableBlockPos{x=6, y=54, z=25}, but this operation is not supported.
[04Apr2025 10:59:17.596] [Server thread/WARN] [net.minecraft.world.level.chunk.ChunkAccess/]: Trying to mark a block for PostProcessing @ MutableBlockPos{x=9, y=53, z=25}, but this operation is not supported.
[04Apr2025 10:59:17.596] [Server thread/WARN] [net.minecraft.world.level.chunk.ChunkAccess/]: Trying to mark a block for PostProcessing @ MutableBlockPos{x=9, y=54, z=25}, but this operation is not supported.
[04Apr2025 10:59:17.596] [Server thread/WARN] [net.minecraft.world.level.chunk.ChunkAccess/]: Trying to mark a block for PostProcessing @ MutableBlockPos{x=6, y=51, z=29}, but this operation is not supported.
[04Apr2025 10:59:17.596] [Server thread/WARN] [net.minecraft.world.level.chunk.ChunkAccess/]: Trying to mark a block for PostProcessing @ MutableBlockPos{x=6, y=52, z=29}, but this operation is not supported.
[04Apr2025 10:59:17.596] [Server thread/WARN] [net.minecraft.world.level.chunk.ChunkAccess/]: Trying to mark a block for PostProcessing @ MutableBlockPos{x=6, y=53, z=29}, but this operation is not supported.
[04Apr2025 10:59:17.596] [Server thread/WARN] [net.minecraft.world.level.chunk.ChunkAccess/]: Trying to mark a block for PostProcessing @ MutableBlockPos{x=6, y=54, z=29}, but this operation is not supported.
[04Apr2025 10:59:17.596] [Server thread/WARN] [net.minecraft.world.level.chunk.ChunkAccess/]: Trying to mark a block for PostProcessing @ MutableBlockPos{x=9, y=53, z=29}, but this operation is not supported.
[04Apr2025 10:59:17.596] [Server thread/WARN] [net.minecraft.world.level.chunk.ChunkAccess/]: Trying to mark a block for PostProcessing @ MutableBlockPos{x=9, y=54, z=29}, but this operation is not supported.
[04Apr2025 10:59:17.597] [Server thread/WARN] [net.minecraft.world.level.chunk.ChunkAccess/]: Trying to mark a block for PostProcessing @ MutableBlockPos{x=2, y=59, z=16}, but this operation is not supported.
[04Apr2025 10:59:17.597] [Server thread/WARN] [net.minecraft.world.level.chunk.ChunkAccess/]: Trying to mark a block for PostProcessing @ MutableBlockPos{x=2, y=59, z=17}, but this operation is not supported.
[04Apr2025 10:59:17.597] [Server thread/WARN] [net.minecraft.world.level.chunk.ChunkAccess/]: Trying to mark a block for PostProcessing @ MutableBlockPos{x=3, y=59, z=17}, but this operation is not supported.
[04Apr2025 10:59:17.597] [Server thread/WARN] [net.minecraft.world.level.chunk.ChunkAccess/]: Trying to mark a block for PostProcessing @ MutableBlockPos{x=4, y=59, z=17}, but this operation is not supported.
[04Apr2025 10:59:17.597] [Server thread/WARN] [net.minecraft.world.level.chunk.ChunkAccess/]: Trying to mark a block for PostProcessing @ MutableBlockPos{x=5, y=59, z=17}, but this operation is not supported.
[04Apr2025 10:59:17.597] [Server thread/WARN] [net.minecraft.world.level.chunk.ChunkAccess/]: Trying to mark a block for PostProcessing @ MutableBlockPos{x=6, y=59, z=17}, but this operation is not supported.
[04Apr2025 10:59:17.597] [Server thread/WARN] [net.minecraft.world.level.chunk.ChunkAccess/]: Trying to mark a block for PostProcessing @ MutableBlockPos{x=7, y=59, z=17}, but this operation is not supported.
[04Apr2025 10:59:17.597] [Server thread/WARN] [net.minecraft.world.level.chunk.ChunkAccess/]: Trying to mark a block for PostProcessing @ MutableBlockPos{x=7, y=59, z=16}, but this operation is not supported.
[04Apr2025 10:59:17.597] [Server thread/WARN] [net.minecraft.world.level.chunk.ChunkAccess/]: Trying to mark a block for PostProcessing @ MutableBlockPos{x=7, y=60, z=16}, but this operation is not supported.
[04Apr2025 10:59:17.597] [Server thread/WARN] [net.minecraft.world.level.chunk.ChunkAccess/]: Trying to mark a block for PostProcessing @ MutableBlockPos{x=19, y=53, z=25}, but this operation is not supported.
[04Apr2025 10:59:17.597] [Server thread/WARN] [net.minecraft.world.level.chunk.ChunkAccess/]: Trying to mark a block for PostProcessing @ MutableBlockPos{x=19, y=54, z=25}, but this operation is not supported.
[04Apr2025 10:59:17.597] [Server thread/WARN] [net.minecraft.world.level.chunk.ChunkAccess/]: Trying to mark a block for PostProcessing @ MutableBlockPos{x=22, y=51, z=25}, but this operation is not supported.
[04Apr2025 10:59:17.597] [Server thread/WARN] [net.minecraft.world.level.chunk.ChunkAccess/]: Trying to mark a block for PostProcessing @ MutableBlockPos{x=22, y=52, z=25}, but this operation is not supported.
[04Apr2025 10:59:17.597] [Server thread/WARN] [net.minecraft.world.level.chunk.ChunkAccess/]: Trying to mark a block for PostProcessing @ MutableBlockPos{x=22, y=53, z=25}, but this operation is not supported.
[04Apr2025 10:59:17.597] [Server thread/WARN] [net.minecraft.world.level.chunk.ChunkAccess/]: Trying to mark a block for PostProcessing @ MutableBlockPos{x=22, y=54, z=25}, but this operation is not supported.
[04Apr2025 10:59:17.597] [Server thread/WARN] [net.minecraft.world.level.chunk.ChunkAccess/]: Trying to mark a block for PostProcessing @ MutableBlockPos{x=19, y=53, z=29}, but this operation is not supported.
[04Apr2025 10:59:17.597] [Server thread/WARN] [net.minecraft.world.level.chunk.ChunkAccess/]: Trying to mark a block for PostProcessing @ MutableBlockPos{x=19, y=54, z=29}, but this operation is not supported.
[04Apr2025 10:59:17.597] [Server thread/WARN] [net.minecraft.world.level.chunk.ChunkAccess/]: Trying to mark a block for PostProcessing @ MutableBlockPos{x=22, y=51, z=29}, but this operation is not supported.
[04Apr2025 10:59:17.597] [Server thread/WARN] [net.minecraft.world.level.chunk.ChunkAccess/]: Trying to mark a block for PostProcessing @ MutableBlockPos{x=22, y=52, z=29}, but this operation is not supported.
[04Apr2025 10:59:17.597] [Server thread/WARN] [net.minecraft.world.level.chunk.ChunkAccess/]: Trying to mark a block for PostProcessing @ MutableBlockPos{x=22, y=53, z=29}, but this operation is not supported.
[04Apr2025 10:59:17.598] [Server thread/WARN] [net.minecraft.world.level.chunk.ChunkAccess/]: Trying to mark a block for PostProcessing @ MutableBlockPos{x=22, y=54, z=29}, but this operation is not supported.
[04Apr2025 10:59:17.598] [Server thread/WARN] [net.minecraft.world.level.chunk.ChunkAccess/]: Trying to mark a block for PostProcessing @ MutableBlockPos{x=25, y=51, z=25}, but this operation is not supported.
[04Apr2025 10:59:17.598] [Server thread/WARN] [net.minecraft.world.level.chunk.ChunkAccess/]: Trying to mark a block for PostProcessing @ MutableBlockPos{x=25, y=52, z=25}, but this operation is not supported.
[04Apr2025 10:59:17.598] [Server thread/WARN] [net.minecraft.world.level.chunk.ChunkAccess/]: Trying to mark a block for PostProcessing @ MutableBlockPos{x=25, y=53, z=25}, but this operation is not supported.
[04Apr2025 10:59:17.598] [Server thread/WARN] [net.minecraft.world.level.chunk.ChunkAccess/]: Trying to mark a block for PostProcessing @ MutableBlockPos{x=25, y=54, z=25}, but this operation is not supported.
[04Apr2025 10:59:17.598] [Server thread/WARN] [net.minecraft.world.level.chunk.ChunkAccess/]: Trying to mark a block for PostProcessing @ MutableBlockPos{x=28, y=53, z=25}, but this operation is not supported.
[04Apr2025 10:59:17.598] [Server thread/WARN] [net.minecraft.world.level.chunk.ChunkAccess/]: Trying to mark a block for PostProcessing @ MutableBlockPos{x=28, y=54, z=25}, but this operation is not supported.
[04Apr2025 10:59:17.598] [Server thread/WARN] [net.minecraft.world.level.chunk.ChunkAccess/]: Trying to mark a block for PostProcessing @ MutableBlockPos{x=25, y=51, z=29}, but this operation is not supported.
[04Apr2025 10:59:17.598] [Server thread/WARN] [net.minecraft.world.level.chunk.ChunkAccess/]: Trying to mark a block for PostProcessing @ MutableBlockPos{x=25, y=52, z=29}, but this operation is not supported.
[04Apr2025 10:59:17.598] [Server thread/WARN] [net.minecraft.world.level.chunk.ChunkAccess/]: Trying to mark a block for PostProcessing @ MutableBlockPos{x=25, y=53, z=29}, but this operation is not supported.
[04Apr2025 10:59:17.598] [Server thread/WARN] [net.minecraft.world.level.chunk.ChunkAccess/]: Trying to mark a block for PostProcessing @ MutableBlockPos{x=25, y=54, z=29}, but this operation is not supported.
[04Apr2025 10:59:17.598] [Server thread/WARN] [net.minecraft.world.level.chunk.ChunkAccess/]: Trying to mark a block for PostProcessing @ MutableBlockPos{x=28, y=53, z=29}, but this operation is not supported.
[04Apr2025 10:59:17.598] [Server thread/WARN] [net.minecraft.world.level.chunk.ChunkAccess/]: Trying to mark a block for PostProcessing @ MutableBlockPos{x=28, y=54, z=29}, but this operation is not supported.
[04Apr2025 10:59:17.599] [Server thread/WARN] [net.minecraft.world.level.chunk.ChunkAccess/]: Trying to mark a block for PostProcessing @ MutableBlockPos{x=38, y=53, z=25}, but this operation is not supported.
[04Apr2025 10:59:17.599] [Server thread/WARN] [net.minecraft.world.level.chunk.ChunkAccess/]: Trying to mark a block for PostProcessing @ MutableBlockPos{x=38, y=54, z=25}, but this operation is not supported.
[04Apr2025 10:59:17.599] [Server thread/WARN] [net.minecraft.world.level.chunk.ChunkAccess/]: Trying to mark a block for PostProcessing @ MutableBlockPos{x=41, y=51, z=25}, but this operation is not supported.
[04Apr2025 10:59:17.599] [Server thread/WARN] [net.minecraft.world.level.chunk.ChunkAccess/]: Trying to mark a block for PostProcessing @ MutableBlockPos{x=41, y=52, z=25}, but this operation is not supported.
[04Apr2025 10:59:17.599] [Server thread/WARN] [net.minecraft.world.level.chunk.ChunkAccess/]: Trying to mark a block for PostProcessing @ MutableBlockPos{x=41, y=53, z=25}, but this operation is not supported.
[04Apr2025 10:59:17.599] [Server thread/WARN] [net.minecraft.world.level.chunk.ChunkAccess/]: Trying to mark a block for PostProcessing @ MutableBlockPos{x=41, y=54, z=25}, but this operation is not supported.
[04Apr2025 10:59:17.599] [Server thread/WARN] [net.minecraft.world.level.chunk.ChunkAccess/]: Trying to mark a block for PostProcessing @ MutableBlockPos{x=38, y=53, z=29}, but this operation is not supported.
[04Apr2025 10:59:17.599] [Server thread/WARN] [net.minecraft.world.level.chunk.ChunkAccess/]: Trying to mark a block for PostProcessing @ MutableBlockPos{x=38, y=54, z=29}, but this operation is not supported.
[04Apr2025 10:59:17.599] [Server thread/WARN] [net.minecraft.world.level.chunk.ChunkAccess/]: Trying to mark a block for PostProcessing @ MutableBlockPos{x=41, y=51, z=29}, but this operation is not supported.
[04Apr2025 10:59:17.599] [Server thread/WARN] [net.minecraft.world.level.chunk.ChunkAccess/]: Trying to mark a block for PostProcessing @ MutableBlockPos{x=41, y=52, z=29}, but this operation is not supported.
[04Apr2025 10:59:17.599] [Server thread/WARN] [net.minecraft.world.level.chunk.ChunkAccess/]: Trying to mark a block for PostProcessing @ MutableBlockPos{x=41, y=53, z=29}, but this operation is not supported.
[04Apr2025 10:59:17.599] [Server thread/WARN] [net.minecraft.world.level.chunk.ChunkAccess/]: Trying to mark a block for PostProcessing @ MutableBlockPos{x=41, y=54, z=29}, but this operation is not supported.
[04Apr2025 10:59:17.599] [Server thread/WARN] [net.minecraft.world.level.chunk.ChunkAccess/]: Trying to mark a block for PostProcessing @ MutableBlockPos{x=44, y=51, z=25}, but this operation is not supported.
[04Apr2025 10:59:17.600] [Server thread/WARN] [net.minecraft.world.level.chunk.ChunkAccess/]: Trying to mark a block for PostProcessing @ MutableBlockPos{x=44, y=52, z=25}, but this operation is not supported.
[04Apr2025 10:59:17.600] [Server thread/WARN] [net.minecraft.world.level.chunk.ChunkAccess/]: Trying to mark a block for PostProcessing @ MutableBlockPos{x=44, y=53, z=25}, but this operation is not supported.
[04Apr2025 10:59:17.600] [Server thread/WARN] [net.minecraft.world.level.chunk.ChunkAccess/]: Trying to mark a block for PostProcessing @ MutableBlockPos{x=44, y=54, z=25}, but this operation is not supported.
[04Apr2025 10:59:17.600] [Server thread/WARN] [net.minecraft.world.level.chunk.ChunkAccess/]: Trying to mark a block for PostProcessing @ MutableBlockPos{x=47, y=53, z=25}, but this operation is not supported.
[04Apr2025 10:59:17.600] [Server thread/WARN] [net.minecraft.world.level.chunk.ChunkAccess/]: Trying to mark a block for PostProcessing @ MutableBlockPos{x=47, y=54, z=25}, but this operation is not supported.
[04Apr2025 10:59:17.600] [Server thread/WARN] [net.minecraft.world.level.chunk.ChunkAccess/]: Trying to mark a block for PostProcessing @ MutableBlockPos{x=44, y=51, z=29}, but this operation is not supported.
[04Apr2025 10:59:17.600] [Server thread/WARN] [net.minecraft.world.level.chunk.ChunkAccess/]: Trying to mark a block for PostProcessing @ MutableBlockPos{x=44, y=52, z=29}, but this operation is not supported.
[04Apr2025 10:59:17.600] [Server thread/WARN] [net.minecraft.world.level.chunk.ChunkAccess/]: Trying to mark a block for PostProcessing @ MutableBlockPos{x=44, y=53, z=29}, but this operation is not supported.
[04Apr2025 10:59:17.600] [Server thread/WARN] [net.minecraft.world.level.chunk.ChunkAccess/]: Trying to mark a block for PostProcessing @ MutableBlockPos{x=44, y=54, z=29}, but this operation is not supported.
[04Apr2025 10:59:17.600] [Server thread/WARN] [net.minecraft.world.level.chunk.ChunkAccess/]: Trying to mark a block for PostProcessing @ MutableBlockPos{x=47, y=53, z=29}, but this operation is not supported.
[04Apr2025 10:59:17.600] [Server thread/WARN] [net.minecraft.world.level.chunk.ChunkAccess/]: Trying to mark a block for PostProcessing @ MutableBlockPos{x=47, y=54, z=29}, but this operation is not supported.
[04Apr2025 10:59:17.601] [Server thread/WARN] [net.minecraft.world.level.chunk.ChunkAccess/]: Trying to mark a block for PostProcessing @ MutableBlockPos{x=57, y=53, z=25}, but this operation is not supported.
[04Apr2025 10:59:17.601] [Server thread/WARN] [net.minecraft.world.level.chunk.ChunkAccess/]: Trying to mark a block for PostProcessing @ MutableBlockPos{x=57, y=54, z=25}, but this operation is not supported.
[04Apr2025 10:59:17.601] [Server thread/WARN] [net.minecraft.world.level.chunk.ChunkAccess/]: Trying to mark a block for PostProcessing @ MutableBlockPos{x=60, y=51, z=25}, but this operation is not supported.
[04Apr2025 10:59:17.601] [Server thread/WARN] [net.minecraft.world.level.chunk.ChunkAccess/]: Trying to mark a block for PostProcessing @ MutableBlockPos{x=60, y=52, z=25}, but this operation is not supported.
[04Apr2025 10:59:17.601] [Server thread/WARN] [net.minecraft.world.level.chunk.ChunkAccess/]: Trying to mark a block for PostProcessing @ MutableBlockPos{x=60, y=53, z=25}, but this operation is not supported.
[04Apr2025 10:59:17.601] [Server thread/WARN] [net.minecraft.world.level.chunk.ChunkAccess/]: Trying to mark a block for PostProcessing @ MutableBlockPos{x=60, y=54, z=25}, but this operation is not supported.
[04Apr2025 10:59:17.601] [Server thread/WARN] [net.minecraft.world.level.chunk.ChunkAccess/]: Trying to mark a block for PostProcessing @ MutableBlockPos{x=57, y=53, z=29}, but this operation is not supported.
[04Apr2025 10:59:17.601] [Server thread/WARN] [net.minecraft.world.level.chunk.ChunkAccess/]: Trying to mark a block for PostProcessing @ MutableBlockPos{x=57, y=54, z=29}, but this operation is not supported.
[04Apr2025 10:59:17.601] [Server thread/WARN] [net.minecraft.world.level.chunk.ChunkAccess/]: Trying to mark a block for PostProcessing @ MutableBlockPos{x=60, y=51, z=29}, but this operation is not supported.
[04Apr2025 10:59:17.601] [Server thread/WARN] [net.minecraft.world.level.chunk.ChunkAccess/]: Trying to mark a block for PostProcessing @ MutableBlockPos{x=60, y=52, z=29}, but this operation is not supported.
[04Apr2025 10:59:17.601] [Server thread/WARN] [net.minecraft.world.level.chunk.ChunkAccess/]: Trying to mark a block for PostProcessing @ MutableBlockPos{x=60, y=53, z=29}, but this operation is not supported.
[04Apr2025 10:59:17.601] [Server thread/WARN] [net.minecraft.world.level.chunk.ChunkAccess/]: Trying to mark a block for PostProcessing @ MutableBlockPos{x=60, y=54, z=29}, but this operation is not supported.
[04Apr2025 10:59:17.601] [Server thread/WARN] [net.minecraft.world.level.chunk.ChunkAccess/]: Trying to mark a block for PostProcessing @ MutableBlockPos{x=63, y=51, z=25}, but this operation is not supported.
[04Apr2025 10:59:17.601] [Server thread/WARN] [net.minecraft.world.level.chunk.ChunkAccess/]: Trying to mark a block for PostProcessing @ MutableBlockPos{x=63, y=52, z=25}, but this operation is not supported.
[04Apr2025 10:59:17.601] [Server thread/WARN] [net.minecraft.world.level.chunk.ChunkAccess/]: Trying to mark a block for PostProcessing @ MutableBlockPos{x=63, y=53, z=25}, but this operation is not supported.
[04Apr2025 10:59:17.601] [Server thread/WARN] [net.minecraft.world.level.chunk.ChunkAccess/]: Trying to mark a block for PostProcessing @ MutableBlockPos{x=63, y=54, z=25}, but this operation is not supported.
[04Apr2025 10:59:17.601] [Server thread/WARN] [net.minecraft.world.level.chunk.ChunkAccess/]: Trying to mark a block for PostProcessing @ MutableBlockPos{x=63, y=51, z=29}, but this operation is not supported.
[04Apr2025 10:59:17.601] [Server thread/WARN] [net.minecraft.world.level.chunk.ChunkAccess/]: Trying to mark a block for PostProcessing @ MutableBlockPos{x=63, y=52, z=29}, but this operation is not supported.
[04Apr2025 10:59:17.601] [Server thread/WARN] [net.minecraft.world.level.chunk.ChunkAccess/]: Trying to mark a block for PostProcessing @ MutableBlockPos{x=63, y=53, z=29}, but this operation is not supported.
[04Apr2025 10:59:17.601] [Server thread/WARN] [net.minecraft.world.level.chunk.ChunkAccess/]: Trying to mark a block for PostProcessing @ MutableBlockPos{x=63, y=54, z=29}, but this operation is not supported.
[04Apr2025 10:59:17.602] [Server thread/WARN] [net.minecraft.world.level.chunk.ChunkAccess/]: Trying to mark a block for PostProcessing @ MutableBlockPos{x=66, y=53, z=25}, but this operation is not supported.
[04Apr2025 10:59:17.602] [Server thread/WARN] [net.minecraft.world.level.chunk.ChunkAccess/]: Trying to mark a block for PostProcessing @ MutableBlockPos{x=66, y=54, z=25}, but this operation is not supported.
[04Apr2025 10:59:17.602] [Server thread/WARN] [net.minecraft.world.level.chunk.ChunkAccess/]: Trying to mark a block for PostProcessing @ MutableBlockPos{x=76, y=53, z=25}, but this operation is not supported.
[04Apr2025 10:59:17.602] [Server thread/WARN] [net.minecraft.world.level.chunk.ChunkAccess/]: Trying to mark a block for PostProcessing @ MutableBlockPos{x=76, y=54, z=25}, but this operation is not supported.
[04Apr2025 10:59:17.602] [Server thread/WARN] [net.minecraft.world.level.chunk.ChunkAccess/]: Trying to mark a block for PostProcessing @ MutableBlockPos{x=79, y=51, z=25}, but this operation is not supported.
[04Apr2025 10:59:17.602] [Server thread/WARN] [net.minecraft.world.level.chunk.ChunkAccess/]: Trying to mark a block for PostProcessing @ MutableBlockPos{x=79, y=52, z=25}, but this operation is not supported.
[04Apr2025 10:59:17.602] [Server thread/WARN] [net.minecraft.world.level.chunk.ChunkAccess/]: Trying to mark a block for PostProcessing @ MutableBlockPos{x=79, y=53, z=25}, but this operation is not supported.
[04Apr2025 10:59:17.602] [Server thread/WARN] [net.minecraft.world.level.chunk.ChunkAccess/]: Trying to mark a block for PostProcessing @ MutableBlockPos{x=79, y=54, z=25}, but this operation is not supported.
[04Apr2025 10:59:17.602] [Server thread/WARN] [net.minecraft.world.level.chunk.ChunkAccess/]: Trying to mark a block for PostProcessing @ MutableBlockPos{x=66, y=53, z=29}, but this operation is not supported.
[04Apr2025 10:59:17.602] [Server thread/WARN] [net.minecraft.world.level.chunk.ChunkAccess/]: Trying to mark a block for PostProcessing @ MutableBlockPos{x=66, y=54, z=29}, but this operation is not supported.
[04Apr2025 10:59:17.602] [Server thread/WARN] [net.minecraft.world.level.chunk.ChunkAccess/]: Trying to mark a block for PostProcessing @ MutableBlockPos{x=76, y=53, z=29}, but this operation is not supported.
[04Apr2025 10:59:17.603] [Server thread/WARN] [net.minecraft.world.level.chunk.ChunkAccess/]: Trying to mark a block for PostProcessing @ MutableBlockPos{x=76, y=54, z=29}, but this operation is not supported.
[04Apr2025 10:59:17.603] [Server thread/WARN] [net.minecraft.world.level.chunk.ChunkAccess/]: Trying to mark a block for PostProcessing @ MutableBlockPos{x=79, y=51, z=29}, but this operation is not supported.
[04Apr2025 10:59:17.603] [Server thread/WARN] [net.minecraft.world.level.chunk.ChunkAccess/]: Trying to mark a block for PostProcessing @ MutableBlockPos{x=79, y=52, z=29}, but this operation is not supported.
[04Apr2025 10:59:17.603] [Server thread/WARN] [net.minecraft.world.level.chunk.ChunkAccess/]: Trying to mark a block for PostProcessing @ MutableBlockPos{x=79, y=53, z=29}, but this operation is not supported.
[04Apr2025 10:59:17.603] [Server thread/WARN] [net.minecraft.world.level.chunk.ChunkAccess/]: Trying to mark a block for PostProcessing @ MutableBlockPos{x=79, y=54, z=29}, but this operation is not supported.
[04Apr2025 10:59:17.604] [Server thread/WARN] [net.minecraft.world.level.chunk.ChunkAccess/]: Trying to mark a block for PostProcessing @ MutableBlockPos{x=82, y=51, z=25}, but this operation is not supported.
[04Apr2025 10:59:17.607] [Server thread/WARN] [net.minecraft.world.level.chunk.ChunkAccess/]: Trying to mark a block for PostProcessing @ MutableBlockPos{x=82, y=52, z=25}, but this operation is not supported.
[04Apr2025 10:59:17.607] [Server thread/WARN] [net.minecraft.world.level.chunk.ChunkAccess/]: Trying to mark a block for PostProcessing @ MutableBlockPos{x=82, y=53, z=25}, but this operation is not supported.
[04Apr2025 10:59:17.607] [Server thread/WARN] [net.minecraft.world.level.chunk.ChunkAccess/]: Trying to mark a block for PostProcessing @ MutableBlockPos{x=82, y=54, z=25}, but this operation is not supported.
[04Apr2025 10:59:17.607] [Server thread/WARN] [net.minecraft.world.level.chunk.ChunkAccess/]: Trying to mark a block for PostProcessing @ MutableBlockPos{x=85, y=53, z=25}, but this operation is not supported.
[04Apr2025 10:59:17.607] [Server thread/WARN] [net.minecraft.world.level.chunk.ChunkAccess/]: Trying to mark a block for PostProcessing @ MutableBlockPos{x=85, y=54, z=25}, but this operation is not supported.
[04Apr2025 10:59:17.607] [Server thread/WARN] [net.minecraft.world.level.chunk.ChunkAccess/]: Trying to mark a block for PostProcessing @ MutableBlockPos{x=95, y=53, z=25}, but this operation is not supported.
[04Apr2025 10:59:17.607] [Server thread/WARN] [net.minecraft.world.level.chunk.ChunkAccess/]: Trying to mark a block for PostProcessing @ MutableBlockPos{x=95, y=54, z=25}, but this operation is not supported.
[04Apr2025 10:59:17.607] [Server thread/WARN] [net.minecraft.world.level.chunk.ChunkAccess/]: Trying to mark a block for PostProcessing @ MutableBlockPos{x=82, y=51, z=29}, but this operation is not supported.
[04Apr2025 10:59:17.607] [Server thread/WARN] [net.minecraft.world.level.chunk.ChunkAccess/]: Trying to mark a block for PostProcessing @ MutableBlockPos{x=82, y=52, z=29}, but this operation is not supported.
[04Apr2025 10:59:17.607] [Server thread/WARN] [net.minecraft.world.level.chunk.ChunkAccess/]: Trying to mark a block for PostProcessing @ MutableBlockPos{x=82, y=53, z=29}, but this operation is not supported.
[04Apr2025 10:59:17.607] [Server thread/WARN] [net.minecraft.world.level.chunk.ChunkAccess/]: Trying to mark a block for PostProcessing @ MutableBlockPos{x=82, y=54, z=29}, but this operation is not supported.
[04Apr2025 10:59:17.607] [Server thread/WARN] [net.minecraft.world.level.chunk.ChunkAccess/]: Trying to mark a block for PostProcessing @ MutableBlockPos{x=85, y=53, z=29}, but this operation is not supported.
[04Apr2025 10:59:17.607] [Server thread/WARN] [net.minecraft.world.level.chunk.ChunkAccess/]: Trying to mark a block for PostProcessing @ MutableBlockPos{x=85, y=54, z=29}, but this operation is not supported.
[04Apr2025 10:59:17.607] [Server thread/WARN] [net.minecraft.world.level.chunk.ChunkAccess/]: Trying to mark a block for PostProcessing @ MutableBlockPos{x=95, y=53, z=29}, but this operation is not supported.
[04Apr2025 10:59:17.608] [Server thread/WARN] [net.minecraft.world.level.chunk.ChunkAccess/]: Trying to mark a block for PostProcessing @ MutableBlockPos{x=95, y=54, z=29}, but this operation is not supported.
[04Apr2025 10:59:17.608] [Server thread/WARN] [net.minecraft.world.level.chunk.ChunkAccess/]: Trying to mark a block for PostProcessing @ MutableBlockPos{x=98, y=51, z=25}, but this operation is not supported.
[04Apr2025 10:59:17.608] [Server thread/WARN] [net.minecraft.world.level.chunk.ChunkAccess/]: Trying to mark a block for PostProcessing @ MutableBlockPos{x=98, y=52, z=25}, but this operation is not supported.
[04Apr2025 10:59:17.608] [Server thread/WARN] [net.minecraft.world.level.chunk.ChunkAccess/]: Trying to mark a block for PostProcessing @ MutableBlockPos{x=98, y=53, z=25}, but this operation is not supported.
[04Apr2025 10:59:17.608] [Server thread/WARN] [net.minecraft.world.level.chunk.ChunkAccess/]: Trying to mark a block for PostProcessing @ MutableBlockPos{x=98, y=54, z=25}, but this operation is not supported.
[04Apr2025 10:59:17.608] [Server thread/WARN] [net.minecraft.world.level.chunk.ChunkAccess/]: Trying to mark a block for PostProcessing @ MutableBlockPos{x=98, y=51, z=29}, but this operation is not supported.
[04Apr2025 10:59:17.608] [Server thread/WARN] [net.minecraft.world.level.chunk.ChunkAccess/]: Trying to mark a block for PostProcessing @ MutableBlockPos{x=98, y=52, z=29}, but this operation is not supported.
[04Apr2025 10:59:17.608] [Server thread/WARN] [net.minecraft.world.level.chunk.ChunkAccess/]: Trying to mark a block for PostProcessing @ MutableBlockPos{x=98, y=53, z=29}, but this operation is not supported.
[04Apr2025 10:59:17.608] [Server thread/WARN] [net.minecraft.world.level.chunk.ChunkAccess/]: Trying to mark a block for PostProcessing @ MutableBlockPos{x=98, y=54, z=29}, but this operation is not supported.
[04Apr2025 10:59:17.608] [Server thread/WARN] [net.minecraft.world.level.chunk.ChunkAccess/]: Trying to mark a block for PostProcessing @ MutableBlockPos{x=-65, y=53, z=38}, but this operation is not supported.
[04Apr2025 10:59:17.608] [Server thread/WARN] [net.minecraft.world.level.chunk.ChunkAccess/]: Trying to mark a block for PostProcessing @ MutableBlockPos{x=-65, y=54, z=38}, but this operation is not supported.
[04Apr2025 10:59:17.608] [Server thread/WARN] [net.minecraft.world.level.chunk.ChunkAccess/]: Trying to mark a block for PostProcessing @ MutableBlockPos{x=-65, y=51, z=41}, but this operation is not supported.
[04Apr2025 10:59:17.608] [Server thread/WARN] [net.minecraft.world.level.chunk.ChunkAccess/]: Trying to mark a block for PostProcessing @ MutableBlockPos{x=-65, y=52, z=41}, but this operation is not supported.
[04Apr2025 10:59:17.608] [Server thread/WARN] [net.minecraft.world.level.chunk.ChunkAccess/]: Trying to mark a block for PostProcessing @ MutableBlockPos{x=-65, y=53, z=41}, but this operation is not supported.
[04Apr2025 10:59:17.608] [Server thread/WARN] [net.minecraft.world.level.chunk.ChunkAccess/]: Trying to mark a block for PostProcessing @ MutableBlockPos{x=-65, y=54, z=41}, but this operation is not supported.
[04Apr2025 10:59:17.608] [Server thread/WARN] [net.minecraft.world.level.chunk.ChunkAccess/]: Trying to mark a block for PostProcessing @ MutableBlockPos{x=-65, y=51, z=44}, but this operation is not supported.
[04Apr2025 10:59:17.608] [Server thread/WARN] [net.minecraft.world.level.chunk.ChunkAccess/]: Trying to mark a block for PostProcessing @ MutableBlockPos{x=-65, y=52, z=44}, but this operation is not supported.
[04Apr2025 10:59:17.608] [Server thread/WARN] [net.minecraft.world.level.chunk.ChunkAccess/]: Trying to mark a block for PostProcessing @ MutableBlockPos{x=-65, y=53, z=44}, but this operation is not supported.
[04Apr2025 10:59:17.609] [Server thread/WARN] [net.minecraft.world.level.chunk.ChunkAccess/]: Trying to mark a block for PostProcessing @ MutableBlockPos{x=-65, y=54, z=44}, but this operation is not supported.
[04Apr2025 10:59:17.609] [Server thread/WARN] [net.minecraft.world.level.chunk.ChunkAccess/]: Trying to mark a block for PostProcessing @ MutableBlockPos{x=-65, y=53, z=47}, but this operation is not supported.
[04Apr2025 10:59:17.609] [Server thread/WARN] [net.minecraft.world.level.chunk.ChunkAccess/]: Trying to mark a block for PostProcessing @ MutableBlockPos{x=-65, y=54, z=47}, but this operation is not supported.
[04Apr2025 10:59:17.609] [Server thread/WARN] [net.minecraft.world.level.chunk.ChunkAccess/]: Trying to mark a block for PostProcessing @ MutableBlockPos{x=-61, y=53, z=38}, but this operation is not supported.
[04Apr2025 10:59:17.609] [Server thread/WARN] [net.minecraft.world.level.chunk.ChunkAccess/]: Trying to mark a block for PostProcessing @ MutableBlockPos{x=-61, y=54, z=38}, but this operation is not supported.
[04Apr2025 10:59:17.609] [Server thread/WARN] [net.minecraft.world.level.chunk.ChunkAccess/]: Trying to mark a block for PostProcessing @ MutableBlockPos{x=-61, y=51, z=41}, but this operation is not supported.
[04Apr2025 10:59:17.609] [Server thread/WARN] [net.minecraft.world.level.chunk.ChunkAccess/]: Trying to mark a block for PostProcessing @ MutableBlockPos{x=-61, y=52, z=41}, but this operation is not supported.
[04Apr2025 10:59:17.609] [Server thread/WARN] [net.minecraft.world.level.chunk.ChunkAccess/]: Trying to mark a block for PostProcessing @ MutableBlockPos{x=-61, y=53, z=41}, but this operation is not supported.
[04Apr2025 10:59:17.609] [Server thread/WARN] [net.minecraft.world.level.chunk.ChunkAccess/]: Trying to mark a block for PostProcessing @ MutableBlockPos{x=-61, y=54, z=41}, but this operation is not supported.
[04Apr2025 10:59:17.610] [Server thread/WARN] [net.minecraft.world.level.chunk.ChunkAccess/]: Trying to mark a block for PostProcessing @ MutableBlockPos{x=-61, y=51, z=44}, but this operation is not supported.
[04Apr2025 10:59:17.610] [Server thread/WARN] [net.minecraft.world.level.chunk.ChunkAccess/]: Trying to mark a block for PostProcessing @ MutableBlockPos{x=-61, y=52, z=44}, but this operation is not supported.
[04Apr2025 10:59:17.610] [Server thread/WARN] [net.minecraft.world.level.chunk.ChunkAccess/]: Trying to mark a block for PostProcessing @ MutableBlockPos{x=-61, y=53, z=44}, but this operation is not supported.
[04Apr2025 10:59:17.610] [Server thread/WARN] [net.minecraft.world.level.chunk.ChunkAccess/]: Trying to mark a block for PostProcessing @ MutableBlockPos{x=-61, y=54, z=44}, but this operation is not supported.
[04Apr2025 10:59:17.610] [Server thread/WARN] [net.minecraft.world.level.chunk.ChunkAccess/]: Trying to mark a block for PostProcessing @ MutableBlockPos{x=-61, y=53, z=47}, but this operation is not supported.
[04Apr2025 10:59:17.610] [Server thread/WARN] [net.minecraft.world.level.chunk.ChunkAccess/]: Trying to mark a block for PostProcessing @ MutableBlockPos{x=-61, y=54, z=47}, but this operation is not supported.
[04Apr2025 10:59:17.611] [Server thread/WARN] [net.minecraft.world.level.chunk.ChunkAccess/]: Trying to mark a block for PostProcessing @ MutableBlockPos{x=-20, y=65, z=34}, but this operation is not supported.
[04Apr2025 10:59:17.611] [Server thread/WARN] [net.minecraft.world.level.chunk.ChunkAccess/]: Trying to mark a block for PostProcessing @ MutableBlockPos{x=-21, y=65, z=34}, but this operation is not supported.
[04Apr2025 10:59:17.611] [Server thread/WARN] [net.minecraft.world.level.chunk.ChunkAccess/]: Trying to mark a block for PostProcessing @ MutableBlockPos{x=-21, y=65, z=35}, but this operation is not supported.
[04Apr2025 10:59:17.611] [Server thread/WARN] [net.minecraft.world.level.chunk.ChunkAccess/]: Trying to mark a block for PostProcessing @ MutableBlockPos{x=-21, y=65, z=36}, but this operation is not supported.
[04Apr2025 10:59:17.611] [Server thread/WARN] [net.minecraft.world.level.chunk.ChunkAccess/]: Trying to mark a block for PostProcessing @ MutableBlockPos{x=-21, y=65, z=37}, but this operation is not supported.
[04Apr2025 10:59:17.611] [Server thread/WARN] [net.minecraft.world.level.chunk.ChunkAccess/]: Trying to mark a block for PostProcessing @ MutableBlockPos{x=-21, y=65, z=38}, but this operation is not supported.
[04Apr2025 10:59:17.611] [Server thread/WARN] [net.minecraft.world.level.chunk.ChunkAccess/]: Trying to mark a block for PostProcessing @ MutableBlockPos{x=-21, y=65, z=39}, but this operation is not supported.
[04Apr2025 10:59:17.611] [Server thread/WARN] [net.minecraft.world.level.chunk.ChunkAccess/]: Trying to mark a block for PostProcessing @ MutableBlockPos{x=-20, y=65, z=39}, but this operation is not supported.
[04Apr2025 10:59:17.611] [Server thread/WARN] [net.minecraft.world.level.chunk.ChunkAccess/]: Trying to mark a block for PostProcessing @ MutableBlockPos{x=-19, y=65, z=39}, but this operation is not supported.
[04Apr2025 10:59:17.611] [Server thread/WARN] [net.minecraft.world.level.chunk.ChunkAccess/]: Trying to mark a block for PostProcessing @ MutableBlockPos{x=-18, y=65, z=39}, but this operation is not supported.
[04Apr2025 10:59:17.611] [Server thread/WARN] [net.minecraft.world.level.chunk.ChunkAccess/]: Trying to mark a block for PostProcessing @ MutableBlockPos{x=-17, y=65, z=39}, but this operation is not supported.
[04Apr2025 10:59:17.611] [Server thread/WARN] [net.minecraft.world.level.chunk.ChunkAccess/]: Trying to mark a block for PostProcessing @ MutableBlockPos{x=-20, y=66, z=39}, but this operation is not supported.
[04Apr2025 10:59:17.611] [Server thread/WARN] [net.minecraft.world.level.chunk.ChunkAccess/]: Trying to mark a block for PostProcessing @ MutableBlockPos{x=-19, y=66, z=39}, but this operation is not supported.
[04Apr2025 10:59:17.611] [Server thread/WARN] [net.minecraft.world.level.chunk.ChunkAccess/]: Trying to mark a block for PostProcessing @ MutableBlockPos{x=-18, y=66, z=39}, but this operation is not supported.
[04Apr2025 10:59:17.611] [Server thread/WARN] [net.minecraft.world.level.chunk.ChunkAccess/]: Trying to mark a block for PostProcessing @ MutableBlockPos{x=-17, y=66, z=39}, but this operation is not supported.
[04Apr2025 10:59:17.611] [Server thread/WARN] [net.minecraft.world.level.chunk.ChunkAccess/]: Trying to mark a block for PostProcessing @ MutableBlockPos{x=-19, y=67, z=39}, but this operation is not supported.
[04Apr2025 10:59:17.611] [Server thread/WARN] [net.minecraft.world.level.chunk.ChunkAccess/]: Trying to mark a block for PostProcessing @ MutableBlockPos{x=-18, y=67, z=39}, but this operation is not supported.
[04Apr2025 10:59:17.611] [Server thread/WARN] [net.minecraft.world.level.chunk.ChunkAccess/]: Trying to mark a block for PostProcessing @ MutableBlockPos{x=-17, y=67, z=39}, but this operation is not supported.
[04Apr2025 10:59:17.614] [Server thread/WARN] [net.minecraft.world.level.chunk.ChunkAccess/]: Trying to mark a block for PostProcessing @ MutableBlockPos{x=-16, y=65, z=34}, but this operation is not supported.
[04Apr2025 10:59:17.614] [Server thread/WARN] [net.minecraft.world.level.chunk.ChunkAccess/]: Trying to mark a block for PostProcessing @ MutableBlockPos{x=-15, y=65, z=34}, but this operation is not supported.
[04Apr2025 10:59:17.614] [Server thread/WARN] [net.minecraft.world.level.chunk.ChunkAccess/]: Trying to mark a block for PostProcessing @ MutableBlockPos{x=-15, y=65, z=35}, but this operation is not supported.
[04Apr2025 10:59:17.614] [Server thread/WARN] [net.minecraft.world.level.chunk.ChunkAccess/]: Trying to mark a block for PostProcessing @ MutableBlockPos{x=-15, y=65, z=36}, but this operation is not supported.
[04Apr2025 10:59:17.614] [Server thread/WARN] [net.minecraft.world.level.chunk.ChunkAccess/]: Trying to mark a block for PostProcessing @ MutableBlockPos{x=-15, y=65, z=37}, but this operation is not supported.
[04Apr2025 10:59:17.614] [Server thread/WARN] [net.minecraft.world.level.chunk.ChunkAccess/]: Trying to mark a block for PostProcessing @ MutableBlockPos{x=-15, y=65, z=38}, but this operation is not supported.
[04Apr2025 10:59:17.614] [Server thread/WARN] [net.minecraft.world.level.chunk.ChunkAccess/]: Trying to mark a block for PostProcessing @ MutableBlockPos{x=-15, y=65, z=39}, but this operation is not supported.
[04Apr2025 10:59:17.614] [Server thread/WARN] [net.minecraft.world.level.chunk.ChunkAccess/]: Trying to mark a block for PostProcessing @ MutableBlockPos{x=-16, y=65, z=39}, but this operation is not supported.
[04Apr2025 10:59:17.614] [Server thread/WARN] [net.minecraft.world.level.chunk.ChunkAccess/]: Trying to mark a block for PostProcessing @ MutableBlockPos{x=-16, y=66, z=39}, but this operation is not supported.
[04Apr2025 10:59:17.615] [Server thread/WARN] [net.minecraft.world.level.chunk.ChunkAccess/]: Trying to mark a block for PostProcessing @ MutableBlockPos{x=-65, y=53, z=57}, but this operation is not supported.
[04Apr2025 10:59:17.615] [Server thread/WARN] [net.minecraft.world.level.chunk.ChunkAccess/]: Trying to mark a block for PostProcessing @ MutableBlockPos{x=-65, y=54, z=57}, but this operation is not supported.
[04Apr2025 10:59:17.615] [Server thread/WARN] [net.minecraft.world.level.chunk.ChunkAccess/]: Trying to mark a block for PostProcessing @ MutableBlockPos{x=-65, y=51, z=60}, but this operation is not supported.
[04Apr2025 10:59:17.615] [Server thread/WARN] [net.minecraft.world.level.chunk.ChunkAccess/]: Trying to mark a block for PostProcessing @ MutableBlockPos{x=-65, y=52, z=60}, but this operation is not supported.
[04Apr2025 10:59:17.615] [Server thread/WARN] [net.minecraft.world.level.chunk.ChunkAccess/]: Trying to mark a block for PostProcessing @ MutableBlockPos{x=-65, y=53, z=60}, but this operation is not supported.
[04Apr2025 10:59:17.615] [Server thread/WARN] [net.minecraft.world.level.chunk.ChunkAccess/]: Trying to mark a block for PostProcessing @ MutableBlockPos{x=-65, y=54, z=60}, but this operation is not supported.
[04Apr2025 10:59:17.615] [Server thread/WARN] [net.minecraft.world.level.chunk.ChunkAccess/]: Trying to mark a block for PostProcessing @ MutableBlockPos{x=-65, y=51, z=63}, but this operation is not supported.
[04Apr2025 10:59:17.615] [Server thread/WARN] [net.minecraft.world.level.chunk.ChunkAccess/]: Trying to mark a block for PostProcessing @ MutableBlockPos{x=-65, y=52, z=63}, but this operation is not supported.
[04Apr2025 10:59:17.615] [Server thread/WARN] [net.minecraft.world.level.chunk.ChunkAccess/]: Trying to mark a block for PostProcessing @ MutableBlockPos{x=-65, y=53, z=63}, but this operation is not supported.
[04Apr2025 10:59:17.615] [Server thread/WARN] [net.minecraft.world.level.chunk.ChunkAccess/]: Trying to mark a block for PostProcessing @ MutableBlockPos{x=-65, y=54, z=63}, but this operation is not supported.
[04Apr2025 10:59:17.616] [Server thread/WARN] [net.minecraft.world.level.chunk.ChunkAccess/]: Trying to mark a block for PostProcessing @ MutableBlockPos{x=-61, y=53, z=57}, but this operation is not supported.
[04Apr2025 10:59:17.616] [Server thread/WARN] [net.minecraft.world.level.chunk.ChunkAccess/]: Trying to mark a block for PostProcessing @ MutableBlockPos{x=-61, y=54, z=57}, but this operation is not supported.
[04Apr2025 10:59:17.616] [Server thread/WARN] [net.minecraft.world.level.chunk.ChunkAccess/]: Trying to mark a block for PostProcessing @ MutableBlockPos{x=-61, y=51, z=60}, but this operation is not supported.
[04Apr2025 10:59:17.616] [Server thread/WARN] [net.minecraft.world.level.chunk.ChunkAccess/]: Trying to mark a block for PostProcessing @ MutableBlockPos{x=-61, y=52, z=60}, but this operation is not supported.
[04Apr2025 10:59:17.616] [Server thread/WARN] [net.minecraft.world.level.chunk.ChunkAccess/]: Trying to mark a block for PostProcessing @ MutableBlockPos{x=-61, y=53, z=60}, but this operation is not supported.
[04Apr2025 10:59:17.616] [Server thread/WARN] [net.minecraft.world.level.chunk.ChunkAccess/]: Trying to mark a block for PostProcessing @ MutableBlockPos{x=-61, y=54, z=60}, but this operation is not supported.
[04Apr2025 10:59:17.616] [Server thread/WARN] [net.minecraft.world.level.chunk.ChunkAccess/]: Trying to mark a block for PostProcessing @ MutableBlockPos{x=-61, y=51, z=63}, but this operation is not supported.
[04Apr2025 10:59:17.616] [Server thread/WARN] [net.minecraft.world.level.chunk.ChunkAccess/]: Trying to mark a block for PostProcessing @ MutableBlockPos{x=-61, y=52, z=63}, but this operation is not supported.
[04Apr2025 10:59:17.616] [Server thread/WARN] [net.minecraft.world.level.chunk.ChunkAccess/]: Trying to mark a block for PostProcessing @ MutableBlockPos{x=-61, y=53, z=63}, but this operation is not supported.
[04Apr2025 10:59:17.616] [Server thread/WARN] [net.minecraft.world.level.chunk.ChunkAccess/]: Trying to mark a block for PostProcessing @ MutableBlockPos{x=-61, y=54, z=63}, but this operation is not supported.
[04Apr2025 10:59:17.617] [Server thread/WARN] [net.minecraft.world.level.chunk.ChunkAccess/]: Trying to mark a block for PostProcessing @ MutableBlockPos{x=-65, y=53, z=66}, but this operation is not supported.
[04Apr2025 10:59:17.617] [Server thread/WARN] [net.minecraft.world.level.chunk.ChunkAccess/]: Trying to mark a block for PostProcessing @ MutableBlockPos{x=-65, y=54, z=66}, but this operation is not supported.
[04Apr2025 10:59:17.617] [Server thread/WARN] [net.minecraft.world.level.chunk.ChunkAccess/]: Trying to mark a block for PostProcessing @ MutableBlockPos{x=-65, y=53, z=76}, but this operation is not supported.
[04Apr2025 10:59:17.617] [Server thread/WARN] [net.minecraft.world.level.chunk.ChunkAccess/]: Trying to mark a block for PostProcessing @ MutableBlockPos{x=-65, y=54, z=76}, but this operation is not supported.
[04Apr2025 10:59:17.617] [Server thread/WARN] [net.minecraft.world.level.chunk.ChunkAccess/]: Trying to mark a block for PostProcessing @ MutableBlockPos{x=-65, y=51, z=79}, but this operation is not supported.
[04Apr2025 10:59:17.617] [Server thread/WARN] [net.minecraft.world.level.chunk.ChunkAccess/]: Trying to mark a block for PostProcessing @ MutableBlockPos{x=-65, y=52, z=79}, but this operation is not supported.
[04Apr2025 10:59:17.617] [Server thread/WARN] [net.minecraft.world.level.chunk.ChunkAccess/]: Trying to mark a block for PostProcessing @ MutableBlockPos{x=-65, y=53, z=79}, but this operation is not supported.
[04Apr2025 10:59:17.617] [Server thread/WARN] [net.minecraft.world.level.chunk.ChunkAccess/]: Trying to mark a block for PostProcessing @ MutableBlockPos{x=-65, y=54, z=79}, but this operation is not supported.
[04Apr2025 10:59:17.617] [Server thread/WARN] [net.minecraft.world.level.chunk.ChunkAccess/]: Trying to mark a block for PostProcessing @ MutableBlockPos{x=-61, y=53, z=66}, but this operation is not supported.
[04Apr2025 10:59:17.617] [Server thread/WARN] [net.minecraft.world.level.chunk.ChunkAccess/]: Trying to mark a block for PostProcessing @ MutableBlockPos{x=-61, y=54, z=66}, but this operation is not supported.
[04Apr2025 10:59:17.617] [Server thread/WARN] [net.minecraft.world.level.chunk.ChunkAccess/]: Trying to mark a block for PostProcessing @ MutableBlockPos{x=-61, y=53, z=76}, but this operation is not supported.
[04Apr2025 10:59:17.618] [Server thread/WARN] [net.minecraft.world.level.chunk.ChunkAccess/]: Trying to mark a block for PostProcessing @ MutableBlockPos{x=-61, y=54, z=76}, but this operation is not supported.
[04Apr2025 10:59:17.618] [Server thread/WARN] [net.minecraft.world.level.chunk.ChunkAccess/]: Trying to mark a block for PostProcessing @ MutableBlockPos{x=-61, y=51, z=79}, but this operation is not supported.
[04Apr2025 10:59:17.618] [Server thread/WARN] [net.minecraft.world.level.chunk.ChunkAccess/]: Trying to mark a block for PostProcessing @ MutableBlockPos{x=-61, y=52, z=79}, but this operation is not supported.
[04Apr2025 10:59:17.618] [Server thread/WARN] [net.minecraft.world.level.chunk.ChunkAccess/]: Trying to mark a block for PostProcessing @ MutableBlockPos{x=-61, y=53, z=79}, but this operation is not supported.
[04Apr2025 10:59:17.618] [Server thread/WARN] [net.minecraft.world.level.chunk.ChunkAccess/]: Trying to mark a block for PostProcessing @ MutableBlockPos{x=-61, y=54, z=79}, but this operation is not supported.
[04Apr2025 10:59:17.618] [Server thread/WARN] [net.minecraft.world.level.chunk.ChunkAccess/]: Trying to mark a block for PostProcessing @ MutableBlockPos{x=-65, y=51, z=82}, but this operation is not supported.
[04Apr2025 10:59:17.618] [Server thread/WARN] [net.minecraft.world.level.chunk.ChunkAccess/]: Trying to mark a block for PostProcessing @ MutableBlockPos{x=-65, y=52, z=82}, but this operation is not supported.
[04Apr2025 10:59:17.618] [Server thread/WARN] [net.minecraft.world.level.chunk.ChunkAccess/]: Trying to mark a block for PostProcessing @ MutableBlockPos{x=-65, y=53, z=82}, but this operation is not supported.
[04Apr2025 10:59:17.618] [Server thread/WARN] [net.minecraft.world.level.chunk.ChunkAccess/]: Trying to mark a block for PostProcessing @ MutableBlockPos{x=-65, y=54, z=82}, but this operation is not supported.
[04Apr2025 10:59:17.618] [Server thread/WARN] [net.minecraft.world.level.chunk.ChunkAccess/]: Trying to mark a block for PostProcessing @ MutableBlockPos{x=-65, y=53, z=85}, but this operation is not supported.
[04Apr2025 10:59:17.618] [Server thread/WARN] [net.minecraft.world.level.chunk.ChunkAccess/]: Trying to mark a block for PostProcessing @ MutableBlockPos{x=-65, y=54, z=85}, but this operation is not supported.
[04Apr2025 10:59:17.618] [Server thread/WARN] [net.minecraft.world.level.chunk.ChunkAccess/]: Trying to mark a block for PostProcessing @ MutableBlockPos{x=-65, y=53, z=95}, but this operation is not supported.
[04Apr2025 10:59:17.618] [Server thread/WARN] [net.minecraft.world.level.chunk.ChunkAccess/]: Trying to mark a block for PostProcessing @ MutableBlockPos{x=-65, y=54, z=95}, but this operation is not supported.
[04Apr2025 10:59:17.619] [Server thread/WARN] [net.minecraft.world.level.chunk.ChunkAccess/]: Trying to mark a block for PostProcessing @ MutableBlockPos{x=-61, y=51, z=82}, but this operation is not supported.
[04Apr2025 10:59:17.619] [Server thread/WARN] [net.minecraft.world.level.chunk.ChunkAccess/]: Trying to mark a block for PostProcessing @ MutableBlockPos{x=-61, y=52, z=82}, but this operation is not supported.
[04Apr2025 10:59:17.619] [Server thread/WARN] [net.minecraft.world.level.chunk.ChunkAccess/]: Trying to mark a block for PostProcessing @ MutableBlockPos{x=-61, y=53, z=82}, but this operation is not supported.
[04Apr2025 10:59:17.620] [Server thread/WARN] [net.minecraft.world.level.chunk.ChunkAccess/]: Trying to mark a block for PostProcessing @ MutableBlockPos{x=-61, y=54, z=82}, but this operation is not supported.
[04Apr2025 10:59:17.620] [Server thread/WARN] [net.minecraft.world.level.chunk.ChunkAccess/]: Trying to mark a block for PostProcessing @ MutableBlockPos{x=-61, y=53, z=85}, but this operation is not supported.
[04Apr2025 10:59:17.620] [Server thread/WARN] [net.minecraft.world.level.chunk.ChunkAccess/]: Trying to mark a block for PostProcessing @ MutableBlockPos{x=-61, y=54, z=85}, but this operation is not supported.
[04Apr2025 10:59:17.620] [Server thread/WARN] [net.minecraft.world.level.chunk.ChunkAccess/]: Trying to mark a block for PostProcessing @ MutableBlockPos{x=-61, y=53, z=95}, but this operation is not supported.
[04Apr2025 10:59:17.620] [Server thread/WARN] [net.minecraft.world.level.chunk.ChunkAccess/]: Trying to mark a block for PostProcessing @ MutableBlockPos{x=-61, y=54, z=95}, but this operation is not supported.
[04Apr2025 10:59:17.620] [Server thread/WARN] [net.minecraft.world.level.chunk.ChunkAccess/]: Trying to mark a block for PostProcessing @ MutableBlockPos{x=-27, y=53, z=95}, but this operation is not supported.
[04Apr2025 10:59:17.620] [Server thread/WARN] [net.minecraft.world.level.chunk.ChunkAccess/]: Trying to mark a block for PostProcessing @ MutableBlockPos{x=-27, y=54, z=95}, but this operation is not supported.
[04Apr2025 10:59:17.620] [Server thread/WARN] [net.minecraft.world.level.chunk.ChunkAccess/]: Trying to mark a block for PostProcessing @ MutableBlockPos{x=-27, y=53, z=85}, but this operation is not supported.
[04Apr2025 10:59:17.620] [Server thread/WARN] [net.minecraft.world.level.chunk.ChunkAccess/]: Trying to mark a block for PostProcessing @ MutableBlockPos{x=-27, y=54, z=85}, but this operation is not supported.
[04Apr2025 10:59:17.620] [Server thread/WARN] [net.minecraft.world.level.chunk.ChunkAccess/]: Trying to mark a block for PostProcessing @ MutableBlockPos{x=-27, y=51, z=82}, but this operation is not supported.
[04Apr2025 10:59:17.620] [Server thread/WARN] [net.minecraft.world.level.chunk.ChunkAccess/]: Trying to mark a block for PostProcessing @ MutableBlockPos{x=-27, y=52, z=82}, but this operation is not supported.
[04Apr2025 10:59:17.620] [Server thread/WARN] [net.minecraft.world.level.chunk.ChunkAccess/]: Trying to mark a block for PostProcessing @ MutableBlockPos{x=-27, y=53, z=82}, but this operation is not supported.
[04Apr2025 10:59:17.620] [Server thread/WARN] [net.minecraft.world.level.chunk.ChunkAccess/]: Trying to mark a block for PostProcessing @ MutableBlockPos{x=-27, y=54, z=82}, but this operation is not supported.
[04Apr2025 10:59:17.620] [Server thread/WARN] [net.minecraft.world.level.chunk.ChunkAccess/]: Trying to mark a block for PostProcessing @ MutableBlockPos{x=-23, y=53, z=95}, but this operation is not supported.
[04Apr2025 10:59:17.620] [Server thread/WARN] [net.minecraft.world.level.chunk.ChunkAccess/]: Trying to mark a block for PostProcessing @ MutableBlockPos{x=-23, y=54, z=95}, but this operation is not supported.
[04Apr2025 10:59:17.620] [Server thread/WARN] [net.minecraft.world.level.chunk.ChunkAccess/]: Trying to mark a block for PostProcessing @ MutableBlockPos{x=-23, y=53, z=85}, but this operation is not supported.
[04Apr2025 10:59:17.620] [Server thread/WARN] [net.minecraft.world.level.chunk.ChunkAccess/]: Trying to mark a block for PostProcessing @ MutableBlockPos{x=-23, y=54, z=85}, but this operation is not supported.
[04Apr2025 10:59:17.620] [Server thread/WARN] [net.minecraft.world.level.chunk.ChunkAccess/]: Trying to mark a block for PostProcessing @ MutableBlockPos{x=-23, y=51, z=82}, but this operation is not supported.
[04Apr2025 10:59:17.620] [Server thread/WARN] [net.minecraft.world.level.chunk.ChunkAccess/]: Trying to mark a block for PostProcessing @ MutableBlockPos{x=-23, y=52, z=82}, but this operation is not supported.
[04Apr2025 10:59:17.620] [Server thread/WARN] [net.minecraft.world.level.chunk.ChunkAccess/]: Trying to mark a block for PostProcessing @ MutableBlockPos{x=-23, y=53, z=82}, but this operation is not supported.
[04Apr2025 10:59:17.620] [Server thread/WARN] [net.minecraft.world.level.chunk.ChunkAccess/]: Trying to mark a block for PostProcessing @ MutableBlockPos{x=-23, y=54, z=82}, but this operation is not supported.
[04Apr2025 10:59:17.622] [Server thread/WARN] [net.minecraft.world.level.chunk.ChunkAccess/]: Trying to mark a block for PostProcessing @ MutableBlockPos{x=-115, y=53, z=107}, but this operation is not supported.
[04Apr2025 10:59:17.622] [Server thread/WARN] [net.minecraft.world.level.chunk.ChunkAccess/]: Trying to mark a block for PostProcessing @ MutableBlockPos{x=-115, y=54, z=107}, but this operation is not supported.
[04Apr2025 10:59:17.622] [Server thread/WARN] [net.minecraft.world.level.chunk.ChunkAccess/]: Trying to mark a block for PostProcessing @ MutableBlockPos{x=-125, y=53, z=107}, but this operation is not supported.
[04Apr2025 10:59:17.622] [Server thread/WARN] [net.minecraft.world.level.chunk.ChunkAccess/]: Trying to mark a block for PostProcessing @ MutableBlockPos{x=-125, y=54, z=107}, but this operation is not supported.
[04Apr2025 10:59:17.622] [Server thread/WARN] [net.minecraft.world.level.chunk.ChunkAccess/]: Trying to mark a block for PostProcessing @ MutableBlockPos{x=-128, y=51, z=107}, but this operation is not supported.
[04Apr2025 10:59:17.622] [Server thread/WARN] [net.minecraft.world.level.chunk.ChunkAccess/]: Trying to mark a block for PostProcessing @ MutableBlockPos{x=-128, y=52, z=107}, but this operation is not supported.
[04Apr2025 10:59:17.622] [Server thread/WARN] [net.minecraft.world.level.chunk.ChunkAccess/]: Trying to mark a block for PostProcessing @ MutableBlockPos{x=-128, y=53, z=107}, but this operation is not supported.
[04Apr2025 10:59:17.622] [Server thread/WARN] [net.minecraft.world.level.chunk.ChunkAccess/]: Trying to mark a block for PostProcessing @ MutableBlockPos{x=-128, y=54, z=107}, but this operation is not supported.
[04Apr2025 10:59:17.622] [Server thread/WARN] [net.minecraft.world.level.chunk.ChunkAccess/]: Trying to mark a block for PostProcessing @ MutableBlockPos{x=-115, y=53, z=111}, but this operation is not supported.
[04Apr2025 10:59:17.622] [Server thread/WARN] [net.minecraft.world.level.chunk.ChunkAccess/]: Trying to mark a block for PostProcessing @ MutableBlockPos{x=-115, y=54, z=111}, but this operation is not supported.
[04Apr2025 10:59:17.622] [Server thread/WARN] [net.minecraft.world.level.chunk.ChunkAccess/]: Trying to mark a block for PostProcessing @ MutableBlockPos{x=-125, y=53, z=111}, but this operation is not supported.
[04Apr2025 10:59:17.622] [Server thread/WARN] [net.minecraft.world.level.chunk.ChunkAccess/]: Trying to mark a block for PostProcessing @ MutableBlockPos{x=-125, y=54, z=111}, but this operation is not supported.
[04Apr2025 10:59:17.622] [Server thread/WARN] [net.minecraft.world.level.chunk.ChunkAccess/]: Trying to mark a block for PostProcessing @ MutableBlockPos{x=-128, y=51, z=111}, but this operation is not supported.
[04Apr2025 10:59:17.622] [Server thread/WARN] [net.minecraft.world.level.chunk.ChunkAccess/]: Trying to mark a block for PostProcessing @ MutableBlockPos{x=-128, y=52, z=111}, but this operation is not supported.
[04Apr2025 10:59:17.622] [Server thread/WARN] [net.minecraft.world.level.chunk.ChunkAccess/]: Trying to mark a block for PostProcessing @ MutableBlockPos{x=-128, y=53, z=111}, but this operation is not supported.
[04Apr2025 10:59:17.622] [Server thread/WARN] [net.minecraft.world.level.chunk.ChunkAccess/]: Trying to mark a block for PostProcessing @ MutableBlockPos{x=-128, y=54, z=111}, but this operation is not supported.
[04Apr2025 10:59:17.623] [Server thread/WARN] [net.minecraft.world.level.chunk.ChunkAccess/]: Trying to mark a block for PostProcessing @ MutableBlockPos{x=-106, y=53, z=107}, but this operation is not supported.
[04Apr2025 10:59:17.623] [Server thread/WARN] [net.minecraft.world.level.chunk.ChunkAccess/]: Trying to mark a block for PostProcessing @ MutableBlockPos{x=-106, y=54, z=107}, but this operation is not supported.
[04Apr2025 10:59:17.623] [Server thread/WARN] [net.minecraft.world.level.chunk.ChunkAccess/]: Trying to mark a block for PostProcessing @ MutableBlockPos{x=-109, y=51, z=107}, but this operation is not supported.
[04Apr2025 10:59:17.623] [Server thread/WARN] [net.minecraft.world.level.chunk.ChunkAccess/]: Trying to mark a block for PostProcessing @ MutableBlockPos{x=-109, y=52, z=107}, but this operation is not supported.
[04Apr2025 10:59:17.623] [Server thread/WARN] [net.minecraft.world.level.chunk.ChunkAccess/]: Trying to mark a block for PostProcessing @ MutableBlockPos{x=-109, y=53, z=107}, but this operation is not supported.
[04Apr2025 10:59:17.623] [Server thread/WARN] [net.minecraft.world.level.chunk.ChunkAccess/]: Trying to mark a block for PostProcessing @ MutableBlockPos{x=-109, y=54, z=107}, but this operation is not supported.
[04Apr2025 10:59:17.623] [Server thread/WARN] [net.minecraft.world.level.chunk.ChunkAccess/]: Trying to mark a block for PostProcessing @ MutableBlockPos{x=-106, y=53, z=111}, but this operation is not supported.
[04Apr2025 10:59:17.623] [Server thread/WARN] [net.minecraft.world.level.chunk.ChunkAccess/]: Trying to mark a block for PostProcessing @ MutableBlockPos{x=-106, y=54, z=111}, but this operation is not supported.
[04Apr2025 10:59:17.623] [Server thread/WARN] [net.minecraft.world.level.chunk.ChunkAccess/]: Trying to mark a block for PostProcessing @ MutableBlockPos{x=-109, y=51, z=111}, but this operation is not supported.
[04Apr2025 10:59:17.623] [Server thread/WARN] [net.minecraft.world.level.chunk.ChunkAccess/]: Trying to mark a block for PostProcessing @ MutableBlockPos{x=-109, y=52, z=111}, but this operation is not supported.
[04Apr2025 10:59:17.623] [Server thread/WARN] [net.minecraft.world.level.chunk.ChunkAccess/]: Trying to mark a block for PostProcessing @ MutableBlockPos{x=-109, y=53, z=111}, but this operation is not supported.
[04Apr2025 10:59:17.623] [Server thread/WARN] [net.minecraft.world.level.chunk.ChunkAccess/]: Trying to mark a block for PostProcessing @ MutableBlockPos{x=-109, y=54, z=111}, but this operation is not supported.
[04Apr2025 10:59:17.624] [Server thread/WARN] [net.minecraft.world.level.chunk.ChunkAccess/]: Trying to mark a block for PostProcessing @ MutableBlockPos{x=-112, y=51, z=107}, but this operation is not supported.
[04Apr2025 10:59:17.624] [Server thread/WARN] [net.minecraft.world.level.chunk.ChunkAccess/]: Trying to mark a block for PostProcessing @ MutableBlockPos{x=-112, y=52, z=107}, but this operation is not supported.
[04Apr2025 10:59:17.624] [Server thread/WARN] [net.minecraft.world.level.chunk.ChunkAccess/]: Trying to mark a block for PostProcessing @ MutableBlockPos{x=-112, y=53, z=107}, but this operation is not supported.
[04Apr2025 10:59:17.624] [Server thread/WARN] [net.minecraft.world.level.chunk.ChunkAccess/]: Trying to mark a block for PostProcessing @ MutableBlockPos{x=-112, y=54, z=107}, but this operation is not supported.
[04Apr2025 10:59:17.624] [Server thread/WARN] [net.minecraft.world.level.chunk.ChunkAccess/]: Trying to mark a block for PostProcessing @ MutableBlockPos{x=-112, y=51, z=111}, but this operation is not supported.
[04Apr2025 10:59:17.624] [Server thread/WARN] [net.minecraft.world.level.chunk.ChunkAccess/]: Trying to mark a block for PostProcessing @ MutableBlockPos{x=-112, y=52, z=111}, but this operation is not supported.
[04Apr2025 10:59:17.624] [Server thread/WARN] [net.minecraft.world.level.chunk.ChunkAccess/]: Trying to mark a block for PostProcessing @ MutableBlockPos{x=-112, y=53, z=111}, but this operation is not supported.
[04Apr2025 10:59:17.624] [Server thread/WARN] [net.minecraft.world.level.chunk.ChunkAccess/]: Trying to mark a block for PostProcessing @ MutableBlockPos{x=-112, y=54, z=111}, but this operation is not supported.
[04Apr2025 10:59:17.625] [Server thread/WARN] [net.minecraft.world.level.chunk.ChunkAccess/]: Trying to mark a block for PostProcessing @ MutableBlockPos{x=-87, y=53, z=107}, but this operation is not supported.
[04Apr2025 10:59:17.625] [Server thread/WARN] [net.minecraft.world.level.chunk.ChunkAccess/]: Trying to mark a block for PostProcessing @ MutableBlockPos{x=-87, y=54, z=107}, but this operation is not supported.
[04Apr2025 10:59:17.625] [Server thread/WARN] [net.minecraft.world.level.chunk.ChunkAccess/]: Trying to mark a block for PostProcessing @ MutableBlockPos{x=-90, y=51, z=107}, but this operation is not supported.
[04Apr2025 10:59:17.625] [Server thread/WARN] [net.minecraft.world.level.chunk.ChunkAccess/]: Trying to mark a block for PostProcessing @ MutableBlockPos{x=-90, y=52, z=107}, but this operation is not supported.
[04Apr2025 10:59:17.625] [Server thread/WARN] [net.minecraft.world.level.chunk.ChunkAccess/]: Trying to mark a block for PostProcessing @ MutableBlockPos{x=-90, y=53, z=107}, but this operation is not supported.
[04Apr2025 10:59:17.625] [Server thread/WARN] [net.minecraft.world.level.chunk.ChunkAccess/]: Trying to mark a block for PostProcessing @ MutableBlockPos{x=-90, y=54, z=107}, but this operation is not supported.
[04Apr2025 10:59:17.625] [Server thread/WARN] [net.minecraft.world.level.chunk.ChunkAccess/]: Trying to mark a block for PostProcessing @ MutableBlockPos{x=-87, y=53, z=111}, but this operation is not supported.
[04Apr2025 10:59:17.625] [Server thread/WARN] [net.minecraft.world.level.chunk.ChunkAccess/]: Trying to mark a block for PostProcessing @ MutableBlockPos{x=-87, y=54, z=111}, but this operation is not supported.
[04Apr2025 10:59:17.625] [Server thread/WARN] [net.minecraft.world.level.chunk.ChunkAccess/]: Trying to mark a block for PostProcessing @ MutableBlockPos{x=-90, y=51, z=111}, but this operation is not supported.
[04Apr2025 10:59:17.625] [Server thread/WARN] [net.minecraft.world.level.chunk.ChunkAccess/]: Trying to mark a block for PostProcessing @ MutableBlockPos{x=-90, y=52, z=111}, but this operation is not supported.
[04Apr2025 10:59:17.625] [Server thread/WARN] [net.minecraft.world.level.chunk.ChunkAccess/]: Trying to mark a block for PostProcessing @ MutableBlockPos{x=-90, y=53, z=111}, but this operation is not supported.
[04Apr2025 10:59:17.625] [Server thread/WARN] [net.minecraft.world.level.chunk.ChunkAccess/]: Trying to mark a block for PostProcessing @ MutableBlockPos{x=-90, y=54, z=111}, but this operation is not supported.
[04Apr2025 10:59:17.625] [Server thread/WARN] [net.minecraft.world.level.chunk.ChunkAccess/]: Trying to mark a block for PostProcessing @ MutableBlockPos{x=-93, y=51, z=107}, but this operation is not supported.
[04Apr2025 10:59:17.625] [Server thread/WARN] [net.minecraft.world.level.chunk.ChunkAccess/]: Trying to mark a block for PostProcessing @ MutableBlockPos{x=-93, y=52, z=107}, but this operation is not supported.
[04Apr2025 10:59:17.625] [Server thread/WARN] [net.minecraft.world.level.chunk.ChunkAccess/]: Trying to mark a block for PostProcessing @ MutableBlockPos{x=-93, y=53, z=107}, but this operation is not supported.
[04Apr2025 10:59:17.625] [Server thread/WARN] [net.minecraft.world.level.chunk.ChunkAccess/]: Trying to mark a block for PostProcessing @ MutableBlockPos{x=-93, y=54, z=107}, but this operation is not supported.
[04Apr2025 10:59:17.625] [Server thread/WARN] [net.minecraft.world.level.chunk.ChunkAccess/]: Trying to mark a block for PostProcessing @ MutableBlockPos{x=-96, y=53, z=107}, but this operation is not supported.
[04Apr2025 10:59:17.625] [Server thread/WARN] [net.minecraft.world.level.chunk.ChunkAccess/]: Trying to mark a block for PostProcessing @ MutableBlockPos{x=-96, y=54, z=107}, but this operation is not supported.
[04Apr2025 10:59:17.625] [Server thread/WARN] [net.minecraft.world.level.chunk.ChunkAccess/]: Trying to mark a block for PostProcessing @ MutableBlockPos{x=-93, y=51, z=111}, but this operation is not supported.
[04Apr2025 10:59:17.626] [Server thread/WARN] [net.minecraft.world.level.chunk.ChunkAccess/]: Trying to mark a block for PostProcessing @ MutableBlockPos{x=-93, y=52, z=111}, but this operation is not supported.
[04Apr2025 10:59:17.626] [Server thread/WARN] [net.minecraft.world.level.chunk.ChunkAccess/]: Trying to mark a block for PostProcessing @ MutableBlockPos{x=-93, y=53, z=111}, but this operation is not supported.
[04Apr2025 10:59:17.626] [Server thread/WARN] [net.minecraft.world.level.chunk.ChunkAccess/]: Trying to mark a block for PostProcessing @ MutableBlockPos{x=-93, y=54, z=111}, but this operation is not supported.
[04Apr2025 10:59:17.626] [Server thread/WARN] [net.minecraft.world.level.chunk.ChunkAccess/]: Trying to mark a block for PostProcessing @ MutableBlockPos{x=-96, y=53, z=111}, but this operation is not supported.
[04Apr2025 10:59:17.626] [Server thread/WARN] [net.minecraft.world.level.chunk.ChunkAccess/]: Trying to mark a block for PostProcessing @ MutableBlockPos{x=-96, y=54, z=111}, but this operation is not supported.
[04Apr2025 10:59:17.626] [Server thread/WARN] [net.minecraft.world.level.chunk.ChunkAccess/]: Trying to mark a block for PostProcessing @ MutableBlockPos{x=-65, y=51, z=98}, but this operation is not supported.
[04Apr2025 10:59:17.626] [Server thread/WARN] [net.minecraft.world.level.chunk.ChunkAccess/]: Trying to mark a block for PostProcessing @ MutableBlockPos{x=-65, y=52, z=98}, but this operation is not supported.
[04Apr2025 10:59:17.626] [Server thread/WARN] [net.minecraft.world.level.chunk.ChunkAccess/]: Trying to mark a block for PostProcessing @ MutableBlockPos{x=-65, y=53, z=98}, but this operation is not supported.
[04Apr2025 10:59:17.626] [Server thread/WARN] [net.minecraft.world.level.chunk.ChunkAccess/]: Trying to mark a block for PostProcessing @ MutableBlockPos{x=-65, y=54, z=98}, but this operation is not supported.
[04Apr2025 10:59:17.627] [Server thread/WARN] [net.minecraft.world.level.chunk.ChunkAccess/]: Trying to mark a block for PostProcessing @ MutableBlockPos{x=-74, y=51, z=107}, but this operation is not supported.
[04Apr2025 10:59:17.627] [Server thread/WARN] [net.minecraft.world.level.chunk.ChunkAccess/]: Trying to mark a block for PostProcessing @ MutableBlockPos{x=-74, y=52, z=107}, but this operation is not supported.
[04Apr2025 10:59:17.627] [Server thread/WARN] [net.minecraft.world.level.chunk.ChunkAccess/]: Trying to mark a block for PostProcessing @ MutableBlockPos{x=-74, y=53, z=107}, but this operation is not supported.
[04Apr2025 10:59:17.627] [Server thread/WARN] [net.minecraft.world.level.chunk.ChunkAccess/]: Trying to mark a block for PostProcessing @ MutableBlockPos{x=-74, y=54, z=107}, but this operation is not supported.
[04Apr2025 10:59:17.627] [Server thread/WARN] [net.minecraft.world.level.chunk.ChunkAccess/]: Trying to mark a block for PostProcessing @ MutableBlockPos{x=-77, y=53, z=107}, but this operation is not supported.
[04Apr2025 10:59:17.627] [Server thread/WARN] [net.minecraft.world.level.chunk.ChunkAccess/]: Trying to mark a block for PostProcessing @ MutableBlockPos{x=-77, y=54, z=107}, but this operation is not supported.
[04Apr2025 10:59:17.627] [Server thread/WARN] [net.minecraft.world.level.chunk.ChunkAccess/]: Trying to mark a block for PostProcessing @ MutableBlockPos{x=-74, y=51, z=111}, but this operation is not supported.
[04Apr2025 10:59:17.627] [Server thread/WARN] [net.minecraft.world.level.chunk.ChunkAccess/]: Trying to mark a block for PostProcessing @ MutableBlockPos{x=-74, y=52, z=111}, but this operation is not supported.
[04Apr2025 10:59:17.627] [Server thread/WARN] [net.minecraft.world.level.chunk.ChunkAccess/]: Trying to mark a block for PostProcessing @ MutableBlockPos{x=-74, y=53, z=111}, but this operation is not supported.
[04Apr2025 10:59:17.627] [Server thread/WARN] [net.minecraft.world.level.chunk.ChunkAccess/]: Trying to mark a block for PostProcessing @ MutableBlockPos{x=-74, y=54, z=111}, but this operation is not supported.
[04Apr2025 10:59:17.628] [Server thread/WARN] [net.minecraft.world.level.chunk.ChunkAccess/]: Trying to mark a block for PostProcessing @ MutableBlockPos{x=-77, y=53, z=111}, but this operation is not supported.
[04Apr2025 10:59:17.628] [Server thread/WARN] [net.minecraft.world.level.chunk.ChunkAccess/]: Trying to mark a block for PostProcessing @ MutableBlockPos{x=-77, y=54, z=111}, but this operation is not supported.
[04Apr2025 10:59:17.628] [Server thread/WARN] [net.minecraft.world.level.chunk.ChunkAccess/]: Trying to mark a block for PostProcessing @ MutableBlockPos{x=-61, y=51, z=98}, but this operation is not supported.
[04Apr2025 10:59:17.628] [Server thread/WARN] [net.minecraft.world.level.chunk.ChunkAccess/]: Trying to mark a block for PostProcessing @ MutableBlockPos{x=-61, y=52, z=98}, but this operation is not supported.
[04Apr2025 10:59:17.628] [Server thread/WARN] [net.minecraft.world.level.chunk.ChunkAccess/]: Trying to mark a block for PostProcessing @ MutableBlockPos{x=-61, y=53, z=98}, but this operation is not supported.
[04Apr2025 10:59:17.628] [Server thread/WARN] [net.minecraft.world.level.chunk.ChunkAccess/]: Trying to mark a block for PostProcessing @ MutableBlockPos{x=-61, y=54, z=98}, but this operation is not supported.
[04Apr2025 10:59:17.629] [Server thread/WARN] [net.minecraft.world.level.chunk.ChunkAccess/]: Trying to mark a block for PostProcessing @ MutableBlockPos{x=-52, y=51, z=107}, but this operation is not supported.
[04Apr2025 10:59:17.630] [Server thread/WARN] [net.minecraft.world.level.chunk.ChunkAccess/]: Trying to mark a block for PostProcessing @ MutableBlockPos{x=-52, y=52, z=107}, but this operation is not supported.
[04Apr2025 10:59:17.630] [Server thread/WARN] [net.minecraft.world.level.chunk.ChunkAccess/]: Trying to mark a block for PostProcessing @ MutableBlockPos{x=-52, y=53, z=107}, but this operation is not supported.
[04Apr2025 10:59:17.630] [Server thread/WARN] [net.minecraft.world.level.chunk.ChunkAccess/]: Trying to mark a block for PostProcessing @ MutableBlockPos{x=-52, y=54, z=107}, but this operation is not supported.
[04Apr2025 10:59:17.630] [Server thread/WARN] [net.minecraft.world.level.chunk.ChunkAccess/]: Trying to mark a block for PostProcessing @ MutableBlockPos{x=-49, y=53, z=107}, but this operation is not supported.
[04Apr2025 10:59:17.630] [Server thread/WARN] [net.minecraft.world.level.chunk.ChunkAccess/]: Trying to mark a block for PostProcessing @ MutableBlockPos{x=-49, y=54, z=107}, but this operation is not supported.
[04Apr2025 10:59:17.630] [Server thread/WARN] [net.minecraft.world.level.chunk.ChunkAccess/]: Trying to mark a block for PostProcessing @ MutableBlockPos{x=-52, y=51, z=111}, but this operation is not supported.
[04Apr2025 10:59:17.630] [Server thread/WARN] [net.minecraft.world.level.chunk.ChunkAccess/]: Trying to mark a block for PostProcessing @ MutableBlockPos{x=-52, y=52, z=111}, but this operation is not supported.
[04Apr2025 10:59:17.630] [Server thread/WARN] [net.minecraft.world.level.chunk.ChunkAccess/]: Trying to mark a block for PostProcessing @ MutableBlockPos{x=-52, y=53, z=111}, but this operation is not supported.
[04Apr2025 10:59:17.630] [Server thread/WARN] [net.minecraft.world.level.chunk.ChunkAccess/]: Trying to mark a block for PostProcessing @ MutableBlockPos{x=-52, y=54, z=111}, but this operation is not supported.
[04Apr2025 10:59:17.630] [Server thread/WARN] [net.minecraft.world.level.chunk.ChunkAccess/]: Trying to mark a block for PostProcessing @ MutableBlockPos{x=-49, y=53, z=111}, but this operation is not supported.
[04Apr2025 10:59:17.630] [Server thread/WARN] [net.minecraft.world.level.chunk.ChunkAccess/]: Trying to mark a block for PostProcessing @ MutableBlockPos{x=-49, y=54, z=111}, but this operation is not supported.
[04Apr2025 10:59:17.631] [Server thread/WARN] [net.minecraft.world.level.chunk.ChunkAccess/]: Trying to mark a block for PostProcessing @ MutableBlockPos{x=-39, y=53, z=107}, but this operation is not supported.
[04Apr2025 10:59:17.631] [Server thread/WARN] [net.minecraft.world.level.chunk.ChunkAccess/]: Trying to mark a block for PostProcessing @ MutableBlockPos{x=-39, y=54, z=107}, but this operation is not supported.
[04Apr2025 10:59:17.631] [Server thread/WARN] [net.minecraft.world.level.chunk.ChunkAccess/]: Trying to mark a block for PostProcessing @ MutableBlockPos{x=-36, y=51, z=107}, but this operation is not supported.
[04Apr2025 10:59:17.631] [Server thread/WARN] [net.minecraft.world.level.chunk.ChunkAccess/]: Trying to mark a block for PostProcessing @ MutableBlockPos{x=-36, y=52, z=107}, but this operation is not supported.
[04Apr2025 10:59:17.631] [Server thread/WARN] [net.minecraft.world.level.chunk.ChunkAccess/]: Trying to mark a block for PostProcessing @ MutableBlockPos{x=-36, y=53, z=107}, but this operation is not supported.
[04Apr2025 10:59:17.631] [Server thread/WARN] [net.minecraft.world.level.chunk.ChunkAccess/]: Trying to mark a block for PostProcessing @ MutableBlockPos{x=-36, y=54, z=107}, but this operation is not supported.
[04Apr2025 10:59:17.631] [Server thread/WARN] [net.minecraft.world.level.chunk.ChunkAccess/]: Trying to mark a block for PostProcessing @ MutableBlockPos{x=-39, y=53, z=111}, but this operation is not supported.
[04Apr2025 10:59:17.631] [Server thread/WARN] [net.minecraft.world.level.chunk.ChunkAccess/]: Trying to mark a block for PostProcessing @ MutableBlockPos{x=-39, y=54, z=111}, but this operation is not supported.
[04Apr2025 10:59:17.631] [Server thread/WARN] [net.minecraft.world.level.chunk.ChunkAccess/]: Trying to mark a block for PostProcessing @ MutableBlockPos{x=-36, y=51, z=111}, but this operation is not supported.
[04Apr2025 10:59:17.631] [Server thread/WARN] [net.minecraft.world.level.chunk.ChunkAccess/]: Trying to mark a block for PostProcessing @ MutableBlockPos{x=-36, y=52, z=111}, but this operation is not supported.
[04Apr2025 10:59:17.631] [Server thread/WARN] [net.minecraft.world.level.chunk.ChunkAccess/]: Trying to mark a block for PostProcessing @ MutableBlockPos{x=-36, y=53, z=111}, but this operation is not supported.
[04Apr2025 10:59:17.631] [Server thread/WARN] [net.minecraft.world.level.chunk.ChunkAccess/]: Trying to mark a block for PostProcessing @ MutableBlockPos{x=-36, y=54, z=111}, but this operation is not supported.
[04Apr2025 10:59:17.633] [Server thread/WARN] [net.minecraft.world.level.chunk.ChunkAccess/]: Trying to mark a block for PostProcessing @ MutableBlockPos{x=-27, y=51, z=98}, but this operation is not supported.
[04Apr2025 10:59:17.633] [Server thread/WARN] [net.minecraft.world.level.chunk.ChunkAccess/]: Trying to mark a block for PostProcessing @ MutableBlockPos{x=-27, y=52, z=98}, but this operation is not supported.
[04Apr2025 10:59:17.633] [Server thread/WARN] [net.minecraft.world.level.chunk.ChunkAccess/]: Trying to mark a block for PostProcessing @ MutableBlockPos{x=-27, y=53, z=98}, but this operation is not supported.
[04Apr2025 10:59:17.633] [Server thread/WARN] [net.minecraft.world.level.chunk.ChunkAccess/]: Trying to mark a block for PostProcessing @ MutableBlockPos{x=-27, y=54, z=98}, but this operation is not supported.
[04Apr2025 10:59:17.633] [Server thread/WARN] [net.minecraft.world.level.chunk.ChunkAccess/]: Trying to mark a block for PostProcessing @ MutableBlockPos{x=-23, y=51, z=98}, but this operation is not supported.
[04Apr2025 10:59:17.633] [Server thread/WARN] [net.minecraft.world.level.chunk.ChunkAccess/]: Trying to mark a block for PostProcessing @ MutableBlockPos{x=-23, y=52, z=98}, but this operation is not supported.
[04Apr2025 10:59:17.633] [Server thread/WARN] [net.minecraft.world.level.chunk.ChunkAccess/]: Trying to mark a block for PostProcessing @ MutableBlockPos{x=-23, y=53, z=98}, but this operation is not supported.
[04Apr2025 10:59:17.633] [Server thread/WARN] [net.minecraft.world.level.chunk.ChunkAccess/]: Trying to mark a block for PostProcessing @ MutableBlockPos{x=-23, y=54, z=98}, but this operation is not supported.
[04Apr2025 10:59:17.634] [Server thread/WARN] [net.minecraft.world.level.chunk.ChunkAccess/]: Trying to mark a block for PostProcessing @ MutableBlockPos{x=-14, y=51, z=107}, but this operation is not supported.
[04Apr2025 10:59:17.635] [Server thread/WARN] [net.minecraft.world.level.chunk.ChunkAccess/]: Trying to mark a block for PostProcessing @ MutableBlockPos{x=-14, y=52, z=107}, but this operation is not supported.
[04Apr2025 10:59:17.635] [Server thread/WARN] [net.minecraft.world.level.chunk.ChunkAccess/]: Trying to mark a block for PostProcessing @ MutableBlockPos{x=-14, y=53, z=107}, but this operation is not supported.
[04Apr2025 10:59:17.635] [Server thread/WARN] [net.minecraft.world.level.chunk.ChunkAccess/]: Trying to mark a block for PostProcessing @ MutableBlockPos{x=-14, y=54, z=107}, but this operation is not supported.
[04Apr2025 10:59:17.635] [Server thread/WARN] [net.minecraft.world.level.chunk.ChunkAccess/]: Trying to mark a block for PostProcessing @ MutableBlockPos{x=-11, y=53, z=107}, but this operation is not supported.
[04Apr2025 10:59:17.635] [Server thread/WARN] [net.minecraft.world.level.chunk.ChunkAccess/]: Trying to mark a block for PostProcessing @ MutableBlockPos{x=-11, y=54, z=107}, but this operation is not supported.
[04Apr2025 10:59:17.635] [Server thread/WARN] [net.minecraft.world.level.chunk.ChunkAccess/]: Trying to mark a block for PostProcessing @ MutableBlockPos{x=-1, y=53, z=107}, but this operation is not supported.
[04Apr2025 10:59:17.635] [Server thread/WARN] [net.minecraft.world.level.chunk.ChunkAccess/]: Trying to mark a block for PostProcessing @ MutableBlockPos{x=-1, y=54, z=107}, but this operation is not supported.
[04Apr2025 10:59:17.635] [Server thread/WARN] [net.minecraft.world.level.chunk.ChunkAccess/]: Trying to mark a block for PostProcessing @ MutableBlockPos{x=-14, y=51, z=111}, but this operation is not supported.
[04Apr2025 10:59:17.635] [Server thread/WARN] [net.minecraft.world.level.chunk.ChunkAccess/]: Trying to mark a block for PostProcessing @ MutableBlockPos{x=-14, y=52, z=111}, but this operation is not supported.
[04Apr2025 10:59:17.635] [Server thread/WARN] [net.minecraft.world.level.chunk.ChunkAccess/]: Trying to mark a block for PostProcessing @ MutableBlockPos{x=-14, y=53, z=111}, but this operation is not supported.
[04Apr2025 10:59:17.635] [Server thread/WARN] [net.minecraft.world.level.chunk.ChunkAccess/]: Trying to mark a block for PostProcessing @ MutableBlockPos{x=-14, y=54, z=111}, but this operation is not supported.
[04Apr2025 10:59:17.635] [Server thread/WARN] [net.minecraft.world.level.chunk.ChunkAccess/]: Trying to mark a block for PostProcessing @ MutableBlockPos{x=-11, y=53, z=111}, but this operation is not supported.
[04Apr2025 10:59:17.635] [Server thread/WARN] [net.minecraft.world.level.chunk.ChunkAccess/]: Trying to mark a block for PostProcessing @ MutableBlockPos{x=-11, y=54, z=111}, but this operation is not supported.
[04Apr2025 10:59:17.635] [Server thread/WARN] [net.minecraft.world.level.chunk.ChunkAccess/]: Trying to mark a block for PostProcessing @ MutableBlockPos{x=-1, y=53, z=111}, but this operation is not supported.
[04Apr2025 10:59:17.635] [Server thread/WARN] [net.minecraft.world.level.chunk.ChunkAccess/]: Trying to mark a block for PostProcessing @ MutableBlockPos{x=-1, y=54, z=111}, but this operation is not supported.
[04Apr2025 10:59:17.635] [Server thread/WARN] [net.minecraft.world.level.chunk.ChunkAccess/]: Trying to mark a block for PostProcessing @ MutableBlockPos{x=2, y=51, z=107}, but this operation is not supported.
[04Apr2025 10:59:17.635] [Server thread/WARN] [net.minecraft.world.level.chunk.ChunkAccess/]: Trying to mark a block for PostProcessing @ MutableBlockPos{x=2, y=52, z=107}, but this operation is not supported.
[04Apr2025 10:59:17.636] [Server thread/WARN] [net.minecraft.world.level.chunk.ChunkAccess/]: Trying to mark a block for PostProcessing @ MutableBlockPos{x=2, y=53, z=107}, but this operation is not supported.
[04Apr2025 10:59:17.636] [Server thread/WARN] [net.minecraft.world.level.chunk.ChunkAccess/]: Trying to mark a block for PostProcessing @ MutableBlockPos{x=2, y=54, z=107}, but this operation is not supported.
[04Apr2025 10:59:17.636] [Server thread/WARN] [net.minecraft.world.level.chunk.ChunkAccess/]: Trying to mark a block for PostProcessing @ MutableBlockPos{x=2, y=51, z=111}, but this operation is not supported.
[04Apr2025 10:59:17.636] [Server thread/WARN] [net.minecraft.world.level.chunk.ChunkAccess/]: Trying to mark a block for PostProcessing @ MutableBlockPos{x=2, y=52, z=111}, but this operation is not supported.
[04Apr2025 10:59:17.636] [Server thread/WARN] [net.minecraft.world.level.chunk.ChunkAccess/]: Trying to mark a block for PostProcessing @ MutableBlockPos{x=2, y=53, z=111}, but this operation is not supported.
[04Apr2025 10:59:17.636] [Server thread/WARN] [net.minecraft.world.level.chunk.ChunkAccess/]: Trying to mark a block for PostProcessing @ MutableBlockPos{x=2, y=54, z=111}, but this operation is not supported.
[04Apr2025 10:59:17.638] [Server thread/WARN] [net.minecraft.world.level.chunk.ChunkAccess/]: Trying to mark a block for PostProcessing @ MutableBlockPos{x=-65, y=51, z=120}, but this operation is not supported.
[04Apr2025 10:59:17.638] [Server thread/WARN] [net.minecraft.world.level.chunk.ChunkAccess/]: Trying to mark a block for PostProcessing @ MutableBlockPos{x=-65, y=52, z=120}, but this operation is not supported.
[04Apr2025 10:59:17.638] [Server thread/WARN] [net.minecraft.world.level.chunk.ChunkAccess/]: Trying to mark a block for PostProcessing @ MutableBlockPos{x=-65, y=53, z=120}, but this operation is not supported.
[04Apr2025 10:59:17.638] [Server thread/WARN] [net.minecraft.world.level.chunk.ChunkAccess/]: Trying to mark a block for PostProcessing @ MutableBlockPos{x=-65, y=54, z=120}, but this operation is not supported.
[04Apr2025 10:59:17.638] [Server thread/WARN] [net.minecraft.world.level.chunk.ChunkAccess/]: Trying to mark a block for PostProcessing @ MutableBlockPos{x=-65, y=53, z=123}, but this operation is not supported.
[04Apr2025 10:59:17.638] [Server thread/WARN] [net.minecraft.world.level.chunk.ChunkAccess/]: Trying to mark a block for PostProcessing @ MutableBlockPos{x=-65, y=54, z=123}, but this operation is not supported.
[04Apr2025 10:59:17.639] [Server thread/WARN] [net.minecraft.world.level.chunk.ChunkAccess/]: Trying to mark a block for PostProcessing @ MutableBlockPos{x=-61, y=51, z=120}, but this operation is not supported.
[04Apr2025 10:59:17.639] [Server thread/WARN] [net.minecraft.world.level.chunk.ChunkAccess/]: Trying to mark a block for PostProcessing @ MutableBlockPos{x=-61, y=52, z=120}, but this operation is not supported.
[04Apr2025 10:59:17.639] [Server thread/WARN] [net.minecraft.world.level.chunk.ChunkAccess/]: Trying to mark a block for PostProcessing @ MutableBlockPos{x=-61, y=53, z=120}, but this operation is not supported.
[04Apr2025 10:59:17.639] [Server thread/WARN] [net.minecraft.world.level.chunk.ChunkAccess/]: Trying to mark a block for PostProcessing @ MutableBlockPos{x=-61, y=54, z=120}, but this operation is not supported.
[04Apr2025 10:59:17.639] [Server thread/WARN] [net.minecraft.world.level.chunk.ChunkAccess/]: Trying to mark a block for PostProcessing @ MutableBlockPos{x=-61, y=53, z=123}, but this operation is not supported.
[04Apr2025 10:59:17.639] [Server thread/WARN] [net.minecraft.world.level.chunk.ChunkAccess/]: Trying to mark a block for PostProcessing @ MutableBlockPos{x=-61, y=54, z=123}, but this operation is not supported.
[04Apr2025 10:59:17.640] [Server thread/WARN] [net.minecraft.world.level.chunk.ChunkAccess/]: Trying to mark a block for PostProcessing @ MutableBlockPos{x=-27, y=51, z=120}, but this operation is not supported.
[04Apr2025 10:59:17.641] [Server thread/WARN] [net.minecraft.world.level.chunk.ChunkAccess/]: Trying to mark a block for PostProcessing @ MutableBlockPos{x=-27, y=52, z=120}, but this operation is not supported.
[04Apr2025 10:59:17.641] [Server thread/WARN] [net.minecraft.world.level.chunk.ChunkAccess/]: Trying to mark a block for PostProcessing @ MutableBlockPos{x=-27, y=53, z=120}, but this operation is not supported.
[04Apr2025 10:59:17.641] [Server thread/WARN] [net.minecraft.world.level.chunk.ChunkAccess/]: Trying to mark a block for PostProcessing @ MutableBlockPos{x=-27, y=54, z=120}, but this operation is not supported.
[04Apr2025 10:59:17.641] [Server thread/WARN] [net.minecraft.world.level.chunk.ChunkAccess/]: Trying to mark a block for PostProcessing @ MutableBlockPos{x=-27, y=53, z=123}, but this operation is not supported.
[04Apr2025 10:59:17.641] [Server thread/WARN] [net.minecraft.world.level.chunk.ChunkAccess/]: Trying to mark a block for PostProcessing @ MutableBlockPos{x=-27, y=54, z=123}, but this operation is not supported.
[04Apr2025 10:59:17.641] [Server thread/WARN] [net.minecraft.world.level.chunk.ChunkAccess/]: Trying to mark a block for PostProcessing @ MutableBlockPos{x=-23, y=51, z=120}, but this operation is not supported.
[04Apr2025 10:59:17.641] [Server thread/WARN] [net.minecraft.world.level.chunk.ChunkAccess/]: Trying to mark a block for PostProcessing @ MutableBlockPos{x=-23, y=52, z=120}, but this operation is not supported.
[04Apr2025 10:59:17.641] [Server thread/WARN] [net.minecraft.world.level.chunk.ChunkAccess/]: Trying to mark a block for PostProcessing @ MutableBlockPos{x=-23, y=53, z=120}, but this operation is not supported.
[04Apr2025 10:59:17.641] [Server thread/WARN] [net.minecraft.world.level.chunk.ChunkAccess/]: Trying to mark a block for PostProcessing @ MutableBlockPos{x=-23, y=54, z=120}, but this operation is not supported.
[04Apr2025 10:59:17.641] [Server thread/WARN] [net.minecraft.world.level.chunk.ChunkAccess/]: Trying to mark a block for PostProcessing @ MutableBlockPos{x=-23, y=53, z=123}, but this operation is not supported.
[04Apr2025 10:59:17.641] [Server thread/WARN] [net.minecraft.world.level.chunk.ChunkAccess/]: Trying to mark a block for PostProcessing @ MutableBlockPos{x=-23, y=54, z=123}, but this operation is not supported.
[04Apr2025 10:59:17.642] [Server thread/WARN] [net.minecraft.world.level.chunk.ChunkAccess/]: Trying to mark a block for PostProcessing @ MutableBlockPos{x=-65, y=53, z=133}, but this operation is not supported.
[04Apr2025 10:59:17.642] [Server thread/WARN] [net.minecraft.world.level.chunk.ChunkAccess/]: Trying to mark a block for PostProcessing @ MutableBlockPos{x=-65, y=54, z=133}, but this operation is not supported.
[04Apr2025 10:59:17.642] [Server thread/WARN] [net.minecraft.world.level.chunk.ChunkAccess/]: Trying to mark a block for PostProcessing @ MutableBlockPos{x=-65, y=51, z=136}, but this operation is not supported.
[04Apr2025 10:59:17.642] [Server thread/WARN] [net.minecraft.world.level.chunk.ChunkAccess/]: Trying to mark a block for PostProcessing @ MutableBlockPos{x=-65, y=52, z=136}, but this operation is not supported.
[04Apr2025 10:59:17.642] [Server thread/WARN] [net.minecraft.world.level.chunk.ChunkAccess/]: Trying to mark a block for PostProcessing @ MutableBlockPos{x=-65, y=53, z=136}, but this operation is not supported.
[04Apr2025 10:59:17.642] [Server thread/WARN] [net.minecraft.world.level.chunk.ChunkAccess/]: Trying to mark a block for PostProcessing @ MutableBlockPos{x=-65, y=54, z=136}, but this operation is not supported.
[04Apr2025 10:59:17.643] [Server thread/WARN] [net.minecraft.world.level.chunk.ChunkAccess/]: Trying to mark a block for PostProcessing @ MutableBlockPos{x=-61, y=53, z=133}, but this operation is not supported.
[04Apr2025 10:59:17.643] [Server thread/WARN] [net.minecraft.world.level.chunk.ChunkAccess/]: Trying to mark a block for PostProcessing @ MutableBlockPos{x=-61, y=54, z=133}, but this operation is not supported.
[04Apr2025 10:59:17.643] [Server thread/WARN] [net.minecraft.world.level.chunk.ChunkAccess/]: Trying to mark a block for PostProcessing @ MutableBlockPos{x=-61, y=51, z=136}, but this operation is not supported.
[04Apr2025 10:59:17.643] [Server thread/WARN] [net.minecraft.world.level.chunk.ChunkAccess/]: Trying to mark a block for PostProcessing @ MutableBlockPos{x=-61, y=52, z=136}, but this operation is not supported.
[04Apr2025 10:59:17.643] [Server thread/WARN] [net.minecraft.world.level.chunk.ChunkAccess/]: Trying to mark a block for PostProcessing @ MutableBlockPos{x=-61, y=53, z=136}, but this operation is not supported.
[04Apr2025 10:59:17.643] [Server thread/WARN] [net.minecraft.world.level.chunk.ChunkAccess/]: Trying to mark a block for PostProcessing @ MutableBlockPos{x=-61, y=54, z=136}, but this operation is not supported.
[04Apr2025 10:59:17.645] [Server thread/WARN] [net.minecraft.world.level.chunk.ChunkAccess/]: Trying to mark a block for PostProcessing @ MutableBlockPos{x=-27, y=53, z=133}, but this operation is not supported.
[04Apr2025 10:59:17.645] [Server thread/WARN] [net.minecraft.world.level.chunk.ChunkAccess/]: Trying to mark a block for PostProcessing @ MutableBlockPos{x=-27, y=54, z=133}, but this operation is not supported.
[04Apr2025 10:59:17.645] [Server thread/WARN] [net.minecraft.world.level.chunk.ChunkAccess/]: Trying to mark a block for PostProcessing @ MutableBlockPos{x=-27, y=51, z=136}, but this operation is not supported.
[04Apr2025 10:59:17.645] [Server thread/WARN] [net.minecraft.world.level.chunk.ChunkAccess/]: Trying to mark a block for PostProcessing @ MutableBlockPos{x=-27, y=52, z=136}, but this operation is not supported.
[04Apr2025 10:59:17.645] [Server thread/WARN] [net.minecraft.world.level.chunk.ChunkAccess/]: Trying to mark a block for PostProcessing @ MutableBlockPos{x=-27, y=53, z=136}, but this operation is not supported.
[04Apr2025 10:59:17.645] [Server thread/WARN] [net.minecraft.world.level.chunk.ChunkAccess/]: Trying to mark a block for PostProcessing @ MutableBlockPos{x=-27, y=54, z=136}, but this operation is not supported.
[04Apr2025 10:59:17.645] [Server thread/WARN] [net.minecraft.world.level.chunk.ChunkAccess/]: Trying to mark a block for PostProcessing @ MutableBlockPos{x=-23, y=53, z=133}, but this operation is not supported.
[04Apr2025 10:59:17.645] [Server thread/WARN] [net.minecraft.world.level.chunk.ChunkAccess/]: Trying to mark a block for PostProcessing @ MutableBlockPos{x=-23, y=54, z=133}, but this operation is not supported.
[04Apr2025 10:59:17.645] [Server thread/WARN] [net.minecraft.world.level.chunk.ChunkAccess/]: Trying to mark a block for PostProcessing @ MutableBlockPos{x=-23, y=51, z=136}, but this operation is not supported.
[04Apr2025 10:59:17.645] [Server thread/WARN] [net.minecraft.world.level.chunk.ChunkAccess/]: Trying to mark a block for PostProcessing @ MutableBlockPos{x=-23, y=52, z=136}, but this operation is not supported.
[04Apr2025 10:59:17.645] [Server thread/WARN] [net.minecraft.world.level.chunk.ChunkAccess/]: Trying to mark a block for PostProcessing @ MutableBlockPos{x=-23, y=53, z=136}, but this operation is not supported.
[04Apr2025 10:59:17.645] [Server thread/WARN] [net.minecraft.world.level.chunk.ChunkAccess/]: Trying to mark a block for PostProcessing @ MutableBlockPos{x=-23, y=54, z=136}, but this operation is not supported.
[04Apr2025 10:59:17.645] [Server thread/INFO] [net.minecraft.server.MinecraftServer/]: [Dev: Generated structure "minecraft:fortress" at -5, 43, 28]
[04Apr2025 10:59:17.646] [Render thread/INFO] [net.minecraft.client.gui.components.ChatComponent/]: [System] [CHAT] Generated structure "minecraft:fortress" at -5, 43, 28
[04Apr2025 10:59:49.959] [Server thread/INFO] [net.minecraft.client.server.IntegratedServer/]: Saving and pausing game...
[04Apr2025 10:59:49.969] [Server thread/INFO] [net.minecraft.server.MinecraftServer/]: Saving chunks for level 'ServerLevel[New World]'/minecraft:overworld
[04Apr2025 10:59:49.970] [Server thread/INFO] [net.minecraft.server.MinecraftServer/]: Saving chunks for level 'ServerLevel[New World]'/minecraft:the_end
[04Apr2025 10:59:49.971] [Server thread/INFO] [net.minecraft.server.MinecraftServer/]: Saving chunks for level 'ServerLevel[New World]'/minecraft:the_nether
[04Apr2025 10:59:49.975] [Server thread/INFO] [net.minecraft.server.MinecraftServer/]: Saving chunks for level 'ServerLevel[New World]'/atrox:spookydimension
[04Apr2025 11:00:28.227] [Server thread/INFO] [net.minecraft.client.server.IntegratedServer/]: Saving and pausing game...
[04Apr2025 11:00:28.249] [Server thread/INFO] [net.minecraft.server.MinecraftServer/]: Saving chunks for level 'ServerLevel[New World]'/minecraft:overworld
[04Apr2025 11:00:28.250] [Server thread/INFO] [net.minecraft.server.MinecraftServer/]: Saving chunks for level 'ServerLevel[New World]'/minecraft:the_end
[04Apr2025 11:00:28.251] [Server thread/INFO] [net.minecraft.server.MinecraftServer/]: Saving chunks for level 'ServerLevel[New World]'/minecraft:the_nether
[04Apr2025 11:00:28.253] [Server thread/INFO] [net.minecraft.server.MinecraftServer/]: Saving chunks for level 'ServerLevel[New World]'/atrox:spookydimension
[04Apr2025 11:00:32.624] [Render thread/WARN] [net.minecraft.client.multiplayer.ClientPacketListener/]: Received passengers for unknown entity
[04Apr2025 11:00:33.389] [Render thread/WARN] [net.minecraft.client.multiplayer.ClientPacketListener/]: Received passengers for unknown entity
[04Apr2025 11:00:34.578] [Server thread/INFO] [net.minecraft.client.server.IntegratedServer/]: Saving and pausing game...
[04Apr2025 11:00:34.599] [Server thread/INFO] [net.minecraft.server.MinecraftServer/]: Saving chunks for level 'ServerLevel[New World]'/minecraft:overworld
[04Apr2025 11:00:34.601] [Server thread/INFO] [net.minecraft.server.MinecraftServer/]: Saving chunks for level 'ServerLevel[New World]'/minecraft:the_end
[04Apr2025 11:00:34.601] [Server thread/INFO] [net.minecraft.server.MinecraftServer/]: Saving chunks for level 'ServerLevel[New World]'/minecraft:the_nether
[04Apr2025 11:00:34.610] [Server thread/INFO] [net.minecraft.server.MinecraftServer/]: Saving chunks for level 'ServerLevel[New World]'/atrox:spookydimension
[04Apr2025 11:00:35.766] [Server thread/INFO] [net.minecraft.client.server.IntegratedServer/]: Saving and pausing game...
[04Apr2025 11:00:35.851] [Server thread/INFO] [net.minecraft.server.MinecraftServer/]: Saving chunks for level 'ServerLevel[New World]'/minecraft:overworld
[04Apr2025 11:00:35.854] [Server thread/INFO] [net.minecraft.server.MinecraftServer/]: Saving chunks for level 'ServerLevel[New World]'/minecraft:the_end
[04Apr2025 11:00:35.854] [Server thread/INFO] [net.minecraft.server.MinecraftServer/]: Saving chunks for level 'ServerLevel[New World]'/minecraft:the_nether
[04Apr2025 11:00:35.855] [Server thread/INFO] [net.minecraft.server.MinecraftServer/]: Saving chunks for level 'ServerLevel[New World]'/atrox:spookydimension
[04Apr2025 11:00:36.136] [Render thread/WARN] [net.minecraft.client.multiplayer.ClientPacketListener/]: Received passengers for unknown entity
[04Apr2025 11:00:36.188] [Render thread/WARN] [net.minecraft.client.multiplayer.ClientPacketListener/]: Received passengers for unknown entity
[04Apr2025 11:00:36.775] [Server thread/INFO] [net.minecraft.client.server.IntegratedServer/]: Saving and pausing game...
[04Apr2025 11:00:36.784] [Server thread/INFO] [net.minecraft.server.MinecraftServer/]: Saving chunks for level 'ServerLevel[New World]'/minecraft:overworld
[04Apr2025 11:00:36.785] [Server thread/INFO] [net.minecraft.server.MinecraftServer/]: Saving chunks for level 'ServerLevel[New World]'/minecraft:the_end
[04Apr2025 11:00:36.786] [Server thread/INFO] [net.minecraft.server.MinecraftServer/]: Saving chunks for level 'ServerLevel[New World]'/minecraft:the_nether
[04Apr2025 11:00:36.787] [Server thread/INFO] [net.minecraft.server.MinecraftServer/]: Saving chunks for level 'ServerLevel[New World]'/atrox:spookydimension
[04Apr2025 11:00:43.739] [Server thread/INFO] [net.minecraft.server.MinecraftServer/]: Dev has reached the goal [That was spooky]
[04Apr2025 11:00:43.741] [Render thread/INFO] [net.minecraft.client.gui.components.ChatComponent/]: [System] [CHAT] Dev has reached the goal [That was spooky]
[04Apr2025 11:00:43.940] [Render thread/INFO] [net.minecraft.advancements.AdvancementList/]: Loaded 41 advancements
[04Apr2025 11:00:58.830] [Server thread/INFO] [net.minecraft.server.MinecraftServer/]: [Dev: Set own game mode to Spectator Mode]
[04Apr2025 11:00:58.831] [Render thread/INFO] [net.minecraft.client.gui.components.ChatComponent/]: [System] [CHAT] Set own game mode to Spectator Mode
[04Apr2025 11:01:09.710] [Server thread/INFO] [net.minecraft.server.MinecraftServer/]: [Dev: Set own game mode to Creative Mode]
[04Apr2025 11:01:09.711] [Render thread/INFO] [net.minecraft.client.gui.components.ChatComponent/]: [System] [CHAT] Set own game mode to Creative Mode
[04Apr2025 11:01:38.058] [Server thread/INFO] [net.minecraft.client.server.IntegratedServer/]: Saving and pausing game...
[04Apr2025 11:01:38.068] [Server thread/INFO] [net.minecraft.server.MinecraftServer/]: Saving chunks for level 'ServerLevel[New World]'/minecraft:overworld
[04Apr2025 11:01:38.069] [Server thread/INFO] [net.minecraft.server.MinecraftServer/]: Saving chunks for level 'ServerLevel[New World]'/minecraft:the_end
[04Apr2025 11:01:38.070] [Server thread/INFO] [net.minecraft.server.MinecraftServer/]: Saving chunks for level 'ServerLevel[New World]'/minecraft:the_nether
[04Apr2025 11:01:38.071] [Server thread/INFO] [net.minecraft.server.MinecraftServer/]: Saving chunks for level 'ServerLevel[New World]'/atrox:spookydimension
[04Apr2025 11:01:49.709] [Server thread/INFO] [net.minecraft.client.server.IntegratedServer/]: Saving and pausing game...
[04Apr2025 11:01:49.722] [Server thread/INFO] [net.minecraft.server.MinecraftServer/]: Saving chunks for level 'ServerLevel[New World]'/minecraft:overworld
[04Apr2025 11:01:49.723] [Server thread/INFO] [net.minecraft.server.MinecraftServer/]: Saving chunks for level 'ServerLevel[New World]'/minecraft:the_end
[04Apr2025 11:01:49.723] [Server thread/INFO] [net.minecraft.server.MinecraftServer/]: Saving chunks for level 'ServerLevel[New World]'/minecraft:the_nether
[04Apr2025 11:01:49.724] [Server thread/INFO] [net.minecraft.server.MinecraftServer/]: Saving chunks for level 'ServerLevel[New World]'/atrox:spookydimension
[04Apr2025 11:02:00.395] [Server thread/INFO] [net.mcreator.atrox.AtroxMod/]: BOOSSECONDPHASE
[04Apr2025 11:02:00.395] [Server thread/INFO] [net.minecraft.server.MinecraftServer/]: Dev was killed
[04Apr2025 11:02:00.396] [Server thread/INFO] [net.minecraft.server.MinecraftServer/]: [Dev: Killed Dev]
[04Apr2025 11:02:00.397] [Render thread/INFO] [net.minecraft.client.gui.components.ChatComponent/]: [System] [CHAT] Dev was killed
[04Apr2025 11:02:00.397] [Render thread/INFO] [net.minecraft.client.gui.components.ChatComponent/]: [System] [CHAT] Killed Dev
[04Apr2025 11:02:01.657] [Server thread/INFO] [net.minecraft.client.server.IntegratedServer/]: Saving and pausing game...
[04Apr2025 11:02:01.667] [Server thread/INFO] [net.minecraft.server.MinecraftServer/]: Saving chunks for level 'ServerLevel[New World]'/minecraft:overworld
[04Apr2025 11:02:01.668] [Server thread/INFO] [net.minecraft.server.MinecraftServer/]: Saving chunks for level 'ServerLevel[New World]'/minecraft:the_end
[04Apr2025 11:02:01.668] [Server thread/INFO] [net.minecraft.server.MinecraftServer/]: Saving chunks for level 'ServerLevel[New World]'/minecraft:the_nether
[04Apr2025 11:02:01.669] [Server thread/INFO] [net.minecraft.server.MinecraftServer/]: Saving chunks for level 'ServerLevel[New World]'/atrox:spookydimension
[04Apr2025 11:02:36.361] [Render thread/INFO] [net.minecraft.advancements.AdvancementList/]: Loaded 43 advancements
[04Apr2025 11:02:43.011] [Render thread/INFO] [net.minecraft.advancements.AdvancementList/]: Loaded 52 advancements
[04Apr2025 11:02:47.347] [Server thread/INFO] [net.minecraft.server.MinecraftServer/]: Dev has made the advancement [Hot Stuff]
[04Apr2025 11:02:47.347] [Render thread/INFO] [net.minecraft.client.gui.components.ChatComponent/]: [System] [CHAT] Dev has made the advancement [Hot Stuff]
[04Apr2025 11:02:47.360] [Render thread/INFO] [net.minecraft.advancements.AdvancementList/]: Loaded 52 advancements
[04Apr2025 11:04:39.857] [Server thread/INFO] [net.minecraft.server.MinecraftServer/]: Dev has made the advancement [The End?]
[04Apr2025 11:04:39.859] [Render thread/INFO] [net.minecraft.client.gui.components.ChatComponent/]: [System] [CHAT] Dev has made the advancement [The End?]
[04Apr2025 11:04:39.872] [Render thread/INFO] [net.minecraft.advancements.AdvancementList/]: Loaded 58 advancements
[04Apr2025 11:04:40.729] [Server thread/INFO] [net.minecraft.world.level.dimension.end.EndDragonFight/]: Scanning for legacy world dragon fight...
[04Apr2025 11:04:40.734] [Server thread/INFO] [net.minecraft.world.level.dimension.end.EndDragonFight/]: Found that the dragon has not yet been killed in this world.
[04Apr2025 11:04:56.896] [Server thread/INFO] [net.mcreator.atrox.AtroxMod/]: BOOSSECONDPHASE
[04Apr2025 11:04:56.896] [Server thread/INFO] [net.minecraft.server.MinecraftServer/]: Dev was killed
[04Apr2025 11:04:56.896] [Server thread/INFO] [net.minecraft.server.MinecraftServer/]: [Dev: Killed Dev]
[04Apr2025 11:04:56.898] [Render thread/INFO] [net.minecraft.client.gui.components.ChatComponent/]: [System] [CHAT] Dev was killed
[04Apr2025 11:04:56.898] [Render thread/INFO] [net.minecraft.client.gui.components.ChatComponent/]: [System] [CHAT] Killed Dev
[04Apr2025 11:04:58.118] [Server thread/INFO] [net.minecraft.client.server.IntegratedServer/]: Saving and pausing game...
[04Apr2025 11:04:58.134] [Server thread/INFO] [net.minecraft.server.MinecraftServer/]: Saving chunks for level 'ServerLevel[New World]'/minecraft:overworld
[04Apr2025 11:04:58.138] [Server thread/INFO] [net.minecraft.server.MinecraftServer/]: Saving chunks for level 'ServerLevel[New World]'/minecraft:the_end
[04Apr2025 11:04:58.139] [Server thread/INFO] [net.minecraft.server.MinecraftServer/]: Saving chunks for level 'ServerLevel[New World]'/minecraft:the_nether
[04Apr2025 11:04:58.139] [Server thread/INFO] [net.minecraft.server.MinecraftServer/]: Saving chunks for level 'ServerLevel[New World]'/atrox:spookydimension
[04Apr2025 11:05:02.794] [Render thread/INFO] [net.minecraft.client.gui.components.ChatComponent/]: [System] [CHAT] Expected float
[04Apr2025 11:05:02.794] [Render thread/INFO] [net.minecraft.client.gui.components.ChatComponent/]: [System] [CHAT] time set do<--[HERE]
[04Apr2025 11:05:06.593] [Server thread/INFO] [net.minecraft.server.MinecraftServer/]: [Dev: Set the time to 1000]
[04Apr2025 11:05:06.594] [Render thread/INFO] [net.minecraft.client.gui.components.ChatComponent/]: [System] [CHAT] Set the time to 1000
[04Apr2025 11:05:13.649] [Server thread/INFO] [net.minecraft.server.MinecraftServer/]: [Dev: Gamerule doDaylightCycle is now set to: false]
[04Apr2025 11:05:13.650] [Render thread/INFO] [net.minecraft.client.gui.components.ChatComponent/]: [System] [CHAT] Gamerule doDaylightCycle is now set to: false
[04Apr2025 11:05:17.556] [Server thread/INFO] [net.minecraft.client.server.IntegratedServer/]: Saving and pausing game...
[04Apr2025 11:05:17.598] [Server thread/INFO] [net.minecraft.server.MinecraftServer/]: Saving chunks for level 'ServerLevel[New World]'/minecraft:overworld
[04Apr2025 11:05:17.599] [Server thread/INFO] [net.minecraft.server.MinecraftServer/]: Saving chunks for level 'ServerLevel[New World]'/minecraft:the_end
[04Apr2025 11:05:17.600] [Server thread/INFO] [net.minecraft.server.MinecraftServer/]: Saving chunks for level 'ServerLevel[New World]'/minecraft:the_nether
[04Apr2025 11:05:17.600] [Server thread/INFO] [net.minecraft.server.MinecraftServer/]: Saving chunks for level 'ServerLevel[New World]'/atrox:spookydimension
[04Apr2025 11:05:18.357] [Server thread/INFO] [net.minecraft.server.network.ServerGamePacketListenerImpl/]: Dev lost connection: Disconnected
[04Apr2025 11:05:18.357] [Server thread/INFO] [net.minecraft.server.MinecraftServer/]: Dev left the game
[04Apr2025 11:05:18.402] [Server thread/INFO] [net.minecraft.server.network.ServerGamePacketListenerImpl/]: Stopping singleplayer server as player logged out
[04Apr2025 11:05:18.410] [Server thread/INFO] [net.minecraft.server.MinecraftServer/]: Stopping server
[04Apr2025 11:05:18.410] [Server thread/INFO] [net.minecraft.server.MinecraftServer/]: Saving players
[04Apr2025 11:05:18.410] [Server thread/INFO] [net.minecraft.server.MinecraftServer/]: Saving worlds
[04Apr2025 11:05:18.575] [Server thread/INFO] [net.minecraft.server.MinecraftServer/]: Saving chunks for level 'ServerLevel[New World]'/minecraft:overworld
[04Apr2025 11:05:20.108] [Server thread/INFO] [net.minecraft.server.MinecraftServer/]: Saving chunks for level 'ServerLevel[New World]'/minecraft:the_end
[04Apr2025 11:05:20.197] [Server thread/INFO] [net.minecraft.server.MinecraftServer/]: Saving chunks for level 'ServerLevel[New World]'/minecraft:the_nether
[04Apr2025 11:05:20.286] [Server thread/INFO] [net.minecraft.server.MinecraftServer/]: Saving chunks for level 'ServerLevel[New World]'/atrox:spookydimension
[04Apr2025 11:05:20.391] [Server thread/INFO] [net.minecraft.server.MinecraftServer/]: ThreadedAnvilChunkStorage (New World (11)): All chunks are saved
[04Apr2025 11:05:20.392] [Server thread/INFO] [net.minecraft.server.MinecraftServer/]: ThreadedAnvilChunkStorage (DIM1): All chunks are saved
[04Apr2025 11:05:20.392] [Server thread/INFO] [net.minecraft.server.MinecraftServer/]: ThreadedAnvilChunkStorage (DIM-1): All chunks are saved
[04Apr2025 11:05:20.392] [Server thread/INFO] [net.minecraft.server.MinecraftServer/]: ThreadedAnvilChunkStorage (spookydimension): All chunks are saved
[04Apr2025 11:05:20.392] [Server thread/INFO] [net.minecraft.server.MinecraftServer/]: ThreadedAnvilChunkStorage: All dimensions are saved
[04Apr2025 11:05:33.759] [Render thread/INFO] [net.minecraftforge.registries.GameData/REGISTRIES]: Injecting existing registry data into this CLIENT instance
[04Apr2025 11:05:34.219] [Worker-Main-13/ERROR] [net.minecraft.tags.TagLoader/]: Couldn't load tag curios:charm as it is missing following references: atrox:ghostbauble (from main)
[04Apr2025 11:05:34.375] [Render thread/INFO] [net.minecraft.world.item.crafting.RecipeManager/]: Loaded 7 recipes
[04Apr2025 11:05:34.375] [Render thread/ERROR] [net.minecraft.server.ServerAdvancementManager/]: Parsing error loading custom advancement atrox:ghostbaubleequipped: Expected item to be an item, was unknown string 'atrox:ghostbauble'
[04Apr2025 11:05:34.389] [Render thread/INFO] [net.minecraft.advancements.AdvancementList/]: Loaded 1278 advancements
[04Apr2025 11:05:34.724] [Server thread/INFO] [net.minecraft.client.server.IntegratedServer/]: Starting integrated minecraft server version 1.20.1
[04Apr2025 11:05:34.725] [Server thread/INFO] [net.minecraft.server.MinecraftServer/]: Generating keypair
[04Apr2025 11:05:34.767] [Server thread/INFO] [net.minecraft.server.MinecraftServer/]: Preparing start region for dimension minecraft:overworld
[04Apr2025 11:05:35.365] [Render thread/INFO] [net.minecraft.server.level.progress.LoggerChunkProgressListener/]: Preparing spawn area: 0%
[04Apr2025 11:05:35.365] [Render thread/INFO] [net.minecraft.server.level.progress.LoggerChunkProgressListener/]: Preparing spawn area: 0%
[04Apr2025 11:05:35.783] [Render thread/INFO] [net.minecraft.server.level.progress.LoggerChunkProgressListener/]: Preparing spawn area: 88%
[04Apr2025 11:05:35.808] [Server thread/INFO] [net.minecraftforge.server.permission.PermissionAPI/]: Successfully initialized permission handler forge:default_handler
[04Apr2025 11:05:35.810] [Server thread/INFO] [net.minecraft.client.server.IntegratedServer/]: Changing view distance to 12, from 10
[04Apr2025 11:05:35.810] [Server thread/INFO] [net.minecraft.client.server.IntegratedServer/]: Changing simulation distance to 12, from 0
[04Apr2025 11:05:35.817] [Render thread/INFO] [net.minecraft.server.level.progress.LoggerChunkProgressListener/]: Time elapsed: 1042 ms
[04Apr2025 11:05:36.112] [Netty Local Client IO #2/INFO] [net.minecraftforge.network.NetworkHooks/]: Connected to a modded server.
[04Apr2025 11:05:36.130] [Server thread/INFO] [net.minecraft.server.players.PlayerList/]: Dev[local:E:21ae09a0] logged in with entity id 4428 at (-12.672822579405285, -42.0, -25.27623612684992)
[04Apr2025 11:05:36.135] [Server thread/INFO] [net.minecraft.server.MinecraftServer/]: Dev joined the game
[04Apr2025 11:05:36.307] [Render thread/INFO] [net.minecraft.advancements.AdvancementList/]: Loaded 58 advancements
[04Apr2025 11:05:39.158] [Server thread/INFO] [net.minecraft.client.server.IntegratedServer/]: Saving and pausing game...
[04Apr2025 11:05:39.203] [Server thread/INFO] [net.minecraft.server.MinecraftServer/]: Saving chunks for level 'ServerLevel[Demo World]'/minecraft:overworld
[04Apr2025 11:05:39.204] [Server thread/INFO] [net.minecraft.server.MinecraftServer/]: Saving chunks for level 'ServerLevel[Demo World]'/minecraft:the_end
[04Apr2025 11:05:39.205] [Server thread/INFO] [net.minecraft.server.MinecraftServer/]: Saving chunks for level 'ServerLevel[Demo World]'/minecraft:the_nether
[04Apr2025 11:05:39.206] [Server thread/INFO] [net.minecraft.server.MinecraftServer/]: Saving chunks for level 'ServerLevel[Demo World]'/atrox:spookydimension
[04Apr2025 11:05:40.059] [Server thread/INFO] [net.minecraft.server.network.ServerGamePacketListenerImpl/]: Dev lost connection: Disconnected
[04Apr2025 11:05:40.059] [Server thread/INFO] [net.minecraft.server.MinecraftServer/]: Dev left the game
[04Apr2025 11:05:40.091] [Server thread/INFO] [net.minecraft.server.network.ServerGamePacketListenerImpl/]: Stopping singleplayer server as player logged out
[04Apr2025 11:05:40.116] [Server thread/INFO] [net.minecraft.server.MinecraftServer/]: Stopping server
[04Apr2025 11:05:40.117] [Server thread/INFO] [net.minecraft.server.MinecraftServer/]: Saving players
[04Apr2025 11:05:40.117] [Server thread/INFO] [net.minecraft.server.MinecraftServer/]: Saving worlds
[04Apr2025 11:05:40.270] [Server thread/INFO] [net.minecraft.server.MinecraftServer/]: Saving chunks for level 'ServerLevel[Demo World]'/minecraft:overworld
[04Apr2025 11:05:41.632] [Server thread/INFO] [net.minecraft.server.MinecraftServer/]: Saving chunks for level 'ServerLevel[Demo World]'/minecraft:the_end
[04Apr2025 11:05:41.633] [Server thread/INFO] [net.minecraft.server.MinecraftServer/]: Saving chunks for level 'ServerLevel[Demo World]'/minecraft:the_nether
[04Apr2025 11:05:41.633] [Server thread/INFO] [net.minecraft.server.MinecraftServer/]: Saving chunks for level 'ServerLevel[Demo World]'/atrox:spookydimension
[04Apr2025 11:05:41.648] [Server thread/INFO] [net.minecraft.server.MinecraftServer/]: ThreadedAnvilChunkStorage (New World (11)): All chunks are saved
[04Apr2025 11:05:41.648] [Server thread/INFO] [net.minecraft.server.MinecraftServer/]: ThreadedAnvilChunkStorage (DIM1): All chunks are saved
[04Apr2025 11:05:41.648] [Server thread/INFO] [net.minecraft.server.MinecraftServer/]: ThreadedAnvilChunkStorage (DIM-1): All chunks are saved
[04Apr2025 11:05:41.648] [Server thread/INFO] [net.minecraft.server.MinecraftServer/]: ThreadedAnvilChunkStorage (spookydimension): All chunks are saved
[04Apr2025 11:05:41.648] [Server thread/INFO] [net.minecraft.server.MinecraftServer/]: ThreadedAnvilChunkStorage: All dimensions are saved
[04Apr2025 11:05:47.743] [Render thread/INFO] [net.minecraft.world.level.storage.LevelStorageSource/]: Deleting level New World (10)
[04Apr2025 11:05:47.743] [Render thread/INFO] [net.minecraft.world.level.storage.LevelStorageSource/]: Attempt 1...
[04Apr2025 11:05:49.765] [Render thread/INFO] [net.minecraft.world.level.storage.LevelStorageSource/]: Deleting level New World (8)
[04Apr2025 11:05:49.765] [Render thread/INFO] [net.minecraft.world.level.storage.LevelStorageSource/]: Attempt 1...
[04Apr2025 11:05:51.232] [Render thread/INFO] [net.minecraft.world.level.storage.LevelStorageSource/]: Deleting level New World (9)
[04Apr2025 11:05:51.232] [Render thread/INFO] [net.minecraft.world.level.storage.LevelStorageSource/]: Attempt 1...
[04Apr2025 11:05:52.876] [Render thread/INFO] [net.minecraft.world.level.storage.LevelStorageSource/]: Deleting level New World (7)
[04Apr2025 11:05:52.876] [Render thread/INFO] [net.minecraft.world.level.storage.LevelStorageSource/]: Attempt 1...
[04Apr2025 11:05:54.731] [Render thread/INFO] [net.minecraft.world.level.storage.LevelStorageSource/]: Deleting level New World (6)
[04Apr2025 11:05:54.731] [Render thread/INFO] [net.minecraft.world.level.storage.LevelStorageSource/]: Attempt 1...
[04Apr2025 11:05:56.210] [Render thread/INFO] [net.minecraft.world.level.storage.LevelStorageSource/]: Deleting level New World (5)
[04Apr2025 11:05:56.210] [Render thread/INFO] [net.minecraft.world.level.storage.LevelStorageSource/]: Attempt 1...
[04Apr2025 11:05:57.698] [Render thread/INFO] [net.minecraft.world.level.storage.LevelStorageSource/]: Deleting level New World
[04Apr2025 11:05:57.698] [Render thread/INFO] [net.minecraft.world.level.storage.LevelStorageSource/]: Attempt 1...
[04Apr2025 11:06:04.210] [Render thread/INFO] [net.minecraft.client.Minecraft/]: Stopping!
